icrf_name,ra_deg,dec_deg,dra_mas,ddec_mas,offset_mas,pa_deg,sig_a_mas,sig_d_mas,rho_icrf3,rho_gaia,x_mahalanobis,x_naive,jet_pa_deg,delpa_deg,axis_angle_deg,downstream_angle_deg
ICRF J000020.3-322101,0.08499990,-32.35034271,-6.3215,-0.4626,6.3384,265.82,0.1348,0.2809,-0.060,0.172,46.944,46.940,,,,
ICRF J000027.0+030715,0.11259381,3.12101288,-0.0845,0.4854,0.4927,350.13,0.9070,0.3639,-0.012,0.257,1.338,1.337,,,,
ICRF J000105.3-155107,0.27220306,-15.85196534,0.3051,-0.6224,0.6931,153.89,0.1937,0.2616,-0.211,-0.094,2.695,2.854,,,,
ICRF J000107.0+605122,0.27958256,60.85633280,-0.7613,-2.0954,2.2294,199.97,3.2921,2.5432,0.162,0.060,0.844,0.856,,,,
ICRF J000211.9-215309,0.54992261,-21.88607376,-1.4537,0.4995,1.5371,288.96,0.4242,0.5338,-0.343,-0.055,3.451,3.552,,,,
ICRF J000315.9-194150,0.81645585,-19.69733383,-1.0514,1.6669,1.9708,327.76,0.2752,0.3479,-0.196,-0.062,5.828,6.128,,,,
ICRF J000318.6-192722,0.82781262,-19.45620993,-0.8395,-0.1202,0.8481,261.85,0.3105,0.4776,-0.043,0.128,2.711,2.715,,,,
ICRF J000319.3+212944,0.83062502,21.49569675,5.6247,-2.4618,6.1398,113.64,2.1607,1.4554,-0.111,0.131,3.311,3.105,,,,
ICRF J000404.9-114858,1.02047917,-11.81621839,0.8125,0.0544,0.8144,86.17,0.2805,0.2298,-0.097,-0.091,2.936,2.906,,,,
ICRF J000416.1+461517,1.06719853,46.25499185,-0.3280,-0.3149,0.4547,226.16,0.5358,0.4929,0.015,-0.060,0.910,0.885,,,,
ICRF J000435.6-473619,1.14856452,-47.60544556,-0.0492,0.2057,0.2115,346.55,0.1925,0.2741,0.231,-0.152,0.772,0.793,,,,
ICRF J000435.7+201942,1.14899286,20.32842159,0.0646,-1.0799,1.0818,176.58,0.9785,0.9065,-0.081,0.332,1.284,1.193,,,,
ICRF J000504.3+542824,1.26818061,54.47359014,0.4155,0.1510,0.4421,70.03,0.1318,0.1474,-0.092,-0.179,3.473,3.316,,,,
ICRF J000517.9-164804,1.32472412,-16.80129960,-0.1860,0.6080,0.6358,342.99,0.1603,0.3179,-0.213,0.155,2.111,2.237,,,,
ICRF J000520.2+052410,1.33423129,5.40300100,0.0095,-0.7779,0.7779,179.30,0.1700,0.3165,-0.059,0.703,2.458,2.458,,,,
ICRF J000557.1+382015,1.48823078,38.33754138,5.8160,-4.9244,7.6207,130.26,0.1464,0.1411,-0.137,0.144,56.079,52.885,115.0,17.0,15.26,15.26
ICRF J000559.2+160949,1.49682407,16.16361711,-0.0308,0.0918,0.0969,341.45,0.1239,0.2069,-0.183,0.443,0.480,0.509,,,,
ICRF J000601.1-295550,1.50468062,-29.93058255,-0.3692,-0.7568,0.8420,206.01,0.3831,0.5998,0.391,-0.192,1.485,1.588,,,,
ICRF J000607.3+342220,1.53076068,34.37233495,-0.0974,0.0645,0.1168,303.54,0.1688,0.2534,0.030,0.063,0.640,0.631,,,,
ICRF J000613.8-062335,1.55788702,-6.39314871,-0.0060,0.1514,0.1515,357.72,0.0889,0.0774,-0.023,0.262,2.023,1.958,15.0,12.0,17.28,17.28
ICRF J000623.0+123553,1.59606708,12.59808280,-0.1941,-0.5190,0.5541,200.50,0.1176,0.1992,-0.080,0.296,3.148,3.084,,,,
ICRF J000648.7+242236,1.70328919,24.37677562,-0.2607,-0.2054,0.3319,231.76,0.1751,0.2043,-0.069,0.626,1.572,1.797,,,,
ICRF J000748.4+570610,1.95195260,57.10289976,-3.0311,-2.2198,3.7570,233.78,1.8910,1.3581,-0.149,-0.148,2.480,2.289,,,,
ICRF J000800.3-233918,2.00154006,-23.65504172,1.5460,-2.5430,2.9761,148.70,0.1276,0.2439,-0.309,-0.044,14.163,15.981,,,,
ICRF J000903.9+062821,2.26638268,6.47256673,2.2575,1.5958,2.7646,54.74,0.1852,0.2233,0.074,0.493,12.962,14.131,63.0,4.0,8.26,8.26
ICRF J000904.1+400146,2.26738998,40.02964041,-0.1813,0.3347,0.3806,331.56,0.2662,0.2573,-0.022,0.078,1.497,1.468,,,,
ICRF J000935.5-321636,2.39815731,-32.27692483,0.4478,-2.2382,2.2825,168.69,0.3520,0.4708,-0.586,-0.103,4.762,4.921,,,,
ICRF J000943.0+772442,2.42954997,77.41166790,0.4743,0.2314,0.5277,63.99,0.3829,0.4111,0.047,-0.060,1.364,1.361,,,,
ICRF J000948.2+760318,2.45097576,76.05504567,0.4057,0.1485,0.4320,69.89,0.5514,0.4034,0.486,-0.049,0.736,0.823,,,,
ICRF J000958.6+015755,2.49440678,1.96531926,0.4353,0.1204,0.4516,74.54,1.4681,1.8327,-0.008,0.595,0.302,0.304,,,,
ICRF J001000.3-043348,2.50161948,-4.56347405,-0.5112,0.1648,0.5371,287.87,0.3407,0.3573,0.197,0.210,1.679,1.570,,,,
ICRF J001028.7+204749,2.61976268,20.79716345,0.8150,-0.0751,0.8184,95.26,0.3103,0.3404,-0.189,0.377,2.718,2.636,,,,
ICRF J001030.0+441242,2.62519359,44.21180685,0.0699,0.1120,0.1320,31.95,0.1570,0.2056,-0.007,-0.086,0.711,0.703,,,,
ICRF J001031.0+105829,2.62919127,10.97486231,0.2515,0.1895,0.3149,53.00,0.0573,0.0524,-0.092,0.344,5.339,5.689,292.0,32.0,59.00,121.00
ICRF J001033.9+172418,2.64162760,17.40521147,0.9159,-0.1406,0.9266,98.73,0.0875,0.0898,-0.091,0.408,10.883,10.588,,,,
ICRF J001034.9-305415,2.64545716,-30.90425005,-0.1113,0.9176,0.9244,353.08,0.3664,0.6519,-0.084,0.025,1.428,1.440,,,,
ICRF J001035.7-302747,2.64892587,-30.46317192,-0.5853,0.4388,0.7315,306.86,0.3114,0.3738,0.162,-0.145,2.169,2.216,,,,
ICRF J001045.1-294513,2.68823901,-29.75366053,-0.0435,-2.8384,2.8387,180.88,0.2349,0.6282,-0.056,0.080,4.529,4.522,,,,
ICRF J001053.6-215704,2.72354161,-21.95117230,-2.0165,2.5734,3.2693,321.92,0.3848,0.5057,-0.010,0.091,7.620,7.305,,,,
ICRF J001101.2-261233,2.75519474,-26.20927143,0.2509,0.1411,0.2878,60.65,0.2057,0.1789,-0.178,0.002,1.455,1.452,,,,
ICRF J001130.4+005751,2.87668002,0.96441028,0.6224,0.3128,0.6966,63.32,0.3517,0.4017,0.019,0.687,1.795,1.933,,,,
ICRF J001131.9+704531,2.88292843,70.75878496,-0.6119,-0.3536,0.7067,239.98,1.4741,1.3379,0.238,-0.006,0.493,0.492,,,,
ICRF J001135.2+082355,2.89695671,8.39877393,-0.4707,-0.4213,0.6317,228.17,0.2746,0.2278,-0.183,0.636,2.063,2.522,,,,
ICRF J001140.4-143404,2.91856604,-14.56795411,-0.8281,0.9162,1.2350,317.89,0.5873,0.8093,-0.002,0.204,2.003,1.808,,,,
ICRF J001229.3+470434,3.12209538,47.07631603,-0.6747,0.6159,0.9135,312.39,0.6237,0.4314,-0.110,-0.078,1.727,1.791,,,,
ICRF J001247.3+335338,3.19742572,33.89401987,-0.2885,0.1475,0.3240,297.08,0.4997,0.5892,-0.159,0.427,0.755,0.629,,,,
ICRF J001259.9-395426,3.24962424,-39.90723763,0.0298,0.1860,0.1883,9.10,0.1763,0.3367,0.417,-0.262,0.555,0.578,,,,
ICRF J001316.4+463608,3.31870353,46.60240841,0.1285,0.0020,0.1285,89.13,0.1836,0.1693,-0.126,-0.189,0.709,0.700,,,,
ICRF J001320.7-151347,3.33625749,-15.22994027,0.6469,-0.0394,0.6481,93.49,0.3056,0.3272,0.071,0.196,2.152,2.120,,,,
ICRF J001331.1+405137,3.37970916,40.86031782,-0.5077,1.0291,1.1475,333.74,0.2103,0.1485,-0.136,0.015,7.356,7.337,328.0,4.0,5.74,5.74
ICRF J001354.1-042352,3.47554567,-4.39785971,-0.0469,-0.2073,0.2125,192.75,0.5805,0.4787,-0.249,0.451,0.443,0.440,,,,
ICRF J001356.3+191041,3.48490052,19.17830992,-0.1848,-0.5593,0.5891,198.28,0.1639,0.2571,-0.053,0.634,2.304,2.450,219.0,3.0,20.72,20.72
ICRF J001502.4-181250,3.76038343,-18.21413422,0.0626,0.0305,0.0696,64.02,0.2395,0.2554,-0.007,0.117,0.280,0.287,,,,
ICRF J001506.1+321613,3.77561426,32.27036370,0.5922,-1.1336,1.2790,152.42,0.3692,0.4355,0.108,0.353,3.644,3.058,,,,
ICRF J001605.7-234352,4.02391109,-23.73116656,-26.0275,-7.9822,27.2241,252.95,6.2235,4.6298,-0.407,0.006,4.518,4.524,,,,
ICRF J001611.0-001512,4.04620229,-0.25345706,-0.1034,0.9024,0.9083,353.46,0.3435,0.2836,-0.103,0.387,3.563,3.197,,,,
ICRF J001708.4+813508,4.28531207,81.58559347,0.0783,0.2719,0.2829,16.07,0.0462,0.0462,-0.024,-0.017,6.159,6.125,184.0,22.0,12.07,167.93
ICRF J001735.8-051241,4.39923832,-5.21160228,-0.0474,-0.1596,0.1665,196.56,0.1846,0.1526,0.150,0.299,1.048,1.077,242.0,16.0,45.44,45.44
ICRF J001736.9+145101,4.40376599,14.85052214,-0.4267,-0.6346,0.7647,213.92,0.3108,0.5000,0.123,0.442,1.737,1.870,,,,
ICRF J001751.7+531219,4.46566598,53.20531154,0.6628,-0.3691,0.7586,119.11,0.1481,0.1646,-0.310,-0.437,4.526,5.007,,,,
ICRF J001759.0-274821,4.49585828,-27.80599281,2.3971,1.2380,2.6979,62.69,0.2982,0.4345,-0.015,-0.171,8.700,8.529,,,,
ICRF J001922.8-220527,4.84511711,-22.09109377,0.4725,0.1908,0.5096,68.01,1.2451,0.8149,-0.433,0.154,0.422,0.446,,,,
ICRF J001937.7+295601,4.90745977,29.93386723,-11.4307,-1.9902,11.6027,260.12,1.3308,0.9857,-0.380,0.444,8.607,8.823,,,,
ICRF J001937.8+202145,4.90772705,20.36267906,-0.1362,0.1627,0.2122,320.06,0.2158,0.1563,0.029,0.516,1.691,1.217,,,,
ICRF J001939.7+260252,4.91575246,26.04785479,-0.0400,-0.1880,0.1922,192.03,0.0814,0.1187,-0.118,0.373,1.694,1.659,,,,
ICRF J001942.6-303119,4.92781372,-30.52204140,-0.2143,0.5668,0.6060,339.29,0.2991,0.3674,-0.132,0.168,1.779,1.701,,,,
ICRF J001945.7+732730,4.94077655,73.45833822,-0.1988,0.0701,0.2108,289.43,0.1136,0.1021,-0.041,-0.071,1.840,1.880,126.0,43.0,16.57,163.43
ICRF J002206.6+452533,5.52754723,45.42607230,-1.2936,-0.5662,1.4121,246.36,0.3850,0.2961,-0.120,-0.270,4.397,3.866,,,,
ICRF J002232.4+060804,5.63517171,6.13451914,0.4220,-0.2508,0.4909,120.72,0.1892,0.1246,-0.054,0.303,3.548,3.003,285.0,14.0,15.72,164.28
ICRF J002335.4+445635,5.89767697,44.94326617,-0.2458,0.1030,0.2665,292.73,0.4913,0.2629,-0.062,-0.500,0.537,0.636,,,,
ICRF J002400.6-081110,6.00280313,-8.18612485,0.0245,0.3010,0.3020,4.65,0.6867,0.5966,0.355,0.312,0.518,0.506,,,,
ICRF J002421.5+464406,6.08974016,46.73506380,0.2496,-0.0353,0.2520,98.06,0.1894,0.1938,0.082,-0.277,1.318,1.330,,,,
ICRF J002445.9-041201,6.19159668,-4.20043029,1.0762,0.4307,1.1592,68.19,0.6355,0.4414,0.022,0.244,1.809,1.955,,,,
ICRF J002524.2-222747,6.35103086,-22.46322123,0.0179,0.0991,0.1007,10.22,0.2870,0.3328,0.112,0.162,0.299,0.304,,,,
ICRF J002526.1+391935,6.35899042,39.32651080,-0.6759,0.5482,0.8703,309.04,0.2268,0.2061,-0.199,0.081,3.935,3.995,,,,
ICRF J002549.1-260212,6.45481791,-26.03683725,127.4115,-274.8241,302.9224,155.13,5.2410,6.0479,0.368,0.043,52.553,51.536,,,,
ICRF J002616.3-351248,6.56827959,-35.21355345,-0.1394,-0.0148,0.1402,263.94,0.3967,0.5010,-0.109,-0.112,0.358,0.353,,,,
ICRF J002641.7+350842,6.67385350,35.14507525,-5.4953,6.2515,8.3234,318.68,1.1691,1.2091,-0.336,0.265,6.511,6.988,,,,
ICRF J002651.4-111252,6.71434637,-11.21456266,2.2573,0.1610,2.2630,85.92,0.4391,0.7895,-0.061,0.351,5.151,5.144,,,,
ICRF J002705.7+092957,6.77414034,9.49937879,-0.8360,-0.1911,0.8576,257.13,0.2615,0.2721,0.060,0.380,3.197,3.273,,,,
ICRF J002715.3+224158,6.81404804,22.69946341,-0.2973,-0.0828,0.3086,254.44,0.1371,0.1677,-0.070,0.388,2.241,2.224,,,,
ICRF J002742.2+451457,6.92609480,45.24918769,0.1138,0.1249,0.1689,42.33,0.3064,0.3894,-0.363,-0.439,0.612,0.491,,,,
ICRF J002829.8+200026,7.12424367,20.00742889,-0.0785,-0.4844,0.4907,189.21,0.4867,0.3733,-0.035,0.573,1.473,1.307,,,,
ICRF J002900.9-011341,7.25410844,-1.22826659,7.5136,4.2441,8.6294,60.54,0.4410,0.4041,0.190,0.490,17.662,20.016,,,,
ICRF J002903.5+050934,7.26496753,5.15968534,0.6030,-0.8896,1.0747,145.87,0.2278,0.3236,-0.125,0.343,3.780,3.816,,,,
ICRF J002945.8+055440,7.44123466,5.91130889,0.2702,0.3366,0.4316,38.76,0.2596,0.2305,-0.081,0.469,1.602,1.793,186.0,1.0,32.76,147.24
ICRF J003014.4+703740,7.56005395,70.62779471,-2.4976,1.7940,3.0751,305.69,1.4002,0.9906,0.102,-0.377,2.168,2.542,,,,
ICRF J003017.4-422446,7.57288599,-42.41291186,-0.3228,0.5572,0.6440,329.91,0.1667,0.4151,-0.230,-0.098,2.163,2.356,,,,
ICRF J003031.8-021156,7.63259893,-2.19892588,0.0976,0.0826,0.1278,49.78,0.1796,0.2196,-0.004,0.263,0.620,0.661,,,,
ICRF J003124.3-392249,7.85138113,-39.38038027,-1.2340,1.8075,2.1886,325.68,1.6805,3.4327,-0.382,-0.268,0.809,0.904,,,,
ICRF J003238.3+195353,8.15974332,19.89827071,-97.5333,67.0811,118.3749,304.52,14.3112,4.8557,0.082,0.528,20.687,15.405,,,,
ICRF J003443.4+275425,8.68119203,27.90714461,1.6291,-0.4317,1.6853,104.84,0.1657,0.1868,-0.102,0.132,10.113,10.101,,,,
ICRF J003443.9-005413,8.68300825,-0.90362085,-0.2340,0.0967,0.2532,292.46,0.2940,0.3678,0.256,0.534,0.973,0.838,,,,
ICRF J003525.3+613030,8.85546074,61.50854478,0.1836,0.3107,0.3609,30.58,0.5030,0.3385,0.014,-0.220,1.073,0.988,,,,
ICRF J003544.0+143801,8.93369956,14.63388126,-0.3382,-1.2158,1.2620,195.55,0.2432,0.2376,0.078,0.434,5.117,5.302,,,,
ICRF J003546.2-083554,8.94270995,-8.59834516,0.9749,0.0504,0.9762,87.04,1.8618,1.3692,-0.188,0.364,0.547,0.525,,,,
ICRF J003714.8-214524,9.31177454,-21.75686491,-0.7203,0.4689,0.8595,303.06,0.3255,0.4334,-0.461,0.109,2.309,2.464,,,,
ICRF J003726.0+110950,9.35850594,11.16414473,-2.3867,0.9277,2.5606,291.24,2.6504,1.3629,-0.069,0.133,1.208,1.129,,,,
ICRF J003736.7+393811,9.40302395,39.63660961,0.1062,0.3004,0.3186,19.46,0.2541,0.3442,-0.314,0.054,1.118,0.968,,,,
ICRF J003746.1+365910,9.44226253,36.98635642,9.9085,10.9761,14.7869,42.07,0.4954,0.4496,0.270,0.090,29.772,31.560,,,,
ICRF J003758.2+240711,9.49291566,24.11996356,1.6970,-6.1301,6.3607,164.53,0.3956,0.7027,-0.622,0.462,8.760,9.721,,,,
ICRF J003814.7-245902,9.56139792,-24.98395425,-0.2958,-0.0211,0.2965,265.92,0.1998,0.1107,-0.036,0.200,1.482,1.492,,,,
ICRF J003818.0+122731,9.57506912,12.45868001,-0.3136,0.1198,0.3357,290.91,0.1625,0.2130,0.053,0.482,2.107,2.010,,,,
ICRF J003820.5-020740,9.58553893,-2.12792972,2.1192,-1.1685,2.4200,118.87,0.3984,0.3350,-0.223,0.549,8.065,6.361,,,,
ICRF J003820.7-032958,9.58664313,-3.49971174,0.0782,0.4900,0.4962,9.07,0.1463,0.2765,-0.240,0.453,1.937,1.851,,,,
ICRF J003824.8+413706,9.60351494,41.61833341,2.4320,-0.7586,2.5476,107.32,0.7633,0.4941,-0.001,-0.195,3.320,3.537,93.0,7.0,14.32,14.32
ICRF J003828.4+503525,9.61839001,50.59050948,-0.0943,0.0695,0.1172,306.39,0.1835,0.1959,0.049,-0.389,0.608,0.625,,,,
ICRF J003939.6+141157,9.91508166,14.19932131,-1.8271,-0.6932,1.9541,249.22,1.8766,1.0911,-0.200,0.539,0.984,1.163,,,,
ICRF J003946.9+490033,9.94582858,49.00921524,-0.6702,0.2530,0.7163,290.69,0.4214,0.3221,0.115,-0.485,1.597,1.774,,,,
ICRF J004013.5+012546,10.05635604,1.42954149,-3.0257,-0.7933,3.1280,255.31,0.4312,0.3096,0.014,0.499,7.021,7.470,,,,
ICRF J004018.3+094241,10.07626792,9.71160665,-8.6470,-10.0587,13.2646,220.68,1.4054,3.5751,-0.674,0.390,10.968,6.765,,,,
ICRF J004057.6-014632,10.24004824,-1.77556287,-0.0041,0.5422,0.5422,359.57,0.1368,0.1707,0.024,0.558,3.237,3.177,,,,
ICRF J004115.9+321107,10.31639168,32.18543519,-1.5540,-3.1159,3.4819,206.51,0.8097,0.9340,0.040,0.525,3.346,3.849,,,,
ICRF J004126.0-014315,10.35837020,-1.72102264,0.1358,-0.2778,0.3092,153.95,0.3344,0.8139,-0.369,0.466,0.457,0.530,,,,
ICRF J004204.5+232001,10.51893819,23.33362832,0.1152,1.0543,1.0605,6.24,0.5849,0.3689,-0.094,0.147,2.866,2.865,,,,
ICRF J004219.4+570836,10.58104871,57.14349612,-0.1371,0.0398,0.1428,286.18,0.1572,0.1756,0.002,-0.121,0.889,0.901,,,,
ICRF J004426.6-842239,11.11120513,-84.37777431,-0.5488,-0.0858,0.5554,261.11,0.2882,0.2394,0.284,0.045,1.915,1.938,,,,
ICRF J004512.0-370548,11.30027534,-37.09679658,-0.2679,0.5959,0.6534,335.80,0.1341,0.3262,-0.215,0.086,2.511,2.707,,,,
ICRF J004607.8+245632,11.53260727,24.94236788,0.2228,0.1695,0.2800,52.73,0.1337,0.1343,-0.076,0.052,2.104,2.091,,,,
ICRF J004613.7-263154,11.55740061,-26.53179244,-0.3703,-0.5333,0.6493,214.77,0.5694,0.6013,-0.145,0.122,1.068,1.100,,,,
ICRF J004647.5+390047,11.69824273,39.01309669,-2.6832,2.3655,3.5771,311.40,1.8668,1.9447,-0.081,-0.244,1.693,1.883,,,,
ICRF J004700.4+565742,11.75178677,56.96177626,0.2853,0.2517,0.3804,48.58,0.2205,0.2326,-0.006,-0.342,1.921,1.687,19.0,11.0,29.58,29.58
ICRF J004705.9+031954,11.77466132,3.33188490,0.1074,-0.0340,0.1126,107.56,0.1158,0.2397,-0.368,0.491,0.944,0.938,,,,
ICRF J004743.8+243515,11.93279734,24.58777599,-7.1170,4.4247,8.3803,301.87,3.4837,2.2537,-0.255,0.207,3.180,2.833,,,,
ICRF J004847.1+315725,12.19642283,31.95696794,10.1087,-40.6618,41.8995,166.04,1.0018,0.6325,-0.155,-0.117,64.338,65.074,,,,
ICRF J004858.7+064006,12.24467957,6.66846470,1.4968,2.4375,2.8603,31.55,0.3774,0.3322,-0.074,0.465,7.773,8.341,,,,
ICRF J004922.9-311627,12.34542028,-31.27425684,-0.0242,0.7027,0.7032,358.03,0.2259,0.5133,-0.624,0.082,1.604,1.373,,,,
ICRF J004937.9+512813,12.40829673,51.47047009,-0.3550,-0.2595,0.4397,233.83,0.3554,0.3041,-0.047,-0.486,1.786,1.314,,,,
ICRF J004943.2+023703,12.43014975,2.61771628,0.0561,-0.1235,0.1357,155.56,0.1457,0.1120,-0.141,0.429,1.255,1.168,,,,
ICRF J004959.4-573827,12.49780433,-57.64092776,-0.0949,0.1508,0.1782,327.82,0.1104,0.1320,0.212,-0.190,1.495,1.430,,,,
ICRF J005021.5-045220,12.58972828,-4.87238752,-0.1806,0.0181,0.1815,275.74,0.1560,0.2177,0.076,0.456,1.197,1.160,,,,
ICRF J005041.3-092905,12.67215576,-9.48478065,-0.0869,0.0652,0.1086,306.87,0.0464,0.0386,-0.050,0.506,2.811,2.522,354.0,137.0,47.13,47.13
ICRF J005108.2-065002,12.78420759,-6.83395257,-0.4600,0.0232,0.4605,272.88,0.2566,0.2237,-0.215,0.493,1.924,1.796,330.0,3.0,57.12,57.12
ICRF J005109.5-422633,12.78959092,-42.44258149,0.1743,-0.0794,0.1915,114.49,0.1063,0.1014,-0.037,-0.373,1.670,1.817,,,,
ICRF J005136.4+445935,12.90197398,44.99332181,0.4316,0.1206,0.4481,74.39,0.2560,0.2264,0.025,-0.194,1.839,1.768,,,,
ICRF J005205.5+003538,13.02320419,0.59393022,0.1626,0.2882,0.3309,29.44,0.2165,0.3342,-0.383,0.480,1.436,1.144,,,,
ICRF J005227.8+440254,13.11594110,44.04847673,0.8916,0.5428,1.0438,58.67,0.1533,0.1506,-0.023,-0.162,7.089,6.841,,,,
ICRF J005232.8+862744,13.13690264,86.46229228,-0.6948,-0.2141,0.7270,252.87,0.3084,0.3053,-0.171,0.052,2.340,2.359,,,,
ICRF J005252.5-282554,13.21898499,-28.43171807,-2.9155,2.3594,3.7506,308.98,0.1984,0.3876,-0.233,0.217,15.288,15.904,,,,
ICRF J005344.3+292507,13.43468124,29.41863885,-0.3419,0.2143,0.4035,302.08,0.1179,0.1684,-0.183,0.288,3.074,3.167,,,,
ICRF J005417.6+705356,13.57368767,70.89906063,-0.3581,-0.2220,0.4213,238.21,0.5747,0.5692,0.119,0.115,0.701,0.735,,,,
ICRF J005655.2+162513,14.23039304,16.42037248,0.0447,0.0181,0.0483,68.03,0.5728,0.3381,-0.016,0.013,0.094,0.095,,,,
ICRF J005717.0-002433,14.32084254,-0.40921596,0.2701,0.2227,0.3501,50.49,0.2586,0.2699,-0.186,0.357,1.234,1.331,,,,
ICRF J005734.9-012327,14.39543526,-1.39098527,-45.5412,-30.4866,54.8035,236.20,30.7094,13.7411,-0.769,0.868,2.297,2.669,,,,
ICRF J005748.8+302108,14.45368060,30.35244776,-314.4297,30.1069,315.8678,275.47,17.6288,12.0651,-0.384,0.213,18.964,18.010,311.0,9.0,35.53,35.53
ICRF J005802.2-323420,14.50929297,-32.57243069,-0.0772,0.6278,0.6325,352.99,0.1641,0.3802,-0.364,0.062,1.654,1.717,,,,
ICRF J005805.0-053952,14.52110962,-5.66452170,0.0204,0.0174,0.0269,49.50,0.1437,0.1010,-0.061,0.504,0.190,0.224,,,,
ICRF J005815.6-334757,14.56517420,-33.79930393,0.1371,0.0284,0.1400,78.28,0.3487,0.4859,-0.354,-0.019,0.410,0.398,,,,
ICRF J005832.0+331117,14.63362090,33.18811512,-7.2364,-2.1566,7.5509,253.40,69.0126,13.8238,0.040,0.911,0.180,0.188,,,,
ICRF J005833.8+062006,14.64085239,6.33502039,-0.3575,-0.0797,0.3663,257.43,0.5344,0.3395,0.006,0.132,0.688,0.709,,,,
ICRF J005846.5-565911,14.69408810,-56.98651955,0.3308,-0.1896,0.3812,119.82,0.1272,0.2213,-0.081,-0.088,2.681,2.738,,,,
ICRF J005905.5+000651,14.77297887,0.11433908,-0.1541,0.7532,0.7688,348.44,0.1282,0.1508,-0.249,0.331,5.052,5.137,,,,
ICRF J005952.2+581223,14.96753742,58.20657862,0.2147,-0.1083,0.2405,116.77,0.1748,0.1925,0.224,-0.284,1.331,1.351,,,,
ICRF J010009.3-333731,15.03912903,-33.62553829,-233.8529,-183.4799,297.2407,231.88,0.5492,0.4590,-0.295,-0.282,658.251,584.048,,,,
ICRF J010038.2+334506,15.15954467,33.75170041,-0.4463,0.5761,0.7287,322.23,0.3792,0.3965,0.074,0.166,2.021,1.870,,,,
ICRF J010051.6+680820,15.21526621,68.13903640,8.1481,3.9094,9.0374,64.37,5.7082,5.2148,-0.070,-0.047,1.645,1.612,,,,
ICRF J010114.6+060544,15.31112562,6.09569563,0.7903,0.8829,1.1849,41.83,1.3814,0.8667,-0.214,0.247,1.095,1.168,,,,
ICRF J010116.9+500444,15.32082327,50.07916375,-1.0464,0.3514,1.1038,288.57,0.5828,0.5432,-0.218,-0.090,1.816,1.909,,,,
ICRF J010157.7+163940,15.49049806,16.66137598,0.5770,-1.2658,1.3911,155.49,0.9474,1.0234,-0.175,0.535,1.804,1.379,,,,
ICRF J010218.6-754651,15.57775081,-75.78103630,-0.2855,0.0724,0.2945,284.23,0.2857,0.3302,0.371,0.056,1.169,1.023,,,,
ICRF J010245.7+582411,15.69067656,58.40309350,-0.0870,-0.0915,0.1262,223.55,0.0560,0.0544,-0.027,-0.223,2.503,2.289,177.0,118.0,46.55,46.55
ICRF J010256.3-264636,15.73480796,-26.77681011,-0.1338,-0.3295,0.3556,202.11,0.2788,0.5765,-0.463,0.094,1.004,0.746,,,,
ICRF J010458.2-241628,16.24252241,-24.27456838,0.0643,0.5994,0.6028,6.12,0.1885,0.2355,-0.196,0.216,2.550,2.568,,,,
ICRF J010559.1+060059,16.49654189,6.01647672,0.3338,0.8305,0.8951,21.90,0.2217,0.2955,-0.373,0.600,3.086,3.188,,,,
ICRF J010622.9-015538,16.59580944,-1.92733764,-0.9291,-0.1533,0.9416,260.63,0.2931,0.2867,0.005,0.411,3.175,3.215,,,,
ICRF J010626.0-271811,16.60867519,-27.30328484,0.6384,0.0488,0.6403,85.63,0.1246,0.1690,-0.016,0.111,5.123,5.131,,,,
ICRF J010643.2-031536,16.68011957,-3.26008194,0.4008,0.4121,0.5749,44.20,0.1113,0.1592,-0.079,0.389,4.283,4.435,,,,
ICRF J010645.1-403419,16.68794985,-40.57221121,-0.0159,-0.3468,0.3472,182.63,0.1680,0.2320,-0.008,-0.213,1.551,1.498,,,,
ICRF J010745.9+131205,16.94150778,13.20144216,-0.1058,-0.9016,0.9078,186.69,0.3144,0.3053,-0.307,0.360,2.968,2.972,,,,
ICRF J010747.8+261108,16.94952620,26.18574192,-7.9753,-23.0539,24.3944,199.08,8.1125,17.2515,-0.504,0.938,1.535,1.659,,,,
ICRF J010826.8-003724,17.11184401,-0.62337921,-0.1751,-0.0035,0.1751,268.85,0.1385,0.2026,0.077,0.353,1.273,1.264,,,,
ICRF J010838.7+013500,17.16154627,1.58342144,-0.1193,-0.1029,0.1576,229.21,0.0940,0.0758,0.026,0.329,1.640,1.859,219.0,56.0,10.21,10.21
ICRF J010927.8+314956,17.36619656,31.83223575,-0.0747,0.4739,0.4797,351.04,0.1268,0.1860,0.069,0.182,2.680,2.615,,,,
ICRF J010946.3+613330,17.44310161,61.55845987,0.6105,0.0404,0.6118,86.21,1.5665,0.8773,-0.121,-0.025,0.394,0.392,66.0,6.0,20.21,20.21
ICRF J011012.8+680541,17.55363946,68.09478249,-8.5158,5.0438,9.8974,300.64,0.1459,0.1290,-0.134,-0.151,66.233,70.242,306.0,3.0,5.36,5.36
ICRF J011013.1-021952,17.55483532,-2.33134345,0.4337,-1.9214,1.9698,167.28,0.3601,0.9098,-0.577,0.321,2.112,2.431,,,,
ICRF J011030.9-041531,17.62876162,-4.25861872,-0.3735,-0.0259,0.3744,266.03,0.1471,0.2432,0.102,0.446,2.564,2.542,,,,
ICRF J011033.0+071442,17.63757961,7.24506715,-0.1919,-0.8341,0.8559,192.96,0.6791,0.5401,0.089,0.474,1.554,1.570,,,,
ICRF J011035.5-164827,17.64796426,-16.80769541,-0.6029,1.1163,1.2687,331.63,0.2763,0.5531,0.098,0.387,3.134,2.972,,,,
ICRF J011050.0-074141,17.70842080,-7.69475392,-0.3639,-0.0452,0.3667,262.92,0.2346,0.2356,0.031,0.412,1.575,1.563,,,,
ICRF J011104.7-142232,17.76967527,-14.37580583,7.9547,-13.4356,15.6139,149.37,5.1254,6.8365,-0.342,0.527,2.422,2.504,,,,
ICRF J011156.8-131701,17.98690809,-13.28366577,-1.0384,-1.2531,1.6274,219.65,0.5536,0.5811,-0.206,0.633,2.299,2.858,,,,
ICRF J011205.8+224438,18.02426965,22.74410732,-0.0012,-0.0743,0.0743,180.93,0.0417,0.0453,-0.070,0.281,1.640,1.640,89.0,16.0,88.07,91.93
ICRF J011210.1+202021,18.04246166,20.33937880,0.3882,0.1792,0.4275,65.22,0.1165,0.1567,-0.012,0.158,3.491,3.522,,,,
ICRF J011212.9+352219,18.05393502,35.37203789,-0.6752,0.0489,0.6769,274.14,0.1785,0.1694,0.015,-0.056,3.785,3.793,206.0,5.0,68.14,68.14
ICRF J011217.0+025738,18.07102166,2.96056045,-1.3472,3.6760,3.9151,339.87,0.9095,1.6663,-0.615,0.498,2.344,2.657,,,,
ICRF J011218.9-663445,18.07880382,-66.57921887,-0.1617,-0.1692,0.2340,223.71,0.1680,0.2608,0.447,0.036,1.004,1.161,,,,
ICRF J011250.3+320817,18.20972104,32.13817571,-0.6938,0.2011,0.7223,286.16,0.1352,0.1562,0.035,0.373,5.615,5.289,299.0,16.0,12.84,12.84
ICRF J011315.8-355148,18.31606819,-35.86343525,0.0776,0.1650,0.1824,25.19,0.1481,0.2282,-0.106,-0.047,0.931,0.893,,,,
ICRF J011327.0+494824,18.36252835,49.80667867,-0.2414,0.4067,0.4729,329.31,0.0631,0.0919,-0.152,-0.039,5.666,5.851,,,,
ICRF J011343.1+022217,18.42977062,2.37147674,1.7245,-2.5682,3.0934,146.12,0.2185,0.1528,-0.252,0.455,23.456,18.570,123.0,16.0,23.12,23.12
ICRF J011354.5+132452,18.47712635,13.41457741,0.3390,-0.2283,0.4087,123.96,0.2461,0.3132,-0.141,0.227,1.561,1.559,,,,
ICRF J011452.7+132537,18.71990362,13.42709175,-0.1389,-0.2810,0.3135,206.30,0.9366,0.4649,0.052,0.215,0.616,0.622,,,,
ICRF J011457.3-241944,18.73886031,-24.32907704,0.3900,0.1779,0.4286,65.48,0.1457,0.2702,-0.112,0.236,2.805,2.757,,,,
ICRF J011511.0+132446,18.79611311,13.41289494,0.1560,-1.0201,1.0319,171.31,1.1260,0.9576,0.026,0.107,1.078,1.074,,,,
ICRF J011517.0-012704,18.82124980,-1.45127146,-0.5932,0.1452,0.6107,283.75,0.1218,0.1215,-0.363,0.424,5.286,5.017,114.0,5.0,10.25,169.75
ICRF J011523.8-280455,18.84951500,-28.08200671,0.1768,-0.5108,0.5405,160.90,0.2020,0.2509,-0.133,-0.006,2.157,2.216,,,,
ICRF J011546.5-304919,18.94377291,-30.82205575,-0.0447,0.1852,0.1905,346.44,0.1912,0.2259,-0.090,0.108,0.859,0.853,,,,
ICRF J011612.5-113615,19.05217506,-11.60428735,-0.0308,-0.1601,0.1630,190.91,0.1180,0.1106,-0.187,0.427,1.447,1.470,323.0,13.0,47.91,132.09
ICRF J011748.7-211106,19.45325055,-21.18517589,-0.2820,0.2829,0.3994,315.09,0.4257,0.2756,-0.018,0.119,1.294,1.222,,,,
ICRF J011818.4+025805,19.57700727,2.96827474,0.1516,-0.0559,0.1616,110.25,0.1612,0.2763,-0.416,0.524,0.943,0.962,,,,
ICRF J011857.2-214130,19.73859241,-21.69170563,0.0434,-0.0504,0.0666,139.26,0.0757,0.0616,-0.027,0.141,1.046,1.000,309.0,23.0,10.26,169.74
ICRF J011901.2+082954,19.75530948,8.49852888,-6.6635,1.1114,6.7556,279.47,3.8030,4.3116,-0.301,0.488,2.162,1.771,,,,
ICRF J011935.0+321050,19.89583698,32.18057277,-244.1203,57.5149,250.8041,283.26,6.2994,5.2273,-0.109,0.266,44.527,40.284,,,,
ICRF J011943.6-165408,19.93185795,-16.90249247,-0.5576,-0.4854,0.7393,228.96,0.3096,0.4796,0.306,0.563,1.840,2.066,,,,
ICRF J012031.6-270124,20.13193068,-27.02351460,-3.5315,6.8843,7.7373,332.84,0.1285,0.1813,-0.299,-0.021,41.853,46.877,320.0,9.0,12.84,12.84
ICRF J012100.7-280622,20.25309161,-28.10616062,-0.0492,-0.3020,0.3060,189.26,0.2064,0.3326,-0.259,0.210,0.966,0.939,,,,
ICRF J012128.9+112700,20.37082989,11.45013980,1.3594,-0.4556,1.4337,108.53,0.1378,0.1991,-0.067,0.295,10.160,10.128,,,,
ICRF J012141.5+114950,20.42331267,11.83067034,2.2451,6.6827,7.0498,18.57,0.3680,0.2288,-0.019,0.498,30.708,29.841,17.0,20.0,1.57,1.57
ICRF J012156.8+042224,20.48692372,4.37353730,0.4453,0.1748,0.4784,68.57,0.4059,0.3393,-0.072,0.641,1.123,1.212,97.0,53.0,28.43,28.43
ICRF J012217.4-005615,20.57279148,-0.93769355,0.3837,0.1857,0.4263,64.17,0.6051,0.4680,-0.048,0.348,0.669,0.748,,,,
ICRF J012227.8-042127,20.61618886,-4.35754896,-0.7109,-0.5279,0.8855,233.40,0.1375,0.2584,-0.017,0.348,5.546,5.560,,,,
ICRF J012238.8+250231,20.66173327,25.04216465,0.0242,0.2839,0.2850,4.87,0.2493,0.1990,0.047,0.075,1.427,1.430,,,,
ICRF J012245.4+295412,20.68929183,29.90351192,-0.1592,0.4131,0.4427,338.93,0.2957,0.2770,0.003,0.062,1.614,1.586,,,,
ICRF J012245.7+140303,20.69064674,14.05092502,-0.0351,-0.4852,0.4864,184.14,0.6688,0.4180,0.034,0.296,1.161,1.162,,,,
ICRF J012302.2+304406,20.75950602,30.73525492,-0.1128,-0.2552,0.2790,203.84,0.3796,0.3711,0.114,0.212,0.708,0.749,,,,
ICRF J012343.0+261522,20.92935493,26.25622966,-0.1429,-0.3358,0.3649,203.05,0.2808,0.2637,-0.119,0.104,1.352,1.371,,,,
ICRF J012346.3-092303,20.94326934,-9.38426007,-0.4349,0.6424,0.7758,325.90,5.2167,5.2643,0.043,0.437,0.195,0.148,,,,
ICRF J012421.4-341621,21.08941389,-34.27262617,-0.2192,0.0045,0.2192,271.19,0.1551,0.3286,-0.101,-0.094,1.418,1.413,,,,
ICRF J012425.8+561851,21.10761261,56.31442068,0.6412,0.4990,0.8124,52.11,0.2188,0.2899,0.268,-0.283,3.502,3.398,,,,
ICRF J012455.8+280511,21.23282988,28.08649756,-0.6871,-0.4272,0.8091,238.13,0.2431,0.3619,0.058,0.145,2.994,3.063,,,,
ICRF J012457.3-511316,21.23913109,-51.22115766,-0.8123,4.5716,4.6432,349.92,4.5989,9.6171,0.429,-0.819,0.602,0.507,,,,
ICRF J012507.7+471803,21.28211169,47.30085724,-0.5051,-0.5203,0.7251,224.15,0.2188,0.2278,0.218,-0.211,3.154,3.248,,,,
ICRF J012518.8-254904,21.32848937,-25.81788579,0.1567,-0.2062,0.2590,142.77,0.1865,0.2531,-0.282,0.174,1.139,1.171,,,,
ICRF J012528.8-000555,21.37018268,-0.09887004,0.0762,0.5328,0.5383,8.14,0.1201,0.1798,-0.037,0.428,3.019,3.031,262.0,7.0,73.86,106.14
ICRF J012607.8+704652,21.53268175,70.78121829,-0.1464,0.9345,0.9459,351.10,0.2245,0.2248,0.035,-0.259,4.158,4.208,,,,
ICRF J012615.0-222233,21.56250689,-22.37600080,0.0546,-0.1329,0.1437,157.66,0.1114,0.2075,-0.297,0.341,0.752,0.807,,,,
ICRF J012633.8-151834,21.64121135,-15.30947680,-0.0534,-0.9005,0.9021,183.39,0.2045,0.3361,0.156,0.266,2.684,2.692,,,,
ICRF J012642.7+255901,21.67830264,25.98369449,0.1041,0.0028,0.1041,88.43,0.1269,0.1128,-0.097,0.085,0.821,0.821,,,,
ICRF J012716.3-082128,21.81796328,-8.35802689,0.4549,-0.3713,0.5872,129.22,0.1891,0.3083,-0.268,0.213,2.562,2.690,,,,
ICRF J012808.0+490105,22.03359746,49.01832933,-0.0923,0.2889,0.3033,342.29,0.1710,0.1994,0.144,0.123,1.626,1.546,,,,
ICRF J012830.5+630629,22.12735448,63.10830057,20.3368,-7.6976,21.7448,110.73,4.1114,4.6501,-0.072,-0.291,4.952,5.216,,,,
ICRF J012955.3+144647,22.48061312,14.77995459,1.0546,-0.4559,1.1490,113.38,0.2227,0.1901,-0.225,0.233,5.579,5.309,,,,
ICRF J013027.6+084246,22.61514344,8.71282551,0.8506,-0.6875,1.0937,128.95,0.5019,0.3972,-0.290,0.280,2.746,2.422,,,,
ICRF J013126.7+383439,22.86130603,38.57756137,-0.9341,-0.4709,1.0461,243.25,0.5580,0.5861,-0.026,0.267,1.719,1.857,,,,
ICRF J013241.1-080404,23.17135852,-8.06801015,1.0734,-0.1777,1.0880,99.40,0.2975,0.4975,-0.409,0.235,3.664,3.626,,,,
ICRF J013243.4-165448,23.18119776,-16.91347836,-0.7833,0.0317,0.7839,272.32,0.1274,0.1049,-0.091,0.219,6.205,6.156,244.0,8.0,28.32,28.32
ICRF J013244.1+432532,23.18386173,43.42573915,0.4572,-0.2203,0.5075,115.72,0.7148,0.4540,-0.119,-0.146,0.753,0.803,,,,
ICRF J013305.7-520003,23.27401042,-52.00109595,0.6213,-0.2912,0.6861,115.11,0.0728,0.0775,0.094,-0.128,9.082,9.328,,,,
ICRF J013324.6+242741,23.35261660,24.46147362,-0.7000,-0.2930,0.7588,247.29,0.3801,0.5559,-0.015,0.096,1.921,1.916,,,,
ICRF J013432.0-384333,23.63345892,-38.72594052,-0.1497,0.1367,0.2027,312.39,0.1174,0.3055,-0.202,-0.333,1.289,1.351,,,,
ICRF J013440.7+692510,23.66983872,69.41969431,2.2921,0.0621,2.2930,88.45,21.8667,6.9476,0.168,0.241,0.106,0.105,,,,
ICRF J013537.5-200845,23.90628918,-20.14607281,0.0899,-0.3186,0.3310,164.24,0.1142,0.1784,-0.067,0.589,2.085,1.952,,,,
ICRF J013658.5+475129,24.24414501,47.85808335,-0.0260,0.0604,0.0657,336.75,0.1081,0.0956,-0.049,-0.038,0.668,0.676,313.0,111.0,23.75,23.75
ICRF J013715.6+214544,24.31510407,21.76229758,0.5107,0.1300,0.5269,75.72,0.4859,0.3985,0.001,0.148,1.073,1.100,,,,
ICRF J013738.3-243053,24.40977686,-24.51496821,-0.1004,0.0403,0.1082,291.89,0.0852,0.0877,-0.027,0.142,1.284,1.266,,,,
ICRF J013741.2+330935,24.42208144,33.15975949,1.0573,-54.1998,54.2101,178.88,0.4184,0.7163,0.364,-0.064,82.145,75.707,,,,
ICRF J013751.0+092319,24.46289089,9.38864774,-0.4402,-0.1780,0.4748,247.98,0.4169,0.2169,-0.024,0.018,1.350,1.337,,,,
ICRF J013809.8-271127,24.54090928,-27.19109264,-0.8701,-0.6446,1.0828,233.47,0.4431,0.4174,-0.142,0.178,2.379,2.498,,,,
ICRF J013857.4-225447,24.73944021,-22.91314737,0.3330,1.0454,1.0972,17.67,0.1291,0.2542,0.013,0.348,4.689,4.854,,,,
ICRF J013941.9+175307,24.92491321,17.88543050,0.8499,-0.1677,0.8662,101.16,0.3913,0.2863,-0.066,-0.240,2.184,2.249,288.0,7.0,6.84,173.16
ICRF J013955.3-270529,24.98082732,-27.09143888,0.6491,1.6323,1.7566,21.68,0.5084,1.1679,-0.106,0.119,1.990,1.893,,,,
ICRF J013957.3+013146,24.98877407,1.52948300,-0.2058,2.8888,2.8961,355.92,0.2089,0.1753,-0.130,0.369,17.459,16.509,,,,
ICRF J014004.4-153255,25.01847999,-15.54879993,0.0181,-0.1674,0.1683,173.84,0.0951,0.1996,-0.033,0.285,0.859,0.860,,,,
ICRF J014054.6+434245,25.22776861,43.71255770,0.1942,-0.2263,0.2982,139.37,0.2303,0.2733,-0.131,-0.166,1.102,1.182,,,,
ICRF J014125.8-092843,25.35763400,-9.47879840,-0.2343,-0.3241,0.3999,215.87,0.0833,0.0810,0.010,0.356,4.394,4.890,257.0,24.0,41.13,41.13
ICRF J014133.7-020221,25.39079234,-2.03932035,-1.8765,0.3028,1.9008,279.17,1.1814,0.7031,-0.145,0.266,1.805,1.646,,,,
ICRF J014137.9-093001,25.40808208,-9.50049616,3.0674,-0.5297,3.1128,99.80,1.8918,2.6518,-0.244,0.105,1.621,1.634,,,,
ICRF J014303.1+412920,25.76326895,41.48901265,0.4507,-0.4315,0.6240,133.75,0.2224,0.2175,-0.164,-0.141,2.655,2.836,,,,
ICRF J014310.1-320056,25.79221494,-32.01573669,0.0313,-0.2772,0.2790,173.55,0.2994,0.3481,-0.252,-0.120,0.796,0.803,,,,
ICRF J014331.0+121542,25.87955118,12.26192570,-0.0481,0.1967,0.2025,346.26,0.2531,0.3111,0.063,0.165,0.682,0.660,,,,
ICRF J014433.5+270503,26.13980770,27.08419944,0.1279,0.3665,0.3882,19.24,0.2583,0.2401,-0.014,-0.104,1.644,1.605,269.0,12.0,69.76,110.24
ICRF J014503.3-273334,26.26414415,-27.55953568,0.1063,0.0011,0.1063,89.42,0.1232,0.1797,0.035,0.119,0.864,0.863,54.0,30.0,35.42,35.42
ICRF J014737.7+485937,26.90739609,48.99375293,-0.3259,-1.3611,1.3996,193.47,0.3339,0.5409,0.227,0.465,2.519,2.699,,,,
ICRF J014753.8+211539,26.97426193,21.26103518,-0.3157,-1.0090,1.0573,197.37,0.2078,0.3633,-0.072,0.087,3.219,3.166,,,,
ICRF J014824.3+385405,27.10157312,38.90145008,-0.1829,-0.3132,0.3627,210.28,0.1217,0.1607,-0.088,0.260,2.390,2.462,,,,
ICRF J014844.5+421519,27.18573486,42.25539019,0.6571,-0.4011,0.7699,121.40,0.6106,0.7885,-0.039,0.192,1.294,1.190,,,,
ICRF J014949.7+185720,27.45716229,18.95572533,4.3534,5.0111,6.6380,40.98,1.9240,1.8469,0.088,0.249,3.171,3.533,,,,
ICRF J015002.6-072548,27.51123766,-7.43013751,-0.1197,22.5599,22.5602,359.70,0.7873,1.7042,-0.110,0.316,13.289,13.239,,,,
ICRF J015002.8+264628,27.51168743,26.77446782,0.2062,0.1781,0.2725,49.18,0.4953,0.4809,-0.063,-0.019,0.565,0.557,,,,
ICRF J015106.0-173244,27.77534729,-17.54575501,0.0857,-0.1749,0.1948,153.89,0.1077,0.1822,-0.045,0.288,1.282,1.247,,,,
ICRF J015106.2+251728,27.77597443,25.29129519,0.5279,0.7223,0.8947,36.16,1.1707,0.9909,-0.047,-0.205,0.948,0.857,,,,
ICRF J015127.1+274441,27.86310905,27.74494268,0.0728,0.3922,0.3989,10.52,0.8936,0.9945,-0.259,0.094,0.397,0.403,,,,
ICRF J015136.2+545437,27.90119031,54.91046960,0.1882,-0.0864,0.2071,114.66,0.1862,0.2104,-0.034,-0.160,1.059,1.091,,,,
ICRF J015212.2+371605,28.05091648,37.26824091,0.7768,-0.2686,0.8220,109.07,0.2212,0.2647,0.087,-0.194,3.567,3.655,,,,
ICRF J015218.0+220707,28.07524601,22.11880550,0.1757,0.5138,0.5430,18.87,0.1670,0.1358,-0.073,0.060,3.879,3.927,3.0,23.0,15.87,15.87
ICRF J015232.0-141239,28.13338523,-14.21094284,0.1421,0.0432,0.1485,73.07,0.2542,0.2665,-0.133,0.298,0.565,0.582,,,,
ICRF J015233.6-294247,28.14038710,-29.71331321,-0.1339,-0.2174,0.2553,211.62,0.1633,0.3515,-0.008,0.098,1.024,1.027,,,,
ICRF J015234.5+335033,28.14406830,33.84254408,0.9492,-0.7533,1.2118,128.43,0.1968,0.2142,-0.043,-0.070,5.824,5.969,,,,
ICRF J015239.6+014717,28.16504559,1.78816211,-0.1972,0.3999,0.4458,333.75,0.2087,0.4277,0.117,0.245,1.416,1.329,,,,
ICRF J015243.1+002039,28.17979154,0.34436430,-1.2360,-0.8989,1.5283,233.97,0.8641,0.8153,-0.223,0.218,1.657,1.806,,,,
ICRF J015301.5-190656,28.25629633,-19.11574623,0.0921,-0.6186,0.6254,171.54,0.1398,0.3347,-0.283,0.207,1.860,1.962,,,,
ICRF J015310.1-331025,28.29217395,-33.17385057,-0.4264,0.2295,0.4842,298.29,0.2057,0.1503,-0.339,-0.100,2.273,2.575,,,,
ICRF J015325.8+711506,28.35771258,71.25179537,-5.9314,0.6655,5.9686,276.40,0.2763,0.2768,-0.061,-0.168,21.483,21.605,276.0,5.0,0.40,0.40
ICRF J015400.3+111354,28.50165996,11.23187208,14.2361,14.2965,20.1757,44.88,4.0934,4.2774,0.126,0.454,4.009,4.824,,,,
ICRF J015402.7+082351,28.51154269,8.39751870,-0.0570,0.4361,0.4398,352.55,0.1368,0.2229,-0.135,0.270,1.998,2.001,120.0,16.0,52.55,127.45
ICRF J015456.2+474326,28.73454119,47.72403878,-0.1305,-3.0313,3.0341,182.46,0.6200,0.5198,-0.045,-0.342,6.282,5.835,,,,
ICRF J015503.7+043830,28.76552275,4.64176353,-0.2764,0.5276,0.5957,332.35,0.3558,0.5607,-0.145,0.205,1.162,1.220,,,,
ICRF J015537.0-404842,28.90441377,-40.81176584,-22.4772,27.0861,35.1977,320.31,1.2057,1.8254,-0.256,-0.385,20.460,23.827,,,,
ICRF J015558.9+223011,28.99556383,22.50329601,0.3188,1.2793,1.3184,13.99,0.7648,0.8193,0.143,0.381,1.571,1.616,,,,
ICRF J015631.4+391430,29.13087557,39.24192319,0.3057,0.2370,0.3868,52.22,0.1661,0.2076,0.170,0.148,2.037,2.166,,,,
ICRF J015705.0+412030,29.27085492,41.34183817,9.3934,6.0216,11.1578,57.34,4.8806,4.6970,-0.754,0.247,2.168,2.313,,,,
ICRF J015734.9+744243,29.39568708,74.71200830,0.4758,-0.8384,0.9640,150.43,0.1096,0.1085,0.053,-0.118,8.864,8.865,65.0,16.0,85.43,85.43
ICRF J015856.2+130702,29.73447405,13.11742790,0.3125,-0.1721,0.3567,118.84,0.2273,0.2564,0.099,0.221,1.652,1.530,,,,
ICRF J020040.8+032249,30.17006872,3.38041867,0.1298,-0.3388,0.3628,159.04,0.2502,0.2478,-0.235,0.084,1.464,1.462,,,,
ICRF J020058.3-135617,30.24298749,-13.93832710,-2.4510,-3.2788,4.0936,216.78,2.7119,3.4040,-0.126,0.541,1.068,1.321,,,,
ICRF J020107.7-663812,30.28226673,-66.63685172,-0.4332,-0.1549,0.4600,250.32,0.2597,0.3225,-0.061,-0.047,1.761,1.735,,,,
ICRF J020157.1-113233,30.48824729,-11.54262131,0.3270,-0.4024,0.5185,140.90,0.0904,0.1822,-0.315,0.156,3.848,4.239,,,,
ICRF J020205.7+811545,30.52394407,81.26257714,-4.1612,-2.5439,4.8771,238.56,0.8521,0.6850,0.078,-0.045,6.105,6.135,,,,
ICRF J020206.8-055900,30.52860280,-5.98336718,0.2927,1.1884,1.2240,13.84,0.3018,0.3941,-0.140,0.449,3.046,3.168,,,,
ICRF J020213.6-762003,30.55705717,-76.33418415,0.1176,0.6193,0.6304,10.75,0.4273,0.4263,0.175,-0.018,1.453,1.479,,,,
ICRF J020213.8-194819,30.55769882,-19.80541407,-0.3335,-1.4088,1.4477,193.32,0.1619,0.2752,0.042,0.246,5.348,5.518,,,,
ICRF J020243.6+420516,30.68188875,42.08787028,0.1370,0.2408,0.2770,29.63,0.2044,0.2313,-0.138,0.196,1.183,1.238,,,,
ICRF J020307.8+810613,30.78279594,81.10366954,0.3737,0.3162,0.4896,49.77,0.1862,0.1537,-0.143,0.011,2.974,2.875,,,,
ICRF J020333.3+723253,30.88910399,72.54824093,0.2770,-0.0748,0.2869,105.12,0.1250,0.1564,0.056,0.014,2.276,2.268,51.0,13.0,54.12,54.12
ICRF J020344.2+304237,30.93446117,30.71051000,-0.1756,0.2872,0.3366,328.56,0.3616,0.3836,0.018,-0.152,0.847,0.892,359.0,15.0,30.44,30.44
ICRF J020346.6+113445,30.94440440,11.57928041,0.2467,-0.2970,0.3861,140.29,0.3987,0.3262,-0.172,0.088,1.149,1.101,,,,
ICRF J020346.6+541157,30.94440559,54.19934017,-1.7193,0.9642,1.9712,299.28,0.6264,0.5882,-0.004,0.283,3.693,3.197,,,,
ICRF J020405.1+400503,31.02164483,40.08430971,-1.4536,0.0142,1.4536,270.56,0.7555,0.7426,-0.162,0.086,1.931,1.924,,,,
ICRF J020454.7+440306,31.22828817,44.05191813,0.0018,0.1875,0.1875,0.56,0.2200,0.2095,-0.071,-0.036,0.896,0.895,,,,
ICRF J020455.5+364917,31.23164996,36.82166593,-0.0033,-0.1237,0.1237,181.51,0.1373,0.2070,-0.101,0.270,0.598,0.598,,,,
ICRF J020457.6-170119,31.24030972,-17.02217802,-0.1112,0.1447,0.1825,322.46,0.0795,0.0750,0.027,0.102,2.487,2.383,3.0,5.0,40.54,40.54
ICRF J020504.9+321230,31.27052234,32.20835985,-0.0223,-0.0129,0.0258,239.92,0.0944,0.0915,-0.011,0.201,0.257,0.275,334.0,197.0,85.92,94.08
ICRF J020521.3+241632,31.33884471,24.27579180,-0.7042,-0.9772,1.2045,215.78,0.3123,0.3696,0.008,0.242,3.195,3.475,,,,
ICRF J020555.5-344409,31.48129204,-34.73588331,0.2877,0.6371,0.6990,24.30,0.6349,1.7628,0.377,-0.240,0.499,0.580,,,,
ICRF J020626.0-115039,31.60868640,-11.84436786,0.0260,-0.6052,0.6057,177.54,0.1872,0.2219,-0.156,0.275,2.768,2.730,16.0,33.0,18.46,161.54
ICRF J020713.5+841119,31.80627795,84.18863416,0.0552,-0.2242,0.2309,166.16,0.1401,0.1238,-0.304,-0.097,1.812,1.854,,,,
ICRF J020715.6-385703,31.81503927,-38.95085471,-0.1175,0.5482,0.5606,347.90,0.2212,0.5899,0.550,-0.301,1.487,1.070,,,,
ICRF J020733.3-240202,31.88916371,-24.03394610,0.0441,0.2153,0.2198,11.56,0.2802,0.4503,-0.150,0.043,0.514,0.503,,,,
ICRF J020734.9+315206,31.89579000,31.86846215,0.1604,-0.0145,0.1610,95.15,0.2058,0.2343,-0.195,0.092,0.781,0.782,,,,
ICRF J020750.9-683755,31.96221524,-68.63198954,-0.6333,2.3861,2.4688,345.14,0.3812,0.8836,0.123,0.104,3.362,3.171,,,,
ICRF J020801.1-621635,32.00487966,-62.27653721,-1.0413,0.2194,1.0641,281.90,1.8738,2.2217,0.120,0.025,0.580,0.564,,,,
ICRF J020826.3-004744,32.10977462,-0.79563731,2.4887,-1.2575,2.7883,116.81,0.9263,0.6594,-0.091,-0.119,3.131,3.295,,,,
ICRF J020834.9-173934,32.14559708,-17.65963368,0.2588,-0.0986,0.2770,110.85,0.1432,0.3330,-0.311,0.162,1.824,1.832,,,,
ICRF J020908.6+293245,32.28601851,29.54604041,-1.2434,-1.9704,2.3299,212.25,0.4462,0.5667,0.259,0.288,3.963,4.456,,,,
ICRF J020930.7-043826,32.37819456,-4.64059604,0.2394,-0.2566,0.3509,136.98,0.1213,0.2278,-0.202,0.047,2.135,2.273,,,,
ICRF J020935.9+643725,32.39995037,64.62382511,-1.4019,0.7150,1.5737,297.02,0.7690,0.7139,0.099,-0.269,1.906,2.080,,,,
ICRF J020935.9+135200,32.39999302,13.86687552,1.9289,-0.3927,1.9685,101.51,0.9202,0.9423,-0.101,0.304,2.370,2.137,,,,
ICRF J020951.7+722926,32.46579336,72.49074164,-0.4899,-1.3223,1.4101,200.33,0.6834,0.6485,0.102,0.109,2.099,2.161,,,,
ICRF J021046.2-510101,32.69250175,-51.01719220,0.0064,-0.0267,0.0274,166.45,0.0456,0.0482,-0.009,-0.142,0.562,0.571,,,,
ICRF J021113.1+105134,32.80490578,10.85966633,0.2325,-0.2067,0.3111,131.63,0.0925,0.1722,-0.114,0.158,2.689,2.785,113.0,29.0,18.63,18.63
ICRF J021148.7+170722,32.95324536,17.12297806,0.6999,0.3565,0.7855,63.00,0.4799,0.5159,-0.216,0.251,1.517,1.614,,,,
ICRF J021149.7-155818,32.95733636,-15.97190169,-0.1259,-0.8357,0.8451,188.57,0.4516,0.5000,-0.119,0.117,1.678,1.694,,,,
ICRF J021222.6-174614,33.09434816,-17.77065094,0.0419,-0.4894,0.4912,175.11,0.1790,0.2887,-0.070,0.078,1.708,1.711,,,,
ICRF J021252.8+224452,33.22014536,22.74784820,-0.3002,-0.4187,0.5152,215.64,0.2115,0.3695,-0.098,0.127,1.888,1.816,,,,
ICRF J021310.5+182025,33.29387217,18.34040211,0.1818,-0.0478,0.1879,104.73,0.4770,0.4981,-0.060,0.162,0.411,0.393,,,,
ICRF J021316.6-071932,33.31946064,-7.32568685,-0.1933,-2.4138,2.4215,184.58,1.8784,1.7748,-0.178,0.695,1.745,1.364,,,,
ICRF J021416.2-614933,33.56751792,-61.82601646,-0.9754,-1.4034,1.7091,214.80,0.7993,0.6102,0.078,0.246,2.401,2.603,,,,
ICRF J021417.9+514451,33.57472691,51.74776322,5.6082,1.8464,5.9043,71.78,0.1832,0.2033,0.218,-0.017,30.946,31.937,73.0,25.0,1.22,1.22
ICRF J021440.7-211328,33.66959710,-21.22467697,-0.1055,0.6516,0.6601,350.80,0.1807,0.3777,-0.219,0.147,1.758,1.821,,,,
ICRF J021444.9+172249,33.68713685,17.38041992,-0.4813,-0.8731,0.9970,208.87,0.4590,0.4044,-0.241,0.210,2.259,2.400,,,,
ICRF J021511.5-034307,33.79794373,-3.71885960,0.4586,0.4494,0.6420,45.58,0.3010,0.5096,0.402,0.063,1.566,1.760,,,,
ICRF J021542.0-022256,33.92507203,-2.38243129,-3.1703,-6.4562,7.1926,206.15,2.1951,2.1695,0.052,0.192,3.106,3.308,,,,
ICRF J021555.0+052425,33.97921153,5.40709861,-0.1609,-0.8194,0.8350,191.11,1.4979,1.2845,-0.028,0.576,0.706,0.647,,,,
ICRF J021605.6-011803,34.02359932,-1.30094354,0.0025,-0.1261,0.1261,178.88,0.2626,0.3487,-0.169,0.031,0.362,0.362,,,,
ICRF J021612.2-010518,34.05088292,-1.08856202,0.1079,0.1624,0.1949,33.60,0.2060,0.5107,-0.211,0.042,0.673,0.613,,,,
ICRF J021638.8-101703,34.16198282,-10.28416631,-0.2886,-0.2130,0.3587,233.56,0.4195,0.4460,-0.156,0.104,0.816,0.837,,,,
ICRF J021648.1-324740,34.20077261,-32.79468076,-0.1726,-0.2307,0.2881,216.80,0.1207,0.2668,-0.111,-0.120,1.760,1.671,,,,
ICRF J021702.6-082052,34.26109299,-8.34787548,1.1406,-1.9643,2.2714,149.86,0.3305,0.3420,-0.154,-0.071,6.475,6.701,,,,
ICRF J021717.1+083703,34.32135412,8.61774962,0.0123,-0.1635,0.1639,175.71,0.0960,0.1586,-0.176,0.282,1.031,1.038,267.0,32.0,88.71,91.29
ICRF J021730.8+734932,34.37838897,73.82572826,-0.2671,0.2634,0.3752,314.60,0.1367,0.1402,-0.074,-0.075,2.615,2.711,122.0,47.0,12.60,167.40
ICRF J021748.9+014449,34.45397813,1.74713862,0.1419,-0.1588,0.2130,138.22,0.1694,0.1579,-0.020,0.323,1.574,1.309,104.0,83.0,34.22,34.22
ICRF J021754.9-012150,34.47916407,-1.36408854,2.6507,-1.1953,2.9077,114.27,6.6227,0.9900,-0.212,-0.046,1.256,1.272,,,,
ICRF J021757.2-163110,34.48853953,-16.51957592,0.1409,-0.0885,0.1664,122.13,0.1332,0.2956,-0.191,-0.003,1.066,1.099,,,,
ICRF J021907.0+012059,34.77926873,1.34996284,-0.1282,-0.2600,0.2899,206.25,0.1810,0.2046,-0.318,0.293,1.400,1.454,,,,
ICRF J021921.1-184238,34.83817400,-18.71076314,0.7391,-0.4402,0.8602,120.78,0.2733,0.3137,-0.044,0.035,3.072,3.047,,,,
ICRF J021926.6+480638,34.86115013,48.11079461,-4.5947,0.9264,4.6872,281.40,2.2529,1.7325,-0.092,-0.327,2.044,2.108,,,,
ICRF J022000.7+165228,35.00316160,16.87460815,-2.6457,2.1026,3.3794,308.48,0.5094,0.4822,-0.189,0.072,6.894,6.782,,,,
ICRF J022028.2-130519,35.11757345,-13.08862974,0.1980,-0.3718,0.4212,151.96,0.1545,0.2780,-0.054,0.011,1.819,1.852,,,,
ICRF J022035.1-215112,35.14645900,-21.85335566,-0.1526,0.2915,0.3290,332.37,0.1802,0.3985,-0.377,0.224,0.998,1.119,,,,
ICRF J022048.0+324106,35.20022085,32.68512878,0.3143,-0.1070,0.3321,108.80,0.1679,0.2116,0.065,0.144,1.997,1.939,,,,
ICRF J022053.8+094535,35.22417631,9.75977183,-0.1820,-0.3315,0.3782,208.78,0.3881,0.6489,-0.080,0.011,0.715,0.694,,,,
ICRF J022054.1-633019,35.22571307,-63.50538547,0.0957,0.1167,0.1510,39.35,0.2906,0.4937,0.580,-0.025,0.339,0.405,,,,
ICRF J022200.7-161516,35.50302095,-16.25459669,-0.1896,-1.0655,1.0822,190.09,0.4899,0.5312,-0.086,0.117,2.016,2.043,,,,
ICRF J022239.6+430207,35.66504789,43.03549967,0.0540,-0.5712,0.5738,174.60,0.0517,0.0625,-0.063,0.028,9.162,9.202,194.0,19.0,19.40,19.40
ICRF J022256.4-344128,35.73500685,-34.69131395,-1.4312,0.6080,1.5550,293.02,0.8253,1.1870,0.058,-0.081,1.774,1.808,,,,
ICRF J022311.4+425931,35.79754687,42.99205148,2.9955,1.9458,3.5720,56.99,0.5270,0.4877,0.069,0.078,6.710,6.944,,,,
ICRF J022343.7-165637,35.93234845,-16.94380502,-0.1150,0.1586,0.1959,324.05,0.1552,0.2449,-0.081,0.065,0.970,0.984,,,,
ICRF J022428.4+065923,36.11845079,6.98981710,0.1210,0.0980,0.1557,51.00,0.1238,0.1284,-0.095,0.118,1.184,1.240,,,,
ICRF J022502.8-231248,36.26175606,-23.21346854,-0.4481,-0.8056,0.9219,209.08,0.1635,0.4042,-0.289,0.006,3.940,3.389,,,,
ICRF J022504.6+184648,36.26945353,18.78021302,0.2835,-0.1769,0.3342,121.97,0.2610,0.3350,0.174,0.191,1.312,1.208,,,,
ICRF J022519.1+295512,36.32998044,29.92003595,0.6753,-0.1741,0.6974,104.45,0.3165,0.3349,-0.031,0.223,2.316,2.196,,,,
ICRF J022541.9+113425,36.42462451,11.57374029,-0.0840,-0.3173,0.3282,194.83,0.2137,0.2222,-0.122,0.133,1.478,1.481,,,,
ICRF J022647.6-184339,36.69845167,-18.72756652,-0.1255,-0.1470,0.1933,220.50,0.2524,0.3600,-0.098,0.176,0.625,0.643,,,,
ICRF J022740.5-302603,36.91890282,-30.43434150,0.5388,-0.0022,0.5388,90.24,0.1805,0.3141,-0.167,0.016,2.993,2.984,,,,
ICRF J022800.4+500559,37.00194033,50.09972501,-0.1390,0.4003,0.4237,340.85,0.1341,0.1534,0.002,0.123,2.855,2.808,,,,
ICRF J022812.4+421203,37.05194692,42.20095682,0.7447,0.8651,1.1415,40.72,0.2027,0.2249,0.218,0.136,4.900,5.319,,,,
ICRF J022821.5-554603,37.08999318,-55.76757792,-0.1028,-0.0086,0.1032,265.20,0.1956,0.2481,0.064,-0.165,0.529,0.527,,,,
ICRF J022825.6+541908,37.10704861,54.31892649,0.8157,-0.0422,0.8168,92.96,0.5521,0.7155,0.398,0.416,1.645,1.479,,,,
ICRF J022833.7-371956,37.14055695,-37.33232089,0.1963,-0.0177,0.1971,95.15,0.3145,0.6518,-0.330,-0.264,0.644,0.625,,,,
ICRF J022850.0+672103,37.20854785,67.35084148,-0.0379,0.1023,0.1091,339.67,0.1568,0.1682,-0.008,-0.227,0.619,0.655,10.0,18.0,30.33,30.33
ICRF J022853.2-033737,37.22171341,-3.62697934,-0.3971,0.0592,0.4015,278.48,0.1208,0.1604,-0.079,-0.176,3.289,3.309,,,,
ICRF J022912.7-540324,37.30327212,-54.05667627,-1.0854,-0.1104,1.0911,264.19,1.0844,1.5207,-0.162,0.049,1.002,1.004,,,,
ICRF J022928.4-364356,37.36853774,-36.73245065,-0.1200,0.1424,0.1862,319.88,0.1756,0.1859,-0.166,-0.312,0.902,1.026,,,,
ICRF J022934.9-784745,37.39561082,-78.79600049,0.3440,-0.1246,0.3659,109.90,0.2254,0.2081,-0.041,0.127,1.719,1.640,,,,
ICRF J023045.7+403253,37.69046159,40.54807461,0.1456,0.0391,0.1508,74.98,0.1927,0.1855,-0.114,-0.081,0.805,0.785,,,,
ICRF J023105.0-160649,37.77097970,-16.11361564,-2.5470,-1.7432,3.0864,235.61,0.2472,0.4990,0.128,0.126,10.538,10.880,,,,
ICRF J023111.8-474611,37.79918343,-47.76988428,0.2984,0.2374,0.3813,51.49,0.1660,0.4875,0.002,-0.152,1.866,1.863,,,,
ICRF J023145.8+132254,37.94122523,13.38186563,-0.1953,-0.3756,0.4233,207.47,0.0972,0.0892,-0.000,0.138,4.470,4.664,68.0,37.0,40.53,139.47
ICRF J023151.8-393547,37.96590129,-39.59646219,-1.5703,2.6428,3.0742,329.28,7.2017,8.3786,0.086,-0.488,0.324,0.383,,,,
ICRF J023204.8+072605,38.02000654,7.43485968,-0.2095,-0.9946,1.0164,191.89,0.5927,0.4233,-0.043,0.146,2.389,2.376,,,,
ICRF J023220.7+231756,38.08648540,23.29912747,0.4527,-0.5199,0.6894,138.95,0.8189,0.5738,-0.365,-0.168,0.989,1.061,,,,
ICRF J023227.6+262838,38.11509689,26.47738630,0.0116,0.2302,0.2305,2.89,0.3601,0.3370,-0.159,0.024,0.684,0.684,,,,
ICRF J023236.7-283926,38.15308733,-28.65730854,0.1383,-6.0756,6.0772,178.70,6.4309,8.9178,-0.244,0.329,0.729,0.682,,,,
ICRF J023248.6+201717,38.20256388,20.28819073,1.1445,-2.9737,3.1863,158.95,0.6090,1.2132,-0.669,0.498,2.499,3.089,,,,
ICRF J023407.1+044643,38.52981414,4.77863697,-0.4408,-0.0758,0.4473,260.25,0.1936,0.3083,-0.196,-0.095,2.364,2.291,,,,
ICRF J023507.3-040205,38.78059066,-4.03481046,0.3759,0.0237,0.3767,86.40,0.1774,0.3338,0.102,0.155,2.125,2.121,,,,
ICRF J023631.1-295355,39.12987256,-29.89876127,0.2591,0.4482,0.5177,30.04,0.0856,0.1165,-0.144,0.031,4.945,4.896,,,,
ICRF J023653.2-613615,39.22185725,-61.60421765,-1.2138,-0.4337,1.2889,250.34,0.2392,0.2524,0.292,-0.109,5.449,5.357,,,,
ICRF J023714.0+052649,39.30849174,5.44721383,0.7039,-0.1922,0.7297,105.27,0.3750,0.4416,-0.275,-0.177,1.878,1.927,,,,
ICRF J023716.7-262353,39.31984068,-26.39809615,-0.3413,0.4446,0.5605,322.49,0.7225,1.1238,-0.035,0.095,0.644,0.616,,,,
ICRF J023750.6+204618,39.46095386,20.77179322,-0.2839,0.0907,0.2981,287.71,0.5309,0.6569,0.179,0.292,0.607,0.552,,,,
ICRF J023752.4+284808,39.46835698,28.80249722,0.0963,0.1467,0.1755,33.27,0.1174,0.0908,-0.087,-0.011,1.825,1.812,327.0,96.0,66.27,66.27
ICRF J023816.5+471218,39.56876353,47.20515338,0.0813,0.2914,0.3025,15.60,0.1772,0.2098,0.086,0.290,1.410,1.463,,,,
ICRF J023838.9+163659,39.66220877,16.61646515,-0.1365,0.1104,0.1756,308.97,0.1295,0.0897,-0.034,-0.340,1.418,1.621,322.0,111.0,13.03,13.03
ICRF J023945.4-023440,39.93946780,-2.57803183,0.2722,0.2400,0.3629,48.60,0.5032,0.3602,-0.031,-0.271,1.002,0.858,,,,
ICRF J023951.2+041621,39.96359603,4.27261438,-0.0801,-0.3070,0.3173,194.61,0.1033,0.1066,-0.165,0.206,2.917,2.982,,,,
ICRF J024005.2+421622,40.02188598,42.27292222,-0.8703,0.7222,1.1309,309.69,0.3317,0.2628,-0.086,0.008,3.779,3.800,,,,
ICRF J024008.1-230915,40.03406018,-23.15436941,-1.7777,-0.0882,1.7799,267.16,0.0967,0.1128,0.063,0.115,18.395,18.405,,,,
ICRF J024042.8+184800,40.17840133,18.80001518,-0.5359,-0.1181,0.5488,257.58,0.3117,0.3469,-0.082,0.316,1.720,1.753,,,,
ICRF J024056.1-050442,40.23405313,-5.07838943,-0.3806,-0.2231,0.4412,239.61,0.3344,0.3602,0.131,-0.094,1.306,1.296,,,,
ICRF J024104.7-081520,40.26999375,-8.25576443,19.0985,-9.5283,21.3434,116.51,2.1555,0.9736,0.081,-0.888,9.794,13.202,,,,
ICRF J024224.2+174258,40.60111777,17.71634699,-0.3967,0.8104,0.9023,333.92,0.4860,0.4222,-0.058,0.123,2.190,2.086,,,,
ICRF J024229.1+110100,40.62154521,11.01686887,0.7241,-1.5584,1.7185,155.08,0.7726,0.8011,-0.190,0.305,2.520,2.159,,,,
ICRF J024235.9-213225,40.64962447,-21.54053746,-0.8151,37.6335,37.6423,358.76,26.4648,32.9977,0.137,0.837,2.131,1.141,,,,
ICRF J024312.4-055055,40.80195614,-5.84869316,0.0832,-0.1097,0.1377,142.82,0.1739,0.2023,-0.041,-0.062,0.705,0.723,,,,
ICRF J024326.5-561242,40.86053753,-56.21178908,71.0551,30.0996,77.1674,67.04,1.3635,1.3901,0.244,0.014,55.178,56.430,,,,
ICRF J024330.8+712017,40.87871384,71.33830665,-0.1902,0.2392,0.3056,321.51,0.1817,0.2305,-0.020,-0.198,1.408,1.474,40.0,14.0,78.49,78.49
ICRF J024445.6+132007,41.19038887,13.33533926,0.0927,-0.2276,0.2457,157.85,0.3359,0.2922,-0.115,-0.108,0.804,0.826,,,,
ICRF J024457.6+622806,41.24040306,62.46847655,-0.1297,-0.0816,0.1533,237.82,0.1399,0.1223,-0.102,0.033,1.200,1.143,115.0,47.0,57.18,122.82
ICRF J024516.8+240535,41.32023326,24.09310361,1.0231,0.1273,1.0309,82.91,0.5587,0.5612,-0.067,0.231,1.840,1.845,,,,
ICRF J024524.9-110716,41.35396728,-11.12133663,10.7950,-30.4759,32.3312,160.50,13.9536,11.6360,-0.252,-0.316,2.620,2.731,,,,
ICRF J024554.1-445939,41.47546198,-44.99433795,0.1964,0.2420,0.3117,39.06,0.1502,0.2573,-0.381,-0.234,2.023,1.611,,,,
ICRF J024600.1-465117,41.50049157,-46.85478692,0.0903,0.3307,0.3428,15.27,0.1245,0.1831,0.135,-0.019,1.886,1.946,,,,
ICRF J024631.1+341126,41.62992764,34.19073601,2.9318,-2.0952,3.6035,125.55,9.0851,5.1604,-0.437,0.747,1.022,0.519,,,,
ICRF J024658.4-123630,41.74362419,-12.60855500,0.2248,-0.0201,0.2257,95.10,0.1547,0.2426,-0.319,-0.053,1.469,1.455,,,,
ICRF J024741.2+325431,41.92180114,32.90884352,-1.3228,-0.1315,1.3293,264.32,0.2737,0.2461,-0.046,0.046,4.849,4.863,,,,
ICRF J024807.7-163146,42.03221759,-16.52955162,-3.9830,2.5009,4.7030,302.12,1.0841,1.1695,-0.074,0.183,4.648,4.251,,,,
ICRF J024814.8+043440,42.06178392,4.57801736,3.8772,-46.8262,46.9865,175.27,5.0275,4.9280,-0.322,0.183,9.836,9.533,,,,
ICRF J024918.0+061951,42.32506713,6.33109665,0.1607,-1.0477,1.0599,171.28,0.1642,0.2017,-0.204,0.254,5.401,5.286,,,,
ICRF J025035.5-262742,42.64820496,-26.46180992,0.3689,-0.0020,0.3689,90.32,0.1958,0.2849,-0.087,-0.129,1.894,1.884,,,,
ICRF J025134.5+431515,42.89390309,43.25439700,-0.5542,0.6684,0.8683,320.34,0.0786,0.0890,-0.155,0.318,11.035,10.301,148.0,5.0,7.66,172.34
ICRF J025207.7+171842,43.03216126,17.31185796,-0.1313,-0.0067,0.1315,267.10,0.1872,0.2319,-0.005,0.297,0.708,0.702,,,,
ICRF J025247.9-221925,43.19980690,-22.32374053,-0.1444,-0.4499,0.4725,197.79,0.3453,0.5127,-0.075,0.073,0.951,0.972,243.0,47.0,45.21,45.21
ICRF J025308.8+383524,43.28703364,38.59027751,-0.0808,0.5198,0.5260,351.17,0.1913,0.1964,-0.119,0.136,2.721,2.680,,,,
ICRF J025321.0+000559,43.33764770,0.09998539,1.7254,-0.6257,1.8354,109.93,4.6236,1.4760,-0.156,-0.678,0.440,0.565,,,,
ICRF J025323.6-120028,43.34868484,-12.00777840,-0.0392,-0.4579,0.4596,184.89,0.6353,0.8691,-0.660,0.149,0.542,0.530,,,,
ICRF J025329.1-544151,43.37158502,-54.69762114,-0.0207,0.0368,0.0422,330.66,0.1051,0.1430,0.284,0.017,0.370,0.324,,,,
ICRF J025333.6+321720,43.39020893,32.28913663,7.3131,1.9950,7.5803,74.74,5.6170,2.1430,-0.003,0.088,1.538,1.601,21.0,26.0,53.74,53.74
ICRF J025334.8+180542,43.39534265,18.09514575,-0.0293,-0.5426,0.5434,183.09,0.2170,0.2857,0.016,0.195,1.901,1.904,,,,
ICRF J025357.6+510256,43.49003311,51.04901553,0.4163,-1.2718,1.3382,161.87,4.0505,3.0549,0.049,0.633,0.629,0.429,,,,
ICRF J025424.7+234326,43.60299224,23.72402069,0.6873,0.7178,0.9938,43.76,0.5507,0.5356,-0.274,0.337,1.597,1.831,,,,
ICRF J025442.6+393134,43.67763356,39.52630868,-0.0026,-0.0012,0.0029,244.50,0.1176,0.1445,-0.027,0.087,0.024,0.024,,,,
ICRF J025612.8-213729,44.05349552,-21.62476256,0.0387,0.5073,0.5088,4.36,0.1359,0.2681,-0.148,-0.039,1.959,1.914,,,,
ICRF J025642.6-331521,44.17751138,-33.25591036,0.0227,0.8804,0.8807,1.48,0.2270,0.3312,0.149,-0.311,2.700,2.660,,,,
ICRF J025741.0-121201,44.42085244,-12.20038364,0.0915,-0.3883,0.3990,166.74,0.2230,0.3078,0.145,-0.206,1.299,1.327,,,,
ICRF J025745.6+184705,44.44011853,18.78482231,-5.5725,-0.0342,5.5726,269.65,60.5715,28.5089,-0.193,-0.997,1.290,0.092,,,,
ICRF J025752.5+784347,44.46904259,78.72973845,1.0853,-0.1742,1.0992,99.12,0.6352,0.6464,-0.156,0.163,1.790,1.730,,,,
ICRF J025759.0+433837,44.49615712,43.64379867,1.2915,0.7154,1.4764,61.02,0.4462,0.4403,-0.127,0.158,3.143,3.319,,,,
ICRF J025814.0-390940,44.55852064,-39.16130102,-0.2449,-0.0330,0.2471,262.33,0.2245,0.4290,0.126,-0.300,1.097,1.094,,,,
ICRF J025816.7-252958,44.56998095,-25.49966428,-0.1230,-0.0755,0.1444,238.45,0.3344,0.4619,-0.099,0.276,0.378,0.403,,,,
ICRF J025844.7+114256,44.68648113,11.71556031,-0.5262,-1.0978,1.2174,205.61,0.6070,0.4512,0.432,0.223,2.438,2.583,,,,
ICRF J025850.5+054108,44.71052638,5.68556708,0.0143,-0.4742,0.4744,178.28,0.3058,0.3700,-0.347,0.414,1.334,1.282,,,,
ICRF J025855.1+290001,44.72992153,29.00044658,-0.4127,0.0578,0.4168,277.97,0.1755,0.2713,-0.376,0.053,2.396,2.361,,,,
ICRF J025927.0+074739,44.86281926,7.79434528,-0.0592,-0.5290,0.5323,186.39,0.1118,0.1236,-0.166,0.305,4.290,4.312,215.0,36.0,28.61,28.61
ICRF J025928.5-001959,44.86881732,-0.33332650,-0.0696,0.0480,0.0846,304.59,0.0867,0.0871,0.002,0.063,1.000,0.974,,,,
ICRF J025929.6+192544,44.87356644,19.42897980,-0.1945,0.1638,0.2543,310.11,0.2701,0.2477,-0.076,-0.233,0.900,0.978,,,,
ICRF J025937.6+423549,44.90705990,42.59717016,-5.8675,-4.2052,7.2188,234.37,0.2718,0.3360,0.216,0.711,22.228,24.952,,,,
ICRF J030001.3-053120,45.00541693,-5.52232279,-0.1024,0.2117,0.2352,334.19,0.2148,0.3052,-0.322,0.144,0.805,0.842,,,,
ICRF J030106.7-181217,45.27797698,-18.20495064,-0.3757,-0.2055,0.4283,241.32,0.2461,0.3713,-0.126,0.068,1.629,1.624,,,,
ICRF J030116.2-312615,45.31768431,-31.43771917,-0.0617,-0.2147,0.2234,196.04,0.1474,0.3053,-0.069,-0.287,0.871,0.819,,,,
ICRF J030116.6-165245,45.31926106,-16.87919490,0.1645,0.8577,0.8733,10.86,0.1409,0.2612,-0.033,0.040,3.506,3.485,,,,
ICRF J030123.6+011835,45.34836241,1.30999895,0.5027,-0.0579,0.5060,96.57,0.3887,0.3831,-0.127,-0.062,1.295,1.302,,,,
ICRF J030133.7+060227,45.39047454,6.04091173,0.2453,0.1024,0.2658,67.34,0.2428,0.2759,-0.116,0.285,1.033,1.076,,,,
ICRF J030222.7+533146,45.59473096,53.52957911,-0.4565,0.3948,0.6036,310.85,0.9043,0.8660,0.124,0.559,1.016,0.680,,,,
ICRF J030326.5-240711,45.86042853,-24.11984107,-0.2039,0.9063,0.9289,347.32,0.1840,0.3994,-0.059,0.102,2.471,2.525,226.0,18.0,58.68,121.32
ICRF J030335.2+471616,45.89684258,47.27118763,-0.0638,-0.2949,0.3018,192.20,0.0625,0.0612,-0.074,0.121,4.867,4.925,117.0,62.0,75.20,75.20
ICRF J030350.6-621125,45.96096399,-62.19043057,0.1815,0.0603,0.1913,71.61,0.1160,0.1028,0.166,0.175,1.598,1.671,,,,
ICRF J030422.0+682137,46.09168280,68.36040958,-2.3311,3.7466,4.4126,328.11,3.7728,3.5726,0.009,-0.752,1.080,1.217,,,,
ICRF J030429.2-433316,46.12167583,-43.55445237,0.2349,0.3398,0.4131,34.65,0.4466,0.6855,-0.404,-0.301,0.864,0.723,,,,
ICRF J030441.3+334843,46.17234351,33.81209191,0.3149,-0.3132,0.4442,134.84,0.2363,0.2402,-0.126,0.354,2.183,1.865,,,,
ICRF J030510.2+173459,46.29260075,17.58308149,-0.8103,-0.0351,0.8111,267.52,1.1151,0.9920,-0.221,-0.088,0.734,0.728,,,,
ICRF J030519.5-242134,46.33132778,-24.35949950,3.0784,-3.4314,4.6099,138.10,0.8321,1.4475,-0.545,0.268,4.275,4.394,,,,
ICRF J030638.9+820032,46.66227080,82.00907681,-0.3069,-0.4313,0.5293,215.43,0.3472,0.4255,0.315,-0.011,1.194,1.345,,,,
ICRF J030826.2+040639,47.10926583,4.11091688,3.2397,0.8087,3.3391,75.98,0.1213,0.1254,0.015,0.131,26.988,27.483,54.0,8.0,21.98,21.98
ICRF J030902.5-360403,47.26046133,-36.06770885,-0.2425,1.7208,1.7378,351.98,0.2417,0.6123,-0.304,-0.233,2.816,2.984,,,,
ICRF J030903.6+102916,47.26509789,10.48787248,0.2610,-0.1194,0.2870,114.57,0.2373,0.1948,-0.054,0.049,1.285,1.259,64.0,23.0,50.57,50.57
ICRF J030923.2-055920,47.34703689,-5.98901404,0.0678,0.1763,0.1889,21.05,0.2731,0.4597,-0.058,0.085,0.456,0.457,,,,
ICRF J030956.0-605839,47.48374644,-60.97751567,0.1190,0.1525,0.1934,37.98,0.1148,0.1237,0.132,0.156,1.501,1.611,,,,
ICRF J031002.0-082339,47.50853882,-8.39424848,-0.7262,-0.5172,0.8915,234.54,0.3104,0.5611,0.361,0.195,2.346,2.515,,,,
ICRF J031049.8+381453,47.70783301,38.24828830,0.2442,-0.2369,0.3403,134.13,0.8139,0.4434,-0.057,-0.125,0.584,0.613,,,,
ICRF J031155.2-765150,47.98020860,-76.86412459,0.6620,0.7667,1.0129,40.81,0.2344,0.2864,0.567,-0.012,3.124,3.891,,,,
ICRF J031243.6+013317,48.18168014,1.55487919,0.3656,-0.8456,0.9212,156.62,0.2045,0.2563,-0.240,0.259,3.923,3.752,,,,
ICRF J031250.2+361519,48.20953263,36.25542878,-0.3364,-3.2419,3.2593,185.92,0.2868,0.3802,-0.053,0.027,8.655,8.608,,,,
ICRF J031301.9+412001,48.25817550,41.33366207,-0.9365,0.6005,1.1125,302.67,0.1508,0.1519,-0.093,0.397,9.133,7.362,305.0,14.0,2.33,2.33
ICRF J031313.4+022835,48.30585612,2.47647407,-0.1695,0.5332,0.5595,342.37,0.6472,0.6790,-0.196,0.309,0.921,0.828,,,,
ICRF J031357.6+411523,48.49019056,41.25665912,-26.9399,-5.5238,27.5004,258.41,1.4841,1.2305,0.477,0.358,18.416,18.699,,,,
ICRF J031521.1+101243,48.83808255,10.21196775,1.1264,-2.4508,2.6972,155.32,0.2663,0.2305,-0.149,0.222,12.399,11.443,,,,
ICRF J031527.6-165629,48.86532671,-16.94158734,0.2645,0.8288,0.8700,17.70,0.3027,0.4232,-0.028,0.378,1.999,2.145,,,,
ICRF J031733.6-280318,49.39041376,-28.05517008,14.5416,-35.5390,38.3990,157.75,16.7456,28.5600,-0.261,-0.961,1.717,1.517,,,,
ICRF J031757.6-441417,49.49033109,-44.23810090,-0.2039,-3.3968,3.4029,183.44,3.4533,2.1154,-0.408,0.278,1.652,1.607,,,,
ICRF J031905.5-161347,49.77303333,-16.22973546,0.0422,0.4545,0.4564,5.30,0.2774,0.3760,-0.089,-0.228,1.253,1.218,,,,
ICRF J031924.0+310144,49.85004671,31.02901267,0.0341,0.1174,0.1223,16.21,0.3093,0.3516,0.026,0.306,0.338,0.352,,,,
ICRF J031948.1+413042,49.95066713,41.51169545,0.4308,2.0427,2.0877,11.91,0.0673,0.0856,0.044,0.333,24.321,24.714,173.0,60.0,18.91,161.09
ICRF J031951.2+190131,49.96356966,19.02535864,1.1222,5.1956,5.3154,12.19,2.8066,2.6446,-0.165,0.172,1.966,2.005,,,,
ICRF J032046.4-383728,50.19335148,-38.62458237,0.2876,0.5247,0.5984,28.73,0.3977,0.5702,-0.098,-0.054,1.207,1.170,,,,
ICRF J032128.7-312256,50.36975161,-31.38231521,0.2044,-0.1525,0.2550,126.72,0.2899,0.7312,0.312,-0.281,0.827,0.735,,,,
ICRF J032153.1+122113,50.47126461,12.35387605,0.1215,-0.4201,0.4373,163.87,0.1860,0.1673,-0.160,0.001,2.587,2.594,,,,
ICRF J032159.8-052612,50.49945982,-5.43678568,0.3408,-0.5350,0.6343,147.50,0.2381,0.2947,0.103,0.134,2.454,2.312,,,,
ICRF J032227.2+661028,50.61345349,66.17452785,0.2724,-0.1122,0.2946,112.38,0.9717,1.5944,0.007,-0.756,0.350,0.289,,,,
ICRF J032314.7+044612,50.81134494,4.77015918,-0.0360,0.6114,0.6125,356.63,0.1656,0.2577,-0.127,0.089,2.375,2.383,,,,
ICRF J032441.1+341045,51.17150548,34.17940487,-0.0306,0.1568,0.1597,348.97,0.1026,0.1316,-0.092,0.019,1.209,1.228,126.0,15.0,42.97,137.03
ICRF J032444.2-291821,51.18456405,-29.30589379,0.2541,0.0244,0.2552,84.51,0.1399,0.2858,-0.032,-0.438,1.845,1.818,,,,
ICRF J032513.3-241548,51.30560267,-24.26334803,-0.4277,-0.3326,0.5418,232.13,0.5016,0.7055,0.056,-0.149,1.035,0.974,,,,
ICRF J032520.3+465506,51.33459941,46.91850968,-1.5499,0.1303,1.5553,274.81,0.4166,0.3398,-0.212,0.300,3.965,3.740,,,,
ICRF J032536.8+222400,51.40339314,22.40010156,-0.5241,-0.4401,0.6844,229.98,0.3721,0.2471,-0.058,-0.184,2.507,2.271,,,,
ICRF J032603.0-374609,51.51250202,-37.76921665,0.9358,2.7799,2.9332,18.60,1.1762,1.2778,-0.228,-0.299,2.610,2.317,,,,
ICRF J032615.0-324325,51.56269000,-32.72362173,-0.0107,-1.0596,1.0597,180.58,0.4040,1.0235,-0.635,-0.100,1.357,1.036,,,,
ICRF J032743.3-180342,51.93059011,-18.06167433,-0.1963,0.2388,0.3092,320.58,0.2371,0.5340,-0.687,-0.037,0.829,0.941,,,,
ICRF J032754.1+023341,51.97581248,2.56166179,12.4458,13.2412,18.1721,43.23,1.6362,1.4585,0.026,-0.062,12.212,11.844,,,,
ICRF J032759.2+004422,51.99673140,0.73964623,-0.2260,0.3002,0.3758,323.03,0.1470,0.2030,0.108,0.278,2.354,2.133,,,,
ICRF J032759.9-220206,51.99968326,-22.03510986,-0.5133,-0.2411,0.5671,244.84,0.1774,0.2980,-0.010,-0.364,3.128,3.005,,,,
ICRF J032850.3+394044,52.20963370,39.67904621,0.1937,-0.0515,0.2004,104.89,0.0839,0.0795,0.007,0.363,2.613,2.398,,,,
ICRF J032915.3+351005,52.31397877,35.16833086,-0.1954,-0.0418,0.1998,257.92,0.1149,0.1241,-0.128,0.148,1.731,1.733,,,,
ICRF J032954.0-235708,52.47531481,-23.95243706,0.4211,0.3689,0.5598,48.78,0.2725,0.3409,-0.056,0.043,1.860,1.887,,,,
ICRF J032957.6+275615,52.49028921,27.93763868,0.0281,0.0827,0.0873,18.79,0.1691,0.1504,-0.364,0.145,0.589,0.574,,,,
ICRF J033108.9-252443,52.78716930,-25.41201834,-0.0444,0.0324,0.0550,306.14,0.1303,0.3147,-0.441,-0.059,0.342,0.356,,,,
ICRF J033147.4+240310,52.94782453,24.05283098,2.2833,-0.4622,2.3296,101.44,1.0542,0.6732,0.235,-0.022,2.420,2.272,,,,
ICRF J033150.7-105155,52.96148636,-10.86541856,-2.6458,3.7502,4.5896,324.80,0.9011,0.9964,-0.416,0.032,4.673,4.774,,,,
ICRF J033356.7+653656,53.48640731,65.61560692,0.6567,0.3945,0.7661,59.01,0.2077,0.2188,-0.033,-0.268,3.761,3.640,60.0,7.0,0.99,0.99
ICRF J033413.6-400825,53.55689370,-40.14038833,-0.4149,0.1246,0.4332,286.71,0.0655,0.0726,-0.018,-0.179,6.383,6.561,,,,
ICRF J033415.4-372543,53.56427044,-37.42862890,0.0854,-0.1572,0.1789,151.50,0.1287,0.3389,-0.521,-0.113,0.679,0.810,,,,
ICRF J033553.9-543025,53.97468680,-54.50697637,-0.3580,-1.5715,1.6118,192.83,0.5703,0.6237,0.159,-0.196,2.762,2.597,,,,
ICRF J033630.1+321829,54.12544834,32.30815062,-0.0830,-0.0249,0.0866,253.31,0.0910,0.0710,-0.097,0.081,0.964,0.977,120.0,36.0,46.69,133.31
ICRF J033635.0-130204,54.14598257,-13.03462779,-0.8684,-0.8269,1.1991,226.40,0.6630,0.5932,0.016,0.021,1.893,1.913,,,,
ICRF J033654.0-361606,54.22509776,-36.26839552,0.8912,0.2450,0.9242,74.63,0.1507,0.2077,-0.132,-0.271,6.300,6.031,,,,
ICRF J033755.4-120404,54.48104806,-12.06792849,0.1043,-1.8953,1.8982,176.85,0.7228,1.4323,-0.245,-0.120,1.327,1.331,,,,
ICRF J033817.8+224335,54.57421860,22.72666226,-0.2170,-0.2027,0.2970,226.94,0.2635,0.3678,-0.452,0.329,1.124,0.991,,,,
ICRF J033900.9-013317,54.75410902,-1.55489100,0.3901,0.7140,0.8136,28.65,0.2688,0.3047,0.089,-0.040,2.741,2.757,,,,
ICRF J033930.9-014635,54.87890744,-1.77661227,0.1587,0.0307,0.1617,79.04,0.0661,0.0576,-0.009,0.027,2.450,2.459,68.0,77.0,11.04,11.04
ICRF J034010.7+473227,55.04495356,47.54092086,-0.0072,0.0715,0.0719,354.26,0.2003,0.2007,0.124,0.209,0.371,0.358,,,,
ICRF J034032.5-025454,55.13581539,-2.91506406,0.4071,0.4152,0.5815,44.43,0.7514,0.6600,-0.193,0.014,0.828,0.830,,,,
ICRF J034035.6-211931,55.14836608,-21.32532559,-1.0003,-0.6721,1.2051,236.10,0.0636,0.0712,0.035,-0.229,19.361,18.340,,,,
ICRF J034109.9+335221,55.29155702,33.87267929,-1.2817,0.1134,1.2867,275.05,1.2947,0.7293,0.353,0.198,1.053,1.002,,,,
ICRF J034216.2+385906,55.56778706,38.98507669,0.2629,0.2128,0.3382,51.01,0.5392,0.5693,-0.112,0.854,0.488,0.614,,,,
ICRF J034244.9-135451,55.68744956,-13.91434993,-0.5935,-1.4689,1.5842,202.00,0.3796,0.5999,-0.072,-0.095,3.017,2.905,,,,
ICRF J034319.5-253017,55.83134956,-25.50483504,0.0579,-0.2911,0.2968,168.75,0.1473,0.2995,-0.164,-0.237,0.998,1.048,,,,
ICRF J034328.9+362212,55.87063507,36.37011937,-0.0013,-0.1131,0.1131,180.67,0.7207,0.7089,0.022,0.542,0.188,0.160,,,,
ICRF J034423.1+155943,56.09655066,15.99538032,0.1475,-0.2360,0.2783,147.98,0.4381,0.3851,-0.036,0.408,0.869,0.699,,,,
ICRF J034506.4+145349,56.27673555,14.89709951,-7.1107,3.1515,7.7778,293.90,7.8881,4.2931,-0.077,-0.730,0.908,1.163,,,,
ICRF J034711.6+484237,56.79838898,48.71040925,-0.8328,1.3050,1.5481,327.46,26.8585,10.5764,0.095,0.820,0.261,0.127,,,,
ICRF J034735.0+730902,56.89599253,73.15081137,-1.6049,1.0556,1.9210,303.33,0.5771,0.4681,-0.285,-0.024,3.209,3.580,,,,
ICRF J034757.1+233955,56.98796539,23.66536799,-0.8754,1.0290,1.3510,319.61,1.7324,1.2538,-0.255,0.528,1.367,0.964,,,,
ICRF J034838.1-274913,57.15893571,-27.82043494,0.3464,-0.1286,0.3695,110.37,0.1165,0.1738,-0.132,-0.511,3.075,3.063,,,,
ICRF J034839.2-161017,57.16362805,-16.17159781,-0.4180,0.3569,0.5496,310.49,0.1020,0.1779,-0.003,-0.658,4.389,4.564,,,,
ICRF J034845.1+414914,57.18800970,41.82074320,1.1125,0.2798,1.1471,75.88,0.6529,0.5365,0.137,0.246,1.708,1.782,,,,
ICRF J034918.7+460959,57.32808990,46.16657162,-0.7199,-0.5910,0.9314,230.61,0.4993,0.3933,-0.078,0.355,1.791,2.083,,,,
ICRF J034957.8-210247,57.49094447,-21.04659489,-0.0770,0.3017,0.3114,345.69,0.3457,0.4078,-0.011,-0.216,0.743,0.773,251.0,85.0,85.31,94.69
ICRF J035110.9-115322,57.79573717,-11.88962921,-0.0180,0.4323,0.4327,357.61,0.1777,0.1729,0.320,-0.115,2.513,2.503,,,,
ICRF J035211.0-251450,58.04605153,-25.24729657,-0.1030,0.4596,0.4710,347.37,0.1382,0.2766,-0.416,-0.564,1.661,1.821,,,,
ICRF J035424.1+044107,58.60053709,4.68535133,0.1978,0.3923,0.4393,26.76,0.2431,0.2510,-0.275,0.184,1.711,1.762,,,,
ICRF J035425.0-161622,58.60428471,-16.27290313,-0.3899,0.3738,0.5402,313.79,0.2301,0.4237,-0.166,-0.226,1.801,1.910,,,,
ICRF J035430.0+464318,58.62504858,46.72187500,-0.9084,-1.0443,1.3841,221.02,2.0982,1.2476,-0.017,0.211,0.877,0.942,,,,
ICRF J035446.1+800928,58.69219164,80.15801313,1.5918,-2.3071,2.8030,145.40,0.8443,1.3415,-0.190,0.043,2.604,2.552,139.0,5.0,6.40,6.40
ICRF J035516.5+390909,58.81912709,39.15272381,-0.2539,-0.6040,0.6552,202.80,0.6196,0.7491,0.018,0.587,0.869,0.904,,,,
ICRF J035547.8-664533,58.94951431,-66.75939370,0.3362,-0.3073,0.4554,132.43,0.2587,0.2232,0.573,-0.141,2.390,1.893,,,,
ICRF J035608.4+290342,59.03525809,29.06175573,0.0622,-1.1030,1.1048,176.77,0.4381,0.3220,-0.121,0.231,3.512,3.429,,,,
ICRF J035625.1+604357,59.10499487,60.73277212,-0.6036,0.4703,0.7652,307.92,0.2562,0.2592,-0.097,-0.079,2.865,2.974,,,,
ICRF J035654.2+001331,59.22617508,0.22538253,84.6640,175.8728,195.1902,25.71,45.8940,76.1497,0.008,0.897,2.364,2.956,,,,
ICRF J035721.6+231953,59.34004121,23.33161811,0.8511,-0.5437,1.0099,122.57,2.2721,1.8646,-0.185,-0.308,0.418,0.475,,,,
ICRF J035721.9-481215,59.34132506,-48.20421049,-0.4223,-2.7239,2.7564,188.81,0.1663,0.5312,-0.034,-0.278,5.812,5.722,,,,
ICRF J035743.2-075114,59.43038851,-7.85404652,0.1794,-0.4845,0.5166,159.68,0.1335,0.2272,-0.350,-0.073,2.292,2.520,,,,
ICRF J035746.1+054231,59.44219033,5.70868300,0.0303,-0.0975,0.1021,162.71,0.4207,0.3723,-0.101,0.138,0.279,0.272,,,,
ICRF J035830.1+560644,59.62578401,56.11235016,2.4254,-1.0619,2.6477,113.64,3.7606,3.0598,-0.012,0.026,0.741,0.732,,,,
ICRF J035902.6+600522,59.76099961,60.08946378,-0.1777,0.1924,0.2619,317.27,0.3936,0.4101,0.021,0.151,0.704,0.651,,,,
ICRF J035923.2-031034,59.84670549,-3.17611743,-3.8346,0.3099,3.8471,274.62,1.5408,1.6953,-0.184,0.089,2.491,2.495,,,,
ICRF J035927.9+275824,59.86639822,27.97334641,-1.0139,-1.0365,1.4500,224.37,3.1143,1.3635,-0.073,0.640,0.786,0.827,,,,
ICRF J035929.7+505750,59.87394697,50.96393385,-0.0279,-0.5667,0.5674,182.82,0.5681,0.3634,0.028,0.009,1.560,1.560,113.0,161.0,69.82,69.82
ICRF J035933.6-261531,59.89034109,-26.25870316,0.0231,0.3239,0.3247,4.08,0.4661,0.7164,-0.574,-0.337,0.515,0.455,,,,
ICRF J035944.9+322047,59.93713719,32.34643219,0.0678,0.5155,0.5199,7.49,0.4517,0.3148,-0.006,0.335,1.679,1.644,,,,
ICRF J040011.7+055043,60.04889744,5.84531189,-0.2087,0.1752,0.2725,310.01,0.1658,0.1931,-0.126,0.018,1.516,1.551,,,,
ICRF J040106.6-160639,60.27765313,-16.11083634,1.7931,-3.9503,4.3382,155.59,0.3086,0.3434,0.153,-0.159,12.519,12.889,,,,
ICRF J040119.9+041334,60.33297073,4.22622421,-0.0511,0.2462,0.2515,348.27,0.2730,0.2544,0.033,0.185,1.024,0.986,,,,
ICRF J040145.1+211028,60.43819199,21.17460749,-0.2606,-0.0472,0.2649,259.72,0.6012,0.2283,-0.036,0.367,0.437,0.480,,,,
ICRF J040212.6+824135,60.55282132,82.69309111,-2.1525,-2.6627,3.4239,218.95,2.5217,3.0122,0.056,0.244,1.139,1.229,,,,
ICRF J040216.7-145820,60.56994700,-14.97249865,-2.6237,0.8848,2.7689,288.64,0.1807,0.3167,0.018,-0.185,14.711,14.783,,,,
ICRF J040221.2-314725,60.58860833,-31.79054044,-0.6558,-0.0028,0.6558,269.76,0.2719,0.3237,-0.128,-0.260,2.497,2.412,,,,
ICRF J040305.5+260001,60.77327534,26.00041744,0.3384,-0.0778,0.3473,102.95,0.4425,0.2375,-0.111,0.013,0.835,0.832,79.0,47.0,23.95,23.95
ICRF J040341.7-244408,60.92390025,-24.73568296,0.2304,-0.4603,0.5147,153.40,0.3523,0.5362,0.038,-0.408,0.979,1.079,,,,
ICRF J040353.7-360501,60.97395792,-36.08386477,-0.0187,0.0171,0.0254,312.41,0.0480,0.0500,0.104,-0.150,0.510,0.519,,,,
ICRF J040534.0-130813,61.39168080,-13.13713637,0.2259,-0.2424,0.3314,137.01,0.0606,0.0556,-0.225,-0.135,5.321,5.740,183.0,26.0,45.99,45.99
ICRF J040612.2-174957,61.55101883,-17.83275769,8.6126,-2.3301,8.9222,105.14,0.1828,0.3773,-0.171,-0.195,47.148,47.518,,,,
ICRF J040634.3+063714,61.64294794,6.62083012,0.0993,0.1959,0.2196,26.87,0.2171,0.2183,-0.001,0.285,0.952,1.007,,,,
ICRF J040639.3-235503,61.66391688,-23.91771889,-0.9604,0.2341,0.9885,283.70,0.5537,0.4607,-0.336,-0.399,1.739,1.807,,,,
ICRF J040659.0-382628,61.74598057,-38.44112288,0.1382,0.2620,0.2962,27.82,0.0751,0.0814,-0.042,-0.191,4.001,3.708,,,,
ICRF J040729.0+074207,61.87119454,7.70207540,0.0852,0.0592,0.1038,55.23,0.1842,0.1709,0.064,0.416,0.531,0.578,,,,
ICRF J040733.9-330346,61.89130720,-33.06287726,-0.2978,0.4797,0.5646,328.17,0.1666,0.2888,0.096,-0.204,2.379,2.440,,,,
ICRF J040737.8+063804,61.90779082,6.63459054,0.0597,0.4943,0.4979,6.89,0.1545,0.2991,-0.156,0.274,1.753,1.698,,,,
ICRF J040748.4-121136,61.95179575,-12.19351653,-0.0118,-0.3651,0.3653,181.85,0.0524,0.0765,0.014,-0.156,4.774,4.775,,,,
ICRF J040818.5-012234,62.07722552,-1.37635982,1.3491,0.3786,1.4012,74.33,0.8964,0.6785,-0.215,-0.221,1.753,1.605,,,,
ICRF J040859.6-052940,62.24854142,-5.49459401,0.1233,-0.2830,0.3087,156.45,0.3279,0.3700,-0.374,0.332,0.930,0.852,,,,
ICRF J040905.7-123848,62.27404054,-12.64670662,-0.2124,-0.2065,0.2963,225.81,0.1259,0.1230,-0.131,-0.146,2.565,2.380,,,,
ICRF J040922.0+121739,62.34170296,12.29440212,-0.1099,0.1564,0.1912,324.90,0.3180,0.2436,-0.223,0.261,0.821,0.729,,,,
ICRF J040925.8+064035,62.35769883,6.67641740,1.7240,2.4137,2.9661,35.54,1.0928,0.8967,-0.034,0.357,2.781,3.120,,,,
ICRF J040940.5-194801,62.41895490,-19.80049526,0.0543,0.6763,0.6784,4.59,0.3276,0.6625,0.421,-0.275,1.041,1.034,,,,
ICRF J041125.2-275820,62.85513384,-27.97244750,1.6617,-1.0098,1.9445,121.29,1.3726,1.7117,-0.066,-0.278,1.240,1.347,,,,
ICRF J041133.8+084311,62.89107307,8.71983772,-0.6737,0.3257,0.7483,295.80,0.6970,0.4981,-0.070,-0.224,1.075,1.167,,,,
ICRF J041238.1+043806,63.15911252,4.63500986,-0.5299,0.0212,0.5303,272.29,0.5003,0.4122,-0.060,0.115,1.070,1.060,,,,
ICRF J041243.6+230505,63.18194529,23.08484794,-0.0436,-0.4105,0.4128,186.06,0.1495,0.1150,-0.242,0.324,3.572,3.581,,,,
ICRF J041328.2-061501,63.36766499,-6.25041442,0.1569,-0.1275,0.2022,129.08,0.2763,0.6224,-0.521,-0.158,0.576,0.604,,,,
ICRF J041337.0+525052,63.40452656,52.84804006,1.5521,-0.1936,1.5641,97.11,0.7742,0.4732,0.256,-0.112,2.018,2.046,,,,
ICRF J041340.3+111214,63.41808751,11.20410722,0.3384,0.1436,0.3676,67.01,0.1290,0.1169,-0.299,0.385,2.751,2.897,,,,
ICRF J041556.5+445249,63.98552707,44.88046767,-1.0059,-1.6066,1.8955,212.05,1.3746,0.7996,0.069,-0.052,2.176,2.138,,,,
ICRF J041604.3-205627,64.01816557,-20.94097709,0.6140,-0.7837,0.9956,141.92,0.3172,0.3494,-0.130,-0.638,2.393,2.963,,,,
ICRF J041610.0-340303,64.04189340,-34.05110034,-2.2781,-2.1776,3.1515,226.29,0.6466,0.8817,0.140,-0.114,4.468,4.302,,,,
ICRF J041620.5-333932,64.08546102,-33.65898701,0.0069,0.2833,0.2834,1.39,0.2863,0.6089,0.047,-0.083,0.466,0.466,,,,
ICRF J041636.5-185108,64.15226854,-18.85231673,-0.4151,0.0764,0.4221,280.43,0.2675,0.1849,0.043,-0.618,1.681,1.606,,,,
ICRF J041821.2+380135,64.58865500,38.02661108,-0.2118,-0.4174,0.4681,206.91,0.1157,0.1148,-0.010,-0.087,4.136,4.071,64.0,28.0,37.09,142.91
ICRF J041900.4-213235,64.75174341,-21.54324312,0.2106,-0.3441,0.4034,148.53,0.1682,0.4096,0.011,-0.233,1.503,1.508,,,,
ICRF J041919.4+572259,64.83088723,57.38332890,1.4036,-0.4712,1.4806,108.56,0.5778,0.4436,0.338,-0.336,2.459,2.651,,,,
ICRF J041947.2-301023,64.94668749,-30.17329251,0.3762,-0.4360,0.5758,139.21,0.3834,0.8605,-0.297,-0.167,1.007,1.104,,,,
ICRF J042018.3-150126,65.07663903,-15.02404904,-0.5064,-0.3273,0.6030,237.13,0.3169,0.3568,-0.080,-0.126,1.933,1.842,,,,
ICRF J042151.7+435210,65.46572880,43.86956383,0.1774,0.7702,0.7904,12.97,0.7118,0.5583,-0.160,-0.404,1.618,1.402,,,,
ICRF J042210.7-064345,65.54498094,-6.72925854,0.0811,-0.1811,0.1984,155.88,0.1121,0.2216,-0.361,0.218,0.969,1.091,,,,
ICRF J042221.2+305809,65.58843230,30.96936485,-3.5760,-1.5206,3.8859,246.96,3.6496,2.4359,-0.104,0.530,0.988,1.162,,,,
ICRF J042244.3+532426,65.68499534,53.40729524,-8.5427,5.2639,10.0343,301.64,4.7342,3.9740,0.031,-0.531,1.856,2.238,,,,
ICRF J042248.4-203456,65.70192283,-20.58223136,0.0875,-0.8896,0.8939,174.38,0.5999,1.0036,0.321,-0.199,0.935,0.898,,,,
ICRF J042252.2+021926,65.71756105,2.32414743,-0.2430,0.2123,0.3227,311.14,0.2842,0.2441,-0.094,0.134,1.308,1.220,,,,
ICRF J042301.9+210802,65.75828502,21.13392424,-3.2711,-0.8712,3.3851,255.09,1.7634,1.1442,-0.058,0.541,1.874,2.005,,,,
ICRF J042315.8-012033,65.81583634,-1.34251822,-0.0682,-0.1615,0.1753,202.89,0.2915,0.1652,-0.054,-0.283,1.110,1.005,215.0,126.0,12.11,12.11
ICRF J042356.0+415002,65.98337413,41.83408693,-0.6736,-0.3071,0.7403,245.50,0.2573,0.1641,-0.020,0.150,3.023,3.218,301.0,64.0,55.50,55.50
ICRF J042402.5+022642,66.01074035,2.44517597,-0.4274,-0.1913,0.4683,245.89,0.1905,0.2812,0.008,-0.198,2.366,2.345,,,,
ICRF J042408.5+020424,66.03567513,2.07360118,-0.2500,0.0620,0.2576,283.92,0.1078,0.1813,0.035,-0.311,2.342,2.343,,,,
ICRF J042423.4+144216,66.09787806,14.70463396,2.3758,-1.8470,3.0093,127.86,0.8969,0.7438,-0.450,0.315,3.956,3.631,,,,
ICRF J042433.7-384841,66.14048421,-38.81156753,0.1639,0.2232,0.2770,36.29,0.2299,0.4627,-0.366,-0.119,1.000,0.861,,,,
ICRF J042442.2-375620,66.17601543,-37.93910675,0.2575,0.2838,0.3832,42.22,0.1888,0.2423,0.045,-0.168,1.957,1.798,,,,
ICRF J042446.8+003606,66.19517526,0.60175816,-0.0033,0.0163,0.0167,348.73,0.0492,0.0458,-0.063,-0.169,0.359,0.363,10.0,32.0,21.27,21.27
ICRF J042457.6+080517,66.24001194,8.08814643,-0.2691,-0.0432,0.2725,260.88,0.6232,0.4375,0.039,-0.104,0.454,0.443,,,,
ICRF J042541.9+223507,66.42477352,22.58534722,-0.9468,-1.3848,1.6775,214.36,1.1020,1.2135,-0.214,0.515,1.426,1.428,,,,
ICRF J042630.2+295222,66.62594223,29.87303722,1.4451,1.0577,1.7908,53.80,0.3251,0.2849,0.076,0.204,5.441,5.791,,,,
ICRF J042636.6+051819,66.65251709,5.30552006,-0.0870,0.1219,0.1497,324.48,0.2297,0.2226,-0.052,0.192,0.717,0.666,,,,
ICRF J042650.0+682552,66.70862527,68.43136931,-0.8568,0.4150,0.9520,295.85,0.1435,0.1748,-0.175,-0.017,6.277,6.427,,,,
ICRF J042726.1-070031,66.85899676,-7.00868432,0.3658,0.4063,0.5467,42.00,0.3275,0.2901,-0.182,0.205,1.674,1.791,,,,
ICRF J042747.5+045708,66.94821056,4.95231264,-4.6351,-0.6773,4.6843,261.69,2.3514,0.7845,-0.477,-0.522,2.953,2.152,,,,
ICRF J042835.6+173223,67.14847367,17.53988543,0.1383,-0.1769,0.2245,141.98,0.1884,0.2472,-0.165,0.388,1.032,1.025,,,,
ICRF J042840.4-375619,67.16843445,-37.93877242,0.0283,-0.0031,0.0284,96.34,0.0411,0.0483,0.113,-0.168,0.692,0.690,,,,
ICRF J042929.1+181552,67.37147363,18.26449388,-0.1603,0.6063,0.6271,345.19,0.6529,0.4474,-0.374,0.189,1.409,1.377,,,,
ICRF J042952.9+272437,67.47066986,27.41052115,-0.5335,-0.0448,0.5354,265.20,0.4112,0.2757,-0.004,0.184,1.300,1.308,,,,
ICRF J043016.0-250738,67.56681686,-25.12748950,-0.0101,0.8608,0.8609,359.33,0.2630,0.6963,0.169,-0.211,1.260,1.237,,,,
ICRF J043128.0-040627,67.86703563,-4.10758882,0.3298,-0.0059,0.3298,91.02,0.1604,0.1893,-0.243,-0.107,2.074,2.056,,,,
ICRF J043157.3+173135,67.98908015,17.52660420,0.1757,3.1576,3.1625,3.18,4.4135,1.6265,-0.310,0.363,2.063,1.942,,,,
ICRF J043221.1-510925,68.08824285,-51.15699613,0.5092,1.1520,1.2595,23.85,1.0923,1.7640,0.619,-0.111,0.658,0.802,,,,
ICRF J043236.5+413828,68.15209426,41.64123605,30.3662,24.5620,39.0563,51.03,0.4208,0.3663,0.202,-0.140,102.405,98.512,216.0,2.0,15.03,164.97
ICRF J043240.3+450013,68.16825535,45.00382249,0.0402,-0.1324,0.1384,163.12,0.8325,0.9744,0.052,0.061,0.147,0.144,,,,
ICRF J043244.5-330911,68.18568434,-33.15331422,0.2603,0.2220,0.3421,49.54,0.2079,0.4887,0.028,-0.180,1.339,1.332,,,,
ICRF J043311.0+052115,68.29623138,5.35433868,0.4160,0.1922,0.4582,65.20,0.0388,0.0368,0.046,-0.036,11.785,11.928,241.0,38.0,4.20,175.80
ICRF J043334.1-603013,68.39211855,-60.50382484,0.0769,0.0574,0.0960,53.26,0.2002,0.2924,0.006,-0.198,0.436,0.432,,,,
ICRF J043337.8+290555,68.40762442,29.09874363,2.0688,0.6192,2.1595,73.34,0.6972,0.5063,0.017,0.448,2.970,3.210,49.0,64.0,24.34,24.34
ICRF J043419.0-144255,68.57927141,-14.71537728,-0.3412,0.6418,0.7269,332.01,0.2160,0.2397,-0.055,-0.078,3.024,3.109,,,,
ICRF J043534.5+253259,68.89409564,25.54991626,0.2012,1.5455,1.5586,7.42,2.4577,1.4921,0.007,-0.605,1.357,1.039,,,,
ICRF J043651.2-235956,69.21366322,-23.99891732,-0.3339,-2.4059,2.4289,187.90,0.7574,1.4493,-0.132,-0.301,1.831,1.718,,,,
ICRF J043701.4-184448,69.25617807,-18.74683710,0.0461,-0.1770,0.1829,165.39,0.1297,0.1382,-0.398,-0.130,1.289,1.329,,,,
ICRF J043704.3-714820,69.26824328,-71.80560132,0.1516,-0.0118,0.1521,94.43,0.2197,0.3027,0.131,0.083,0.698,0.691,,,,
ICRF J043736.5-295404,69.40236951,-29.90114418,0.4180,1.9182,1.9632,12.29,0.1325,0.3304,0.390,-0.299,5.904,6.608,,,,
ICRF J043804.9+300445,69.52061801,30.07931053,-0.1481,-0.0628,0.1609,247.01,0.3052,0.2450,-0.117,0.015,0.552,0.549,,,,
ICRF J043835.0-125103,69.64592087,-12.85093308,0.0490,0.0512,0.0709,43.74,0.1984,0.1556,0.031,-0.123,0.435,0.411,,,,
ICRF J043855.8+215310,69.73285408,21.88619640,-1.0041,-0.0391,1.0049,267.77,0.4865,0.3567,-0.193,0.118,2.065,2.067,,,,
ICRF J043900.8-452222,69.75356110,-45.37293422,-0.0009,0.0441,0.0441,358.89,0.2253,0.3012,0.080,-0.043,0.146,0.146,,,,
ICRF J043953.2-301745,69.97167257,-30.29600710,0.3176,0.6290,0.7046,26.79,0.2172,0.4029,0.204,-0.284,2.175,2.139,,,,
ICRF J044017.1-433308,70.07158323,-43.55239009,0.5931,-0.1405,0.6096,103.33,0.1507,0.1829,0.033,-0.105,3.963,4.010,,,,
ICRF J044021.1+143756,70.08808079,14.63248645,0.2611,0.1679,0.3104,57.27,0.5860,0.2925,-0.068,0.333,0.654,0.727,,,,
ICRF J044027.7+272840,70.11558081,27.47796647,-0.1771,-0.3334,0.3775,207.97,0.4663,0.3094,-0.208,0.017,1.149,1.143,,,,
ICRF J044047.7-695218,70.19898905,-69.87169058,0.0323,-0.6523,0.6531,177.17,0.3622,0.6345,0.015,0.033,1.034,1.032,,,,
ICRF J044119.5-295236,70.33129620,-29.87676855,8.0967,-1.9925,8.3383,103.82,0.4135,0.8915,-0.220,-0.075,19.609,19.707,,,,
ICRF J044237.6-282530,70.65690501,-28.42523229,0.2358,0.7124,0.7505,18.32,0.1262,0.2988,-0.117,-0.231,3.241,3.030,,,,
ICRF J044238.6-001743,70.66108635,-0.29539471,0.7647,0.7495,1.0707,45.58,0.1563,0.1082,0.156,0.065,8.206,8.479,221.0,22.0,4.58,175.42
ICRF J044243.9+282538,70.68326712,28.42734616,0.2663,0.5670,0.6264,25.16,0.6249,0.4222,0.082,-0.046,1.384,1.409,,,,
ICRF J044251.1+184338,70.71317214,18.72748355,-0.4211,-2.3010,2.3393,190.37,0.5422,0.3022,0.124,-0.149,7.672,7.654,,,,
ICRF J044412.4+104247,71.05194223,10.71312871,0.0553,0.0699,0.0891,38.34,0.3367,0.2503,-0.344,0.172,0.317,0.324,,,,
ICRF J044501.4+071553,71.25595320,7.26497610,-0.5814,0.5602,0.8074,313.94,0.5344,0.2973,-0.180,0.343,2.448,2.176,,,,
ICRF J044546.3+783858,71.44297963,78.64949374,0.9920,0.7967,1.2723,51.23,0.9475,1.2255,0.669,-0.025,1.049,1.232,,,,
ICRF J044611.4+390017,71.54789179,39.00474999,0.0852,-0.4366,0.4448,168.96,0.3771,0.2251,0.095,0.024,1.959,1.952,,,,
ICRF J044817.3-210944,72.07242404,-21.16245303,-0.2464,0.0994,0.2657,291.97,0.1334,0.2792,-0.035,-0.318,1.857,1.881,,,,
ICRF J044821.7+095051,72.09057681,9.84762779,0.2156,0.4987,0.5433,23.38,0.2704,0.1974,-0.011,0.189,2.574,2.650,,,,
ICRF J044823.9-262614,72.09984924,-26.43745581,0.3837,-0.5193,0.6457,143.54,0.2428,0.5239,-0.374,0.002,1.679,1.865,,,,
ICRF J044848.5-741731,72.20232513,-74.29201271,0.2007,0.1452,0.2477,54.11,0.1745,0.1909,0.093,0.062,1.328,1.378,,,,
ICRF J044849.4-093531,72.20612403,-9.59208378,-0.1020,0.9121,0.9178,353.62,0.1497,0.3416,-0.502,-0.162,2.724,2.756,,,,
ICRF J044850.4+112754,72.21005032,11.46510311,-0.2080,-0.2160,0.2999,223.93,0.2449,0.2304,-0.333,0.053,1.342,1.265,,,,
ICRF J044900.1+823319,72.25080621,82.55540191,-0.1422,0.1647,0.2175,319.19,0.2612,0.2638,0.454,-0.111,0.857,0.828,,,,
ICRF J044907.6+112128,72.28196292,11.35794343,-0.1224,-0.3822,0.4013,197.76,0.3184,0.1633,-0.042,0.084,2.349,2.372,128.0,30.0,69.76,69.76
ICRF J044912.5+175431,72.30213150,17.90877628,-0.1964,-0.5464,0.5806,199.77,0.4028,0.2446,-0.356,-0.110,2.375,2.287,,,,
ICRF J044921.1+072910,72.33821096,7.48630441,0.4778,0.4421,0.6509,47.22,0.2180,0.3661,-0.092,0.170,2.598,2.502,,,,
ICRF J044923.3+633209,72.34712736,63.53595391,0.1344,-0.0024,0.1344,91.04,0.1898,0.1814,-0.038,-0.523,0.809,0.708,,,,
ICRF J044942.2-391109,72.42606092,-39.18596361,0.8887,-1.7357,1.9499,152.89,0.1451,0.3808,-0.206,-0.108,6.997,7.634,,,,
ICRF J044942.9-005722,72.42877479,-0.95620925,0.6367,-0.6068,0.8795,133.62,0.3965,0.2770,0.169,0.147,2.930,2.716,,,,
ICRF J045005.4-810102,72.52266754,-81.01728651,-0.1216,-0.1088,0.1632,228.19,0.1714,0.2147,0.033,0.118,0.828,0.872,,,,
ICRF J045035.9-183700,72.64962339,-18.61677979,6.8768,1.5208,7.0430,77.53,0.1763,0.2321,-0.156,-0.246,41.625,39.545,,,,
ICRF J045242.6+123624,73.17750469,12.60683060,0.6347,0.4717,0.7908,53.38,0.4536,0.3426,-0.391,0.261,1.919,1.963,,,,
ICRF J045302.2+012835,73.25932760,1.47656353,-1.3407,-2.2721,2.6382,210.54,1.4420,1.1077,0.054,0.190,2.125,2.252,,,,
ICRF J045314.6-280737,73.31102833,-28.12703528,0.0105,-0.1635,0.1639,176.32,0.0675,0.0779,-0.084,-0.194,2.107,2.105,5.0,3.0,8.68,171.32
ICRF J045316.6-394905,73.31924660,-39.81831442,-1.8471,0.4428,1.8995,283.48,2.2911,1.7082,-0.445,-0.250,0.808,0.847,,,,
ICRF J045520.7+065538,73.83630293,6.92746528,-2.3812,2.1652,3.2184,312.28,0.7955,0.8279,-0.427,0.225,3.896,3.975,,,,
ICRF J045550.7-461558,73.96155203,-46.26629994,0.2776,0.1210,0.3028,66.46,0.0530,0.0607,0.146,-0.006,5.506,5.603,,,,
ICRF J045608.9-215909,74.03718237,-21.98594434,-0.0797,-0.3314,0.3408,193.52,0.1416,0.3352,-0.488,-0.070,1.549,1.137,,,,
ICRF J045647.1+040052,74.19656129,4.01470748,0.0797,0.0941,0.1233,40.26,0.0975,0.1767,-0.099,0.181,1.009,0.975,,,,
ICRF J045703.1-232452,74.26324677,-23.41445009,0.0387,0.0133,0.0409,70.99,0.0383,0.0424,-0.054,0.020,1.065,1.059,106.0,132.0,35.01,35.01
ICRF J045707.7+064507,74.28212475,6.75201683,0.0066,-0.6217,0.6218,179.39,0.2112,0.1734,-0.093,0.375,3.610,3.585,,,,
ICRF J045754.3-181916,74.47635497,-18.32113150,-0.0380,0.1231,0.1289,342.84,0.1097,0.2496,-0.169,-0.034,0.563,0.603,,,,
ICRF J045848.7+060803,74.70321488,6.13440543,-4.6048,0.2487,4.6115,273.09,3.5060,1.8133,-0.094,-0.568,1.505,1.321,,,,
ICRF J045854.8+550842,74.72850044,55.14501636,-0.1763,-0.0268,0.1783,261.36,0.4454,0.3227,0.019,-0.047,0.408,0.404,,,,
ICRF J045933.0+310634,74.88764062,31.10952452,-0.0755,-0.5318,0.5371,188.08,0.1885,0.1817,0.064,-0.056,2.951,2.955,,,,
ICRF J045952.0+022931,74.96687776,2.49199348,-0.0979,-0.2734,0.2904,199.70,0.1771,0.1121,0.032,0.229,2.442,2.500,,,,
ICRF J050112.8-015914,75.30337452,-1.98729346,-0.2171,0.1906,0.2889,311.29,0.1259,0.0852,-0.096,0.042,2.866,2.825,320.0,67.0,8.71,8.71
ICRF J050215.4+060907,75.56435803,6.15208166,-0.0929,-0.2368,0.2543,201.42,0.1859,0.1505,0.030,0.278,1.594,1.651,,,,
ICRF J050233.2+133810,75.63841466,13.63637745,0.8393,-0.1699,0.8563,101.45,0.2590,0.1878,0.122,-0.057,3.337,3.365,,,,
ICRF J050244.3-354114,75.68485680,-35.68745420,0.1364,0.6050,0.6202,12.71,0.9383,2.8110,0.867,-0.024,0.225,0.260,,,,
ICRF J050258.4+251625,75.74364485,25.27368770,0.7832,-0.5911,0.9812,127.05,2.0781,0.9787,-0.133,-0.559,0.606,0.712,,,,
ICRF J050356.7+340328,75.98660272,34.05780929,12.7464,13.4924,18.5611,43.37,0.5798,0.3384,0.127,-0.407,52.543,45.526,,,,
ICRF J050401.7-604952,76.00708806,-60.83126099,-2.3303,2.3782,3.3295,315.58,3.5219,4.3920,0.393,0.146,0.925,0.855,,,,
ICRF J050428.7-151226,76.11998788,-15.20745796,2.0547,1.1414,2.3504,60.95,0.3479,0.3657,-0.145,-0.207,7.295,6.680,,,,
ICRF J050454.3+280231,76.22627690,28.04221716,1.3424,-0.8576,1.5930,122.57,0.2490,0.2370,-0.173,0.071,6.410,6.494,,,,
ICRF J050523.1+045942,76.34660302,4.99520125,0.0273,-0.0800,0.0846,161.14,0.0875,0.0793,0.006,0.229,1.105,1.057,230.0,11.0,68.86,68.86
ICRF J050534.7+041554,76.39487126,4.26516080,2.7795,1.2647,3.0537,65.53,0.3053,0.5594,0.083,0.240,9.220,9.380,,,,
ICRF J050551.2-041926,76.46349332,-4.32405938,-0.1102,-0.0619,0.1264,240.69,0.6474,0.4875,-0.159,0.228,0.197,0.212,,,,
ICRF J050557.1-161558,76.48816932,-16.26611355,0.0499,0.0962,0.1084,27.40,0.1461,0.2938,-0.306,-0.032,0.549,0.473,,,,
ICRF J050634.0+214100,76.64180553,21.68337769,0.0217,-0.1703,0.1717,172.74,1.4039,0.8007,-0.101,-0.245,0.216,0.213,,,,
ICRF J050643.9-610940,76.68328645,-61.16138722,-0.2055,0.2566,0.3288,321.31,0.0767,0.0759,0.004,0.087,4.431,4.312,,,,
ICRF J050653.0-095042,76.72109906,-9.84513064,3.7261,1.6332,4.0683,66.33,1.2875,1.0557,0.380,0.131,3.118,3.282,,,,
ICRF J050754.6-610443,76.97779471,-61.07864321,-0.9800,-0.2473,1.0107,255.84,0.3052,0.6175,-0.032,0.100,3.235,3.236,,,,
ICRF J050819.0-193556,77.07916699,-19.59893714,0.9969,-0.6727,1.2027,124.01,0.4919,0.6855,-0.125,0.089,2.294,2.252,,,,
ICRF J050827.2+605627,77.11358103,60.94092673,11.5459,-14.9628,18.8996,142.34,2.2200,1.5114,-0.366,-0.122,10.680,11.183,,,,
ICRF J050838.0-330853,77.15868849,-33.14832240,0.2820,0.1804,0.3348,57.39,0.5018,0.6828,-0.278,-0.084,0.657,0.621,,,,
ICRF J050842.3+843204,77.17651463,84.53459560,-0.0631,0.2638,0.2712,346.54,0.1817,0.2256,0.013,-0.038,1.208,1.220,170.0,56.0,3.46,176.54
ICRF J050925.9+054135,77.35818526,5.69314817,0.0093,0.0495,0.0503,10.61,0.0793,0.1407,-0.133,-0.101,0.388,0.371,186.0,19.0,4.61,175.39
ICRF J050927.4+101144,77.36440444,10.19572226,0.0794,-0.0472,0.0924,120.70,0.2972,0.2098,-0.105,-0.180,0.322,0.349,,,,
ICRF J051002.3+180041,77.50987137,18.01155043,-0.1319,0.0478,0.1402,289.91,0.0746,0.0669,-0.116,0.121,1.937,1.907,273.0,41.0,16.91,16.91
ICRF J051046.3-314253,77.69308699,-31.71498054,-0.9441,0.1530,0.9564,279.20,0.3011,0.4211,0.150,0.007,3.172,3.157,,,,
ICRF J051138.3+135719,77.90966529,13.95533149,0.0058,0.1912,0.1913,1.73,0.2902,0.2310,0.177,0.063,0.829,0.828,,,,
ICRF J051241.0+151723,78.17088747,15.28985582,0.3063,-0.1027,0.3231,108.54,0.3819,0.2918,-0.071,0.070,0.895,0.876,,,,
ICRF J051242.2+292703,78.17585784,29.45100272,-3.1195,2.2488,3.8456,305.79,0.5306,0.3869,0.039,0.002,8.297,8.267,,,,
ICRF J051252.5+404143,78.21892851,40.69545010,-0.1510,0.0362,0.1553,283.47,0.1248,0.1060,-0.180,-0.188,1.218,1.257,55.0,26.0,48.47,131.53
ICRF J051302.6-003225,78.26084880,-0.54035018,62.8983,2.6372,62.9535,87.60,12.9798,7.7996,0.344,-0.014,4.862,4.858,,,,
ICRF J051340.0+010021,78.41680206,1.00601499,0.3664,0.1519,0.3966,67.47,0.2238,0.3203,-0.004,0.122,1.693,1.704,,,,
ICRF J051342.8-201611,78.42857668,-20.26985957,-0.1868,0.5288,0.5608,340.55,0.4560,0.6244,-0.213,0.229,1.002,0.941,,,,
ICRF J051349.1-215916,78.45464301,-21.98780337,0.2975,-0.2890,0.4148,134.17,0.3716,0.5367,-0.217,-0.305,0.859,0.965,,,,
ICRF J051417.3-202920,78.57228137,-20.48903133,-1.0047,1.6093,1.8972,328.02,0.1030,0.2063,-0.375,0.059,11.085,12.494,,,,
ICRF J051514.1-125539,78.80906064,-12.92777141,0.5904,4.4338,4.4730,7.59,24.0284,31.2775,-0.291,0.223,0.155,0.144,,,,
ICRF J051545.2-455643,78.93854216,-45.94533288,-0.0445,-0.0585,0.0735,217.30,0.1353,0.1580,0.340,-0.232,0.447,0.495,,,,
ICRF J051615.9-160307,79.06637229,-16.05212044,0.1082,-0.1718,0.2031,147.80,0.1044,0.2060,-0.262,-0.016,1.201,1.331,,,,
ICRF J051637.7-723707,79.15716272,-72.61874046,-0.1235,0.4070,0.4253,343.12,0.3691,0.3552,0.110,0.048,1.217,1.194,,,,
ICRF J051640.4+274310,79.16865529,27.71952179,-4.4596,0.3883,4.4764,274.98,1.8836,1.1610,0.191,-0.330,2.408,2.391,,,,
ICRF J051644.9-620705,79.18719238,-62.11816372,-0.2412,-0.0594,0.2484,256.17,0.1053,0.0938,0.043,-0.110,2.439,2.376,,,,
ICRF J051646.6+105754,79.19435942,10.96521865,0.0949,0.1205,0.1534,38.22,0.2020,0.2986,-0.137,-0.302,0.675,0.619,,,,
ICRF J051656.3+073253,79.23485281,7.54812522,0.1924,-0.9628,0.9818,168.70,0.3542,0.4365,-0.384,-0.186,2.206,2.272,,,,
ICRF J051657.1-153710,79.23827235,-15.61954688,-0.6859,-1.1833,1.3677,210.10,0.2860,0.4609,0.144,-0.085,3.439,3.513,,,,
ICRF J051728.1-052040,79.36712564,-5.34467817,0.1981,-0.1496,0.2482,127.05,0.1933,0.2676,0.238,-0.132,1.211,1.167,,,,
ICRF J051751.3+064803,79.46393389,6.80089187,-0.3329,-1.3655,1.4055,193.70,0.4434,0.4026,-0.124,-0.293,3.778,3.474,,,,
ICRF J051803.8+205452,79.51593547,20.91458261,4.1175,-3.4005,5.3402,129.55,3.2273,1.9898,-0.120,-0.647,1.723,2.133,,,,
ICRF J051949.7-454643,79.95717981,-45.77884820,-0.0824,0.1956,0.2123,337.15,0.1617,0.1905,0.009,-0.180,1.145,1.147,,,,
ICRF J052109.8+163822,80.29119151,16.63945876,-2.6470,1.2435,2.9245,295.16,0.1797,0.1423,-0.123,-0.235,15.878,17.127,,,,
ICRF J052123.5-173730,80.34815599,-17.62505111,2.2407,-0.5330,2.3032,103.38,0.1482,0.2364,-0.183,0.015,15.146,15.290,,,,
ICRF J052145.9+211251,80.44152445,21.21429216,-0.4148,-0.1904,0.4564,245.35,0.1036,0.1406,-0.030,0.076,4.251,4.225,239.0,14.0,6.35,6.35
ICRF J052217.4+011331,80.57278101,1.22532926,0.6004,1.4442,1.5640,22.57,0.5056,0.4101,0.037,-0.477,4.577,3.716,220.0,6.0,17.43,162.57
ICRF J052234.4-610757,80.64343949,-61.13253716,0.3914,0.2708,0.4760,55.32,0.1380,0.1586,0.211,-0.024,3.240,3.310,,,,
ICRF J052244.6-162752,80.68606229,-16.46455715,-0.0040,-0.5584,0.5585,180.41,0.1185,0.2831,-0.025,-0.069,1.975,1.973,,,,
ICRF J052254.1-402030,80.72547964,-40.34192820,0.1106,0.1500,0.1864,36.38,0.1663,0.3173,-0.041,-0.048,0.832,0.816,,,,
ICRF J052257.9-362730,80.74160267,-36.45856980,-2.3353,1.5326,2.7933,303.28,0.0557,0.0659,0.101,-0.049,47.884,47.912,,,,
ICRF J052311.0+600745,80.79586669,60.12936552,-3.0015,0.5367,3.0491,280.14,4.7871,2.7144,-0.216,-0.868,0.932,0.657,,,,
ICRF J052318.4-261409,80.82695643,-26.23598726,3.5981,-0.5852,3.6453,99.24,0.2953,0.5597,-0.024,0.010,12.211,12.231,,,,
ICRF J052413.4+703452,81.05597196,70.58136263,0.5714,0.3370,0.6633,59.47,0.1907,0.4077,0.209,-0.139,3.146,3.107,,,,
ICRF J052454.6-281841,81.22762614,-28.31156128,0.1620,-0.0518,0.1701,107.73,0.5649,0.6804,-0.413,0.261,0.314,0.297,,,,
ICRF J052506.5-233810,81.27710797,-23.63633535,-0.0016,0.0794,0.0794,358.83,0.0866,0.1860,-0.258,0.002,0.433,0.427,,,,
ICRF J052531.4-455754,81.38083400,-45.96519033,0.0810,0.2225,0.2368,20.00,0.1514,0.1737,0.019,-0.125,1.383,1.388,,,,
ICRF J052606.7+631729,81.52797178,63.29138944,0.4185,-1.3379,1.4019,162.63,0.3960,0.4483,-0.151,0.139,3.230,3.166,,,,
ICRF J052616.6-483036,81.56946382,-48.51021999,-0.0419,0.1275,0.1342,341.80,0.0956,0.1272,0.250,0.062,1.156,1.094,,,,
ICRF J052648.3-234255,81.70160578,-23.71551738,-0.1390,-0.2680,0.3019,207.41,0.2237,0.4105,-0.251,0.051,0.951,0.901,,,,
ICRF J052707.0-225817,81.77955173,-22.97150861,-1.3573,-25.4343,25.4705,183.05,7.9171,11.1640,0.173,0.085,2.278,2.285,,,,
ICRF J052718.6-230736,81.82753393,-23.12694465,0.3367,1.9315,1.9607,9.89,0.2697,0.5576,0.049,0.002,3.644,3.682,,,,
ICRF J052732.7+033131,81.88627268,3.52542127,-0.1479,-0.0652,0.1616,246.21,0.2896,0.2219,-0.113,-0.156,0.635,0.589,,,,
ICRF J052930.0-724528,82.37517573,-72.75791875,0.0344,-0.2035,0.2064,170.40,0.2428,0.2078,-0.053,-0.101,0.980,0.989,,,,
ICRF J052953.5-051941,82.47305625,-5.32822692,-0.2480,0.3173,0.4027,321.99,0.7946,0.7570,0.057,0.201,0.579,0.523,,,,
ICRF J052957.0-251558,82.48778076,-25.26636997,-0.0463,-0.6150,0.6168,184.30,0.2930,0.4201,-0.126,-0.077,1.492,1.473,,,,
ICRF J053007.9+792054,82.53311634,79.34837031,-0.0476,0.0176,0.0508,290.30,0.4135,0.4477,0.570,-0.068,0.171,0.122,,,,
ICRF J053007.9-250329,82.53317827,-25.05830541,0.2625,-0.0871,0.2765,108.35,0.0675,0.0885,-0.161,0.012,3.933,4.011,,,,
ICRF J053012.5+372332,82.55228874,37.39239421,8.0103,-3.0134,8.5583,110.62,6.6308,3.6388,-0.070,-0.916,1.389,1.465,,,,
ICRF J053056.4+133155,82.73506978,13.53198596,-0.8126,-0.4172,0.9134,242.82,0.4149,0.3082,-0.048,-0.130,2.542,2.381,60.0,59.0,2.82,177.18
ICRF J053202.0-384854,83.00859101,-38.81509519,0.2588,-0.0512,0.2638,101.18,0.2576,0.4800,0.070,-0.036,1.012,1.010,,,,
ICRF J053207.5-030707,83.03133053,-3.11862125,-1.7565,-2.1917,2.8087,218.71,0.6073,0.5697,0.331,0.300,4.261,4.813,,,,
ICRF J053238.9+073243,83.16249365,7.54537377,0.1500,-0.7050,0.7208,167.99,0.5510,0.5417,-0.072,0.136,1.316,1.330,344.0,29.0,3.99,176.01
ICRF J053257.1-394109,83.23827307,-39.68584163,-5.4169,-4.0395,6.7572,233.29,6.7816,3.1851,-0.082,0.690,1.272,1.499,,,,
ICRF J053315.8+482252,83.31610746,48.38133549,0.2480,0.1568,0.2934,57.70,0.1552,0.1112,-0.041,-0.257,2.449,2.131,20.0,69.0,37.70,37.70
ICRF J053410.5-395048,83.54376872,-39.84690495,-0.0548,-0.4190,0.4226,187.45,0.3752,0.7172,-0.020,0.015,0.603,0.602,,,,
ICRF J053417.4-374725,83.57286057,-37.79044293,-1.2996,-0.4905,1.3891,249.32,0.3034,0.4521,-0.228,0.014,4.497,4.419,,,,
ICRF J053435.7-610607,83.64905207,-61.10196480,-0.2375,0.3301,0.4067,324.27,0.1872,0.1971,0.068,0.039,2.145,2.102,,,,
ICRF J053620.2+503826,84.08429984,50.64062546,-3.6420,-1.6331,3.9914,245.85,0.2814,0.2277,-0.125,-0.346,17.284,14.798,,,,
ICRF J053622.3-200531,84.09292131,-20.09205269,0.2283,0.0451,0.2327,78.82,0.2019,0.3762,-0.046,-0.016,1.142,1.137,,,,
ICRF J053628.4-340111,84.11846817,-34.01985234,-0.0652,-0.0408,0.0769,237.96,0.0718,0.1001,0.125,-0.159,1.022,0.995,,,,
ICRF J053631.9+094420,84.13324283,9.73906419,-3.9739,3.3431,5.1931,310.07,5.3334,6.6532,-0.942,-0.777,0.929,0.899,,,,
ICRF J053730.0+444103,84.37525261,44.68431670,-0.2796,-0.0788,0.2905,254.25,0.3009,0.2800,0.099,0.033,0.950,0.971,,,,
ICRF J053809.4+000840,84.53949439,0.14471873,5.8980,-14.4791,15.6343,157.84,13.7652,28.6517,-0.901,-0.174,0.509,0.663,,,,
ICRF J053850.3-440508,84.70983983,-44.08581640,0.1199,0.1007,0.1566,49.99,0.0581,0.0617,0.009,-0.031,2.657,2.631,,,,
ICRF J053932.0-155030,84.88337556,-15.84175579,-0.1635,0.0916,0.1874,299.28,0.0953,0.1900,0.092,0.510,1.848,1.781,,,,
ICRF J053942.3+143345,84.92652497,14.56265602,-2.4802,1.3474,2.8226,298.51,1.6421,1.7102,-0.069,-0.657,1.535,1.704,211.0,33.0,87.51,87.51
ICRF J053954.1+195145,84.97572394,19.86251367,-0.3145,0.5296,0.6159,329.29,0.3991,0.4225,-0.354,-0.249,1.346,1.481,,,,
ICRF J053954.2-283955,84.97617283,-28.66554115,-0.0453,0.1667,0.1728,344.81,0.1154,0.1440,-0.020,-0.052,1.205,1.223,,,,
ICRF J053959.9-051441,84.99973808,-5.24480572,0.2672,0.0697,0.2762,75.39,0.3724,0.7724,-0.324,0.400,0.782,0.723,,,,
ICRF J054045.8-541822,85.19103354,-54.30613769,0.1169,0.1781,0.2131,33.27,0.1106,0.1585,0.071,0.002,1.506,1.543,,,,
ICRF J054114.7+555043,85.31149063,55.84543630,2.0116,-8.3681,8.6065,166.48,0.3703,0.3460,-0.246,-0.123,24.277,24.787,,,,
ICRF J054116.1+531224,85.31739206,53.20689849,-0.3695,-0.4493,0.5817,219.43,0.2002,0.1998,-0.208,-0.081,3.087,2.909,,,,
ICRF J054138.0-054149,85.40868069,-5.69706344,1.1230,0.0493,1.1241,87.49,1.2522,1.0225,-0.177,0.558,1.046,0.898,162.0,33.0,74.51,74.51
ICRF J054149.2+472907,85.45518973,47.48544737,-0.5614,0.7330,0.9233,322.55,0.1998,0.1699,0.123,-0.387,4.653,5.150,,,,
ICRF J054150.7-733215,85.46156617,-73.53759650,1.6153,-3.0759,3.4743,152.29,1.5125,1.5391,0.160,-0.380,2.038,2.266,,,,
ICRF J054236.1+495107,85.65057457,49.85200936,1.3430,1.1441,1.7642,49.57,0.0989,0.0884,0.071,-0.394,21.752,18.759,,,,
ICRF J054338.8+823828,85.91186268,82.64132326,-0.8735,3.8604,3.9580,347.25,1.2706,2.2386,-0.043,-0.440,1.726,1.856,,,,
ICRF J054407.5-224109,86.03152964,-22.68610607,-0.2610,-0.7553,0.7991,199.06,0.0903,0.2122,-0.132,-0.073,4.912,4.585,,,,
ICRF J054452.1+111849,86.21749868,11.31386764,-0.2941,0.0325,0.2959,276.30,0.8488,0.7651,-0.090,-0.332,0.347,0.349,,,,
ICRF J055009.5-573224,87.53991749,-57.54011015,-0.0439,-0.7186,0.7200,183.49,0.1603,0.1734,0.274,-0.048,4.157,4.154,,,,
ICRF J055111.2+082911,87.79678893,8.48645052,0.5137,0.2681,0.5794,62.44,0.3381,0.3637,-0.211,-0.371,2.018,1.689,,,,
ICRF J055155.2-190920,87.98025187,-19.15582496,-1.1402,-1.4329,1.8312,218.51,0.4623,0.7082,0.346,-0.014,2.898,3.190,,,,
ICRF J055158.7+375107,87.99459051,37.85206516,-1.5817,0.5402,1.6714,288.86,0.6924,0.5228,0.034,0.107,2.615,2.507,,,,
ICRF J055207.0+200719,88.02917213,20.12216341,0.1470,-0.6504,0.6668,167.27,0.5120,0.7525,-0.208,-0.332,0.870,0.911,,,,
ICRF J055210.0-452224,88.04183417,-45.37351974,0.0083,0.2484,0.2485,1.90,0.2032,0.3992,0.167,0.004,0.625,0.624,,,,
ICRF J055217.9+375425,88.07473715,37.90702290,0.3947,-0.3578,0.5328,132.19,0.3202,0.2203,-0.023,-0.032,2.009,2.039,,,,
ICRF J055250.1+031327,88.20875608,3.22423450,-1.7591,-1.5103,2.3185,229.35,4.3507,2.3715,-0.486,-0.680,1.303,0.754,,,,
ICRF J055253.0+724045,88.22083047,72.67919857,0.6075,-0.4769,0.7724,128.13,0.2103,0.2091,-0.346,-0.090,3.206,3.681,,,,
ICRF J055400.8+685754,88.50336261,68.96512245,-0.2538,-0.7767,0.8171,198.09,0.2622,0.3590,0.338,-0.059,2.322,2.370,,,,
ICRF J055530.8+394849,88.87835673,39.81365694,-0.0716,0.1737,0.1878,337.60,0.0894,0.0799,-0.049,-0.076,2.267,2.316,51.0,74.0,73.40,73.40
ICRF J055556.6+392207,88.98590703,39.36883289,-0.1149,-0.0395,0.1215,251.02,0.2324,0.2172,0.006,-0.346,0.604,0.527,,,,
ICRF J055652.6-024105,89.21926253,-2.68486565,8.0126,-13.6705,15.8456,149.62,3.2087,3.7194,0.232,-0.408,3.866,4.444,,,,
ICRF J055704.7+241355,89.26963991,24.23202739,-0.5174,-0.3410,0.6197,236.61,0.7264,0.6524,0.225,-0.019,0.891,0.884,,,,
ICRF J055712.5+180004,89.30227114,18.00129254,1.1775,-1.3424,1.7857,138.74,3.2493,4.9735,0.449,-0.532,0.601,0.452,,,,
ICRF J055802.5-131741,89.51061132,-13.29477656,-0.0929,-0.4947,0.5033,190.63,0.2124,0.2725,-0.264,0.171,1.843,1.867,,,,
ICRF J055900.4+374955,89.75188396,37.83208883,-0.7759,0.6482,1.0110,309.88,0.3623,0.3098,-0.230,-0.138,2.798,2.994,,,,
ICRF J055911.5-452940,89.79810158,-45.49452980,0.1057,0.0309,0.1101,73.71,0.1509,0.3169,0.123,-0.038,0.703,0.707,,,,
ICRF J055913.3+580403,89.80580843,58.06762398,-0.0630,0.3177,0.3239,348.79,0.3485,0.3156,0.112,-0.247,1.007,1.023,,,,
ICRF J055946.4-181747,89.94334807,-18.29654729,0.1856,-0.6910,0.7154,164.97,0.1668,0.3070,-0.249,-0.219,2.333,2.511,,,,
ICRF J060003.5-000559,90.01459749,-0.09973192,1.4797,1.5661,2.1545,43.38,0.6243,0.9385,-0.395,-0.132,3.379,2.898,,,,
ICRF J060031.4-393702,90.13090634,-39.61727668,0.0861,0.3819,0.3915,12.71,0.1871,0.3492,-0.005,0.057,1.181,1.186,,,,
ICRF J060111.2-703608,90.29686583,-70.60244220,-0.7110,-0.0541,0.7131,265.65,0.2832,0.4340,-0.007,0.005,2.514,2.514,,,,
ICRF J060147.3+232453,90.44732087,23.41485718,4.4571,-1.4589,4.6898,108.12,10.8504,8.3521,-0.173,-0.939,0.723,0.446,,,,
ICRF J060148.7-273622,90.45300133,-27.60612006,0.3134,0.4583,0.5552,34.37,0.3376,0.7719,-0.009,-0.050,1.108,1.102,,,,
ICRF J060152.8-200445,90.47010976,-20.07922569,-0.0299,0.3303,0.3317,354.82,0.1759,0.3612,-0.258,0.433,0.937,0.930,,,,
ICRF J060242.8-000427,90.67871125,-0.07428133,-0.8644,-1.6026,1.8209,208.34,1.0618,2.3308,-0.407,-0.174,1.323,1.066,,,,
ICRF J060258.9+421210,90.74560028,42.20278024,-0.5231,0.3258,0.6162,301.92,0.1104,0.1322,-0.178,-0.310,4.965,5.341,,,,
ICRF J060314.3+062227,90.80981394,6.37442949,-13.2191,5.8275,14.4466,293.79,20.3039,19.1938,-0.270,-0.999,6.714,0.718,,,,
ICRF J060357.7-171628,90.99055182,-17.27450511,0.2541,-0.3332,0.4190,142.67,0.3189,0.4173,-0.132,0.023,1.127,1.128,,,,
ICRF J060425.1-422530,91.10489441,-42.42502611,0.3041,0.5305,0.6115,29.82,0.3070,0.5454,0.049,0.171,1.301,1.388,,,,
ICRF J060435.6+441358,91.14845330,44.23293005,0.5574,-0.2727,0.6205,116.07,0.9830,0.7524,-0.162,-0.078,0.651,0.673,,,,
ICRF J060449.3+105540,91.20570673,10.92788186,0.2394,-0.3887,0.4565,148.36,0.3873,0.3909,-0.089,-0.062,1.139,1.171,,,,
ICRF J060455.1+242955,91.22967245,24.49862124,1.4359,-0.1939,1.4490,97.69,0.3580,0.3485,0.088,-0.651,4.742,4.049,,,,
ICRF J060510.1+093913,91.29213791,9.65378072,1.1270,-1.6454,1.9944,145.59,2.4282,2.4086,-0.337,-0.862,0.725,0.826,,,,
ICRF J060542.2+575316,91.42594798,57.88787673,-1.0469,0.1363,1.0558,277.42,0.3291,0.2970,0.058,-0.127,3.191,3.214,,,,
ICRF J060643.5-072430,91.68144308,-7.40839754,-0.9635,2.1395,2.3464,335.76,1.9451,3.3289,-0.020,-0.575,0.661,0.811,,,,
ICRF J060657.4-002457,91.73934826,-0.41596219,-0.3898,0.5295,0.6575,323.64,0.2638,0.3679,-0.280,0.057,1.987,2.063,,,,
ICRF J060716.3-244740,91.81806835,-24.79471170,-0.4416,-0.0201,0.4420,267.39,0.2131,0.4568,-0.165,-0.016,2.092,2.073,,,,
ICRF J060723.2+473946,91.84689585,47.66303938,-0.1357,0.3076,0.3362,336.19,0.1039,0.1218,0.017,0.023,2.864,2.843,335.0,17.0,1.19,1.19
ICRF J060752.6+672055,91.96946506,67.34872502,0.2217,-0.3316,0.3989,146.23,0.1585,0.1984,-0.086,-0.083,2.096,2.180,,,,
ICRF J060759.6-083449,91.99874683,-8.58054953,0.3543,-0.2817,0.4526,128.49,0.1546,0.1817,-0.145,0.031,2.789,2.767,122.0,32.0,6.49,6.49
ICRF J060801.5-152036,92.00638303,-15.34360516,0.0525,-0.8067,0.8084,176.27,0.2420,0.3638,-0.112,0.170,2.263,2.228,93.0,14.0,83.27,83.27
ICRF J060845.2-271710,92.18848666,-27.28634215,0.3075,-0.4152,0.5167,143.48,0.1932,0.4039,-0.383,0.023,1.695,1.894,,,,
ICRF J060859.6-222020,92.24869517,-22.33915466,-1.5023,0.5409,1.5967,289.80,0.8926,1.8247,-0.036,0.194,1.798,1.709,,,,
ICRF J060928.5-023052,92.36879836,-2.51470281,-1.0826,1.1669,1.5917,317.15,0.6658,0.7878,-0.133,-0.459,1.871,2.200,,,,
ICRF J060940.9-154240,92.42062309,-15.71129799,-0.1312,0.4960,0.5131,345.18,0.0906,0.1066,-0.033,0.056,4.944,4.874,73.0,82.0,87.82,87.82
ICRF J061017.8-184740,92.57452542,-18.79446983,-0.3031,-0.2440,0.3891,231.16,0.1385,0.2630,-0.150,-0.358,2.592,2.377,,,,
ICRF J061038.7-230145,92.66161413,-23.02939857,-0.2408,0.2725,0.3636,318.53,0.1052,0.2099,-0.232,0.136,2.511,2.631,,,,
ICRF J061048.8+724853,92.70363861,72.81477327,-1.1824,-0.8143,1.4356,235.45,0.5096,0.5997,-0.032,-0.308,3.129,2.688,,,,
ICRF J061151.3-282759,92.96402250,-28.46662546,-0.0298,-0.4176,0.4187,184.08,0.1502,0.3096,-0.274,-0.140,1.445,1.363,,,,
ICRF J061210.3+622534,93.04302145,62.42611468,-0.1332,-0.1918,0.2335,214.78,0.3945,0.3315,0.510,-0.195,0.598,0.670,,,,
ICRF J061228.6-433748,93.11918864,-43.63010555,-0.2517,0.4969,0.5570,333.13,0.2370,0.6791,0.399,0.022,1.631,1.290,,,,
ICRF J061229.6-313858,93.12360152,-31.64949875,0.1088,0.7381,0.7460,8.38,0.1707,0.5333,0.183,0.027,1.447,1.523,,,,
ICRF J061251.1+412237,93.21327181,41.37705780,0.0542,-0.1062,0.1192,152.94,0.1041,0.1318,-0.175,-0.080,0.900,0.959,104.0,23.0,48.94,48.94
ICRF J061350.1+260436,93.45891319,26.07686663,-0.4804,-0.0992,0.4905,258.33,0.1421,0.1251,-0.134,-0.086,3.583,3.473,,,,
ICRF J061357.6+130645,93.49038647,13.11261134,0.0027,-0.0823,0.0824,178.12,0.2067,0.1932,-0.167,-0.077,0.427,0.426,,,,
ICRF J061417.2-253653,93.57171180,-25.61486798,-0.3900,0.7951,0.8856,333.87,0.1653,0.2886,-0.296,0.008,3.445,3.627,,,,
ICRF J061423.8+604621,93.59944240,60.77270998,-0.1442,-0.0419,0.1501,253.79,0.2415,0.2311,-0.190,0.188,0.602,0.624,,,,
ICRF J061449.1+510213,93.70483063,51.03697728,0.1168,-0.2131,0.2430,151.27,0.2364,0.2408,-0.097,-0.178,0.960,1.014,,,,
ICRF J061504.0+481904,93.76688889,48.31798031,1.3068,1.4846,1.9778,41.36,0.2444,0.2412,0.182,-0.084,8.154,8.153,,,,
ICRF J061519.2-311721,93.83004919,-31.28932693,0.3931,-0.2869,0.4867,126.12,0.2234,0.6450,-0.106,0.041,1.780,1.815,,,,
ICRF J061607.9-030648,94.03308901,-3.11357040,-0.7755,-0.1089,0.7832,262.01,0.5181,0.5873,-0.095,-0.211,1.571,1.508,,,,
ICRF J061635.9-345616,94.14991983,-34.93793562,28.1567,-80.9304,85.6886,160.82,2.6634,4.4734,-0.357,-0.450,18.320,20.954,,,,
ICRF J061641.8-104108,94.17419836,-10.68568196,1.1373,-0.1467,1.1468,97.35,0.5227,0.6615,-0.121,-0.111,2.176,2.187,,,,
ICRF J061702.0-220028,94.25851145,-22.00782575,0.0709,0.2318,0.2424,17.00,0.1092,0.2421,-0.276,0.124,1.291,1.157,,,,
ICRF J061716.9+570116,94.32051069,57.02122867,-0.1196,0.0382,0.1256,287.71,0.0671,0.0685,-0.052,-0.341,1.785,1.869,302.0,18.0,14.29,14.29
ICRF J061733.4-171525,94.38924394,-17.25696800,4.9534,1.6931,5.2348,71.13,0.3582,0.5064,0.063,0.183,13.900,14.225,45.0,10.0,26.13,26.13
ICRF J061756.9+781607,94.48722045,78.26872062,-0.1413,-0.3741,0.3999,200.70,0.3504,0.3634,0.317,0.026,1.081,1.106,,,,
ICRF J061808.2+462016,94.53418219,46.33783669,0.7837,-0.1097,0.7913,97.97,0.3594,0.3342,0.195,-0.067,2.200,2.205,,,,
ICRF J061808.6+420759,94.53591625,42.13329071,-0.1175,-0.0146,0.1184,262.91,0.4130,0.3914,-0.030,-0.353,0.315,0.287,,,,
ICRF J061822.6-242637,94.59439681,-24.44387404,0.3547,-1.8205,1.8547,168.98,0.1683,0.3721,-0.574,0.039,4.899,5.327,,,,
ICRF J061830.1-784302,94.62566146,-78.71726136,-0.2264,-0.0290,0.2283,262.70,0.1721,0.1608,-0.265,-0.144,1.416,1.328,,,,
ICRF J061909.9+073641,94.79154608,7.61145004,-0.3758,0.1312,0.3981,289.24,0.3345,0.4012,-0.098,-0.199,1.132,1.170,,,,
ICRF J062029.3-282736,95.12232797,-28.46002352,0.8300,0.4475,0.9429,61.67,1.2370,2.1834,-0.145,-0.364,0.826,0.702,,,,
ICRF J062032.1-251517,95.13382071,-25.25485720,0.0119,-0.5254,0.5255,178.70,0.1136,0.2113,0.154,0.007,2.511,2.488,,,,
ICRF J062110.3-060954,95.29318531,-6.16505704,-0.4312,-1.1106,1.1913,201.22,0.3527,0.6432,-0.282,-0.128,2.389,2.116,,,,
ICRF J062118.7+760504,95.32830148,76.08459861,0.1141,0.1523,0.1903,36.86,0.2585,0.1983,-0.062,0.005,0.904,0.886,,,,
ICRF J062228.5-192718,95.61890469,-19.45505107,-1.3930,-0.2571,1.4165,259.54,0.4724,0.6780,-0.107,0.242,2.954,2.973,,,,
ICRF J062252.2+332610,95.71759153,33.43622525,-0.0888,2.6918,2.6932,358.11,10.8588,1.9773,-0.211,-0.143,1.374,1.361,345.0,9.0,13.11,13.11
ICRF J062257.9-010927,95.74142680,-1.15753277,-0.3844,-0.1635,0.4178,246.95,0.2840,0.4047,-0.090,-0.112,1.455,1.413,,,,
ICRF J062307.6-643620,95.78206814,-64.60575627,-0.0611,0.1103,0.1261,331.04,0.2488,0.4074,0.280,0.108,0.430,0.366,,,,
ICRF J062321.7+584901,95.84074664,58.81718801,-0.3613,0.0789,0.3698,282.32,0.2026,0.1871,-0.104,0.065,1.823,1.832,,,,
ICRF J062331.7-441302,95.88244262,-44.21737385,-0.9070,3.2956,3.4181,344.61,0.2819,0.7129,-0.300,0.165,5.013,5.632,,,,
ICRF J062356.5+455439,95.98546610,45.91097489,-3.4019,-0.3467,3.4195,264.18,3.1009,3.1499,0.213,0.705,1.440,1.103,,,,
ICRF J062401.6-010328,96.00702121,-1.05781797,-0.3248,-0.7473,0.8149,203.49,0.2526,0.4516,-0.220,0.029,2.237,2.096,,,,
ICRF J062419.0+385648,96.07925537,38.94687112,0.0034,0.2491,0.2491,0.78,0.3363,0.2789,-0.143,0.198,0.907,0.893,,,,
ICRF J062518.2+444001,96.32610573,44.66711837,-0.0537,-0.0740,0.0914,215.97,0.1252,0.1268,0.053,-0.138,0.741,0.724,92.0,33.0,56.03,123.97
ICRF J062545.9+144019,96.44134267,14.67215128,-0.8244,-7.4057,7.4514,186.35,0.3920,0.5910,-0.201,-0.442,13.785,12.706,,,,
ICRF J062552.2-543850,96.46762804,-54.64741849,-0.1826,-0.3982,0.4381,204.64,0.1966,0.3362,0.106,0.120,1.434,1.505,,,,
ICRF J062603.0+820225,96.51252599,82.04043554,-0.5384,-0.6549,0.8478,219.43,0.0956,0.0962,-0.006,-0.144,9.385,8.836,,,,
ICRF J062706.7-352915,96.77803920,-35.48759425,2.2580,-6.2137,6.6113,160.03,0.2375,0.4524,-0.218,0.054,16.156,16.704,,,,
ICRF J062738.2+032459,96.90951485,3.41652389,1.2860,0.0642,1.2876,87.14,0.7647,0.8220,-0.256,-0.480,1.939,1.684,,,,
ICRF J062839.6-671247,97.16503275,-67.21316816,-0.2838,0.2255,0.3625,308.46,0.5010,0.8563,0.491,0.135,0.797,0.625,,,,
ICRF J062843.2-280519,97.18032940,-28.08871758,-0.1237,-0.0743,0.1443,239.00,0.1734,0.3178,-0.102,-0.098,0.775,0.751,,,,
ICRF J062850.3+283550,97.20966152,28.59734122,-0.1032,0.0179,0.1047,279.86,0.2552,0.2569,0.163,-0.248,0.405,0.410,,,,
ICRF J062857.4-624844,97.23953271,-62.81242894,-0.3659,-0.2517,0.4441,235.48,0.5448,0.4768,-0.204,0.393,0.774,0.854,,,,
ICRF J062923.7-195919,97.34900776,-19.98881213,-0.1407,0.2804,0.3137,333.36,0.2377,0.3157,0.057,-0.018,1.059,1.067,31.0,12.0,57.64,57.64
ICRF J062939.2+152756,97.41344833,15.46583063,0.3511,0.0125,0.3513,87.96,0.5870,0.6420,-0.180,0.126,0.598,0.598,,,,
ICRF J062955.0-050500,97.47929528,-5.08335330,-0.2823,-0.1626,0.3257,240.06,0.3467,0.5641,-0.106,-0.080,0.891,0.864,,,,
ICRF J063053.9-132334,97.72459617,-13.39291465,-0.3473,-0.3771,0.5126,222.64,0.1508,0.2909,-0.199,-0.125,2.873,2.642,,,,
ICRF J063101.0+202059,97.75442732,20.34978087,-0.5749,-0.1514,0.5945,255.25,0.4289,0.4091,0.213,0.121,1.354,1.391,,,,
ICRF J063111.9-415426,97.79999184,-41.90748517,0.1104,-1.1750,1.1801,174.63,0.1933,0.3011,0.141,-0.148,3.924,3.944,,,,
ICRF J063120.2-141031,97.83427580,-14.17548424,-0.0090,-0.5531,0.5532,180.93,0.3539,0.4803,-0.173,-0.218,1.184,1.152,,,,
ICRF J063134.6+531127,97.89452233,53.19104242,-1.1647,-0.1203,1.1709,264.10,0.2885,0.2723,0.125,0.049,4.039,4.061,,,,
ICRF J063206.5-261414,98.02709075,-26.23723160,-0.5933,-0.6130,0.8531,224.07,0.3732,0.5827,-0.329,0.140,1.843,1.906,,,,
ICRF J063230.7+320053,98.12826205,32.01489761,-0.1754,0.1635,0.2398,312.99,0.3067,0.3023,0.054,0.095,0.823,0.787,,,,
ICRF J063326.7-222322,98.36147222,-22.38954259,-0.3019,0.3810,0.4861,321.60,0.1340,0.3207,0.192,0.080,2.740,2.547,,,,
ICRF J063334.4+364249,98.39338256,36.71381757,0.7374,-0.2496,0.7785,108.70,10.8965,7.7786,-0.004,0.989,0.680,0.075,,,,
ICRF J063352.2+494345,98.46752793,49.72942337,0.1290,-0.4835,0.5004,165.06,0.6322,0.6671,-0.078,-0.216,0.727,0.753,,,,
ICRF J063459.0-233511,98.74583751,-23.58665482,-0.1052,-0.0661,0.1243,237.84,0.2036,0.3576,0.033,-0.226,0.600,0.549,,,,
ICRF J063511.0-182126,98.79588755,-18.35728937,-414.5973,-278.8714,499.6601,236.07,1.3089,2.3770,-0.560,0.073,336.141,337.787,,,,
ICRF J063520.9-262039,98.83712091,-26.34440823,0.6864,1.5088,1.6576,24.46,0.5466,1.0195,-0.080,-0.063,2.005,1.941,,,,
ICRF J063546.5-751616,98.94378293,-75.27133765,0.5150,-0.0790,0.5210,98.72,0.0405,0.0401,-0.065,-0.069,12.759,12.860,,,,
ICRF J063600.6-211312,99.00250696,-21.22005562,-0.3498,0.7200,0.8005,334.08,0.1861,0.3245,0.183,0.080,3.103,2.908,,,,
ICRF J063611.0+500959,99.04590231,50.16656337,0.6575,0.1433,0.6730,77.70,0.7931,0.7605,-0.192,-0.407,0.998,0.850,,,,
ICRF J063648.3-054707,99.20137301,-5.78542942,0.1078,-0.6916,0.7000,171.14,0.4763,0.5710,-0.243,-0.331,1.223,1.232,,,,
ICRF J063708.8-294238,99.28691805,-29.71076911,-0.0797,1.4615,1.4636,356.88,0.2879,0.5504,-0.266,0.031,2.659,2.669,,,,
ICRF J063743.3+812527,99.43073619,81.42435912,0.1736,-0.3271,0.3704,152.04,0.4515,0.3607,0.268,-0.019,1.043,0.985,,,,
ICRF J063746.4-353648,99.44336961,-35.61343773,-0.5466,0.8275,0.9917,326.55,0.4034,1.1948,-0.182,0.076,1.437,1.522,,,,
ICRF J063814.1+245850,99.55884934,24.98061348,11.8899,-6.9388,13.7666,120.27,43.4957,43.3172,0.008,-0.986,0.718,0.317,,,,
ICRF J063858.2-084514,99.74270544,-8.75397477,0.4633,-0.5330,0.7063,139.00,0.6853,0.7451,-0.057,-0.040,0.965,0.984,,,,
ICRF J063921.9+732458,99.84150525,73.41612242,0.0408,-0.0268,0.0489,123.30,0.1110,0.1186,0.017,-0.220,0.415,0.432,,,,
ICRF J063928.7-214157,99.86969031,-21.69939037,-0.1252,0.6395,0.6516,348.92,0.2600,0.6319,-0.083,0.020,1.090,1.121,,,,
ICRF J064007.1-125315,100.02992692,-12.88761356,-2.5090,-0.1068,2.5112,267.56,0.4500,0.9470,-0.025,-0.097,5.582,5.577,,,,
ICRF J064145.1+094704,100.43832431,9.78453620,-3.1514,5.6955,6.5093,331.04,43.4151,32.3728,-0.088,-0.996,1.023,0.190,,,,
ICRF J064151.1-032048,100.46305391,-3.34682838,0.5664,-2.0037,2.0822,164.21,0.9280,1.0290,0.038,-0.043,2.017,2.041,,,,
ICRF J064204.2+675835,100.51773915,67.97656134,-0.0635,0.2818,0.2888,347.30,0.0446,0.0533,-0.143,0.014,5.366,5.476,122.0,9.0,45.30,134.70
ICRF J064206.1+881155,100.52556467,88.19861542,1.3470,-0.1055,1.3511,94.48,0.8705,0.6803,0.078,0.141,1.592,1.555,,,,
ICRF J064227.8+524759,100.61592454,52.79979806,-9.9767,9.9605,14.0977,314.95,14.1830,12.2653,-0.217,-0.899,0.814,1.074,,,,
ICRF J064258.1+350918,100.74224836,35.15510517,-0.1112,-0.3254,0.3439,198.86,0.3480,0.3351,-0.035,0.163,0.989,1.022,,,,
ICRF J064307.4-245121,100.78112050,-24.85592017,-0.4687,-0.9618,1.0700,205.98,0.3598,0.5741,0.355,-0.009,2.054,2.122,,,,
ICRF J064326.4+085738,100.86018752,8.96055903,2.5226,-6.1243,6.6235,157.61,16.4338,20.2529,-0.201,-0.997,1.659,0.339,,,,
ICRF J064332.3-133549,100.88484064,-13.59718861,-0.1605,0.3955,0.4268,337.92,0.1006,0.1888,0.106,-0.041,2.733,2.634,,,,
ICRF J064359.8+123818,100.99939799,12.63836290,-0.1971,-0.3475,0.3995,209.56,0.5813,0.6673,-0.292,-0.666,0.968,0.621,,,,
ICRF J064425.2-345941,101.10533766,-34.99498588,0.9001,-0.1083,0.9065,96.86,0.1641,0.4181,-0.038,-0.082,5.484,5.490,,,,
ICRF J064428.0-671257,101.11685048,-67.21593290,-0.0539,0.0342,0.0638,302.43,0.2542,0.3096,0.099,-0.136,0.232,0.239,,,,
ICRF J064453.7+391447,101.22379000,39.24653720,-1.0179,-0.6148,1.1892,238.87,0.2705,0.2175,0.153,0.105,4.486,4.706,,,,
ICRF J064524.0+212151,101.35041478,21.36422247,-0.9466,-0.1326,0.9559,262.03,0.9984,0.9181,-0.355,-0.070,0.972,0.959,,,,
ICRF J064547.2+054122,101.44698567,5.68955338,0.1136,0.0399,0.1204,70.64,0.5023,0.7050,0.381,-0.561,0.229,0.233,,,,
ICRF J064630.9-390339,101.62883547,-39.06086263,0.4833,0.6641,0.8213,36.04,0.2537,0.9124,0.132,-0.002,1.968,2.039,,,,
ICRF J064632.0+445116,101.63344165,44.85460837,-0.2729,0.0006,0.2729,270.12,0.2015,0.2026,-0.029,-0.213,1.384,1.354,80.0,19.0,10.12,169.88
ICRF J064716.0+544612,101.81685721,54.77020900,-0.2347,0.1386,0.2726,300.56,0.2800,0.2622,-0.123,0.332,0.969,0.991,,,,
ICRF J064814.0-304419,102.05873528,-30.73879438,-0.0512,-0.0270,0.0579,242.19,0.1187,0.1376,-0.054,0.225,0.445,0.474,,,,
ICRF J064828.4-174405,102.11874384,-17.73484424,0.0861,0.5787,0.5851,8.47,0.1291,0.2334,0.293,-0.528,2.568,2.568,,,,
ICRF J064847.1+490720,102.19632770,49.12242478,0.0606,-0.3685,0.3735,170.66,0.1802,0.2000,0.064,-0.303,1.865,1.873,,,,
ICRF J064914.1-410853,102.30879571,-41.14806463,-1.2676,4.7768,4.9421,345.14,1.0300,4.0612,-0.468,0.042,1.407,1.702,,,,
ICRF J065031.2+600144,102.63022648,60.02904304,-0.3491,-3.2342,3.2530,186.16,0.5947,0.6737,0.178,0.037,4.817,4.837,,,,
ICRF J065032.9-284917,102.63719943,-28.82162616,-0.3954,0.4344,0.5874,317.69,0.3786,0.5643,-0.410,0.204,1.301,1.297,,,,
ICRF J065046.4+250259,102.69370916,25.04989583,0.0954,0.5354,0.5439,10.10,0.4278,0.5722,-0.244,0.061,1.045,0.962,,,,
ICRF J065048.1+561634,102.70079442,56.27624739,0.3703,0.1786,0.4111,64.25,1.0226,1.2004,-0.259,0.493,0.363,0.392,,,,
ICRF J065158.1-210111,102.99216692,-21.01997656,-1.3419,4.5087,4.7041,343.43,1.1240,2.6312,-0.101,-0.515,1.752,2.088,,,,
ICRF J065324.5+235325,103.35244450,23.89048929,-4.5423,0.9645,4.6435,281.99,0.8498,0.7412,-0.386,-0.033,5.445,5.502,,,,
ICRF J065357.8-192939,103.49085672,-19.49435482,-0.1133,0.8819,0.8892,352.68,0.3150,0.4303,0.219,-0.112,2.064,2.081,,,,
ICRF J065358.2+370540,103.49284516,37.09461302,-0.5712,-0.4726,0.7414,230.40,0.1290,0.1295,-0.023,-0.280,6.496,5.738,,,,
ICRF J065422.0+504223,103.59205482,50.70663143,0.1753,-1.0142,1.0293,170.20,0.3458,0.3770,-0.120,-0.792,3.315,2.738,72.0,41.0,81.80,98.20
ICRF J065423.7+451423,103.59880689,45.23987375,-0.3919,0.1516,0.4202,291.15,0.3881,0.3565,-0.038,-0.273,1.024,1.096,112.0,13.0,0.85,179.15
ICRF J065510.0+410010,103.79176969,41.00282229,-0.6918,2.3707,2.4696,343.73,0.4223,0.4078,-0.155,-0.262,5.815,6.040,,,,
ICRF J065610.6+423702,104.04442532,42.61743090,-0.9039,2.7810,2.9242,341.99,0.2777,0.3095,0.200,-0.244,9.409,9.557,,,,
ICRF J065611.1-032306,104.04633572,-3.38521741,-0.2398,0.9031,0.9344,345.13,0.6047,0.6723,-0.141,-0.110,1.366,1.401,,,,
ICRF J065640.8+320932,104.17037142,32.15904128,2.6961,0.1308,2.6992,87.22,0.2497,0.2647,0.016,-0.101,10.873,10.811,,,,
ICRF J065659.1+031553,104.24658325,3.26484497,0.3625,-0.1378,0.3879,110.82,0.3625,0.5662,0.194,0.057,1.084,1.029,,,,
ICRF J065705.6+242355,104.27364801,24.39872060,-0.0773,-0.0994,0.1259,217.89,0.3910,0.3606,-0.049,-0.038,0.345,0.339,,,,
ICRF J065755.2+131353,104.48035016,13.23164808,-1.2601,-0.0493,1.2611,267.76,0.9589,0.9330,0.140,-0.045,1.315,1.315,,,,
ICRF J065917.9+081330,104.82498347,8.22526484,0.5035,-1.0299,1.1464,153.95,0.0977,0.0937,-0.315,-0.290,11.182,12.144,,,,
ICRF J065949.9-274518,104.95798743,-27.75514199,-0.3596,0.5132,0.6266,324.98,0.3443,0.5490,0.266,-0.076,1.443,1.402,,,,
ICRF J070001.5+170921,105.00635643,17.15602814,-0.0816,-0.1386,0.1608,210.50,0.1547,0.1521,-0.039,0.013,1.048,1.053,,,,
ICRF J070106.6+693629,105.27756999,69.60817165,0.2475,-0.7638,0.8029,162.05,0.1929,0.1440,0.098,0.091,5.602,5.459,,,,
ICRF J070134.5-463436,105.39394412,-46.57684033,1.1806,-1.0921,1.6083,132.77,0.9301,1.7633,0.041,0.172,1.437,1.412,,,,
ICRF J070232.8+854952,105.63673860,85.83124435,0.3128,-0.3232,0.4498,135.94,0.1725,0.1692,-0.039,0.076,2.613,2.634,,,,
ICRF J070240.4-284150,105.66834442,-28.69723566,-4.3507,9.0104,10.0058,334.23,0.7703,1.0986,-0.411,0.113,10.135,9.958,,,,
ICRF J070242.9-195122,105.67875277,-19.85612100,0.1092,-0.0056,0.1093,92.92,0.0954,0.1101,-0.045,0.145,1.161,1.146,129.0,19.0,36.08,36.08
ICRF J070246.2+544435,105.69276169,54.74325949,-1.1515,-0.5662,1.2832,243.82,1.6505,1.5522,0.188,-0.565,1.133,0.787,,,,
ICRF J070319.0-005103,105.82952758,-0.85087714,-0.1587,0.0336,0.1622,281.97,0.1312,0.1751,0.115,-0.104,1.224,1.224,,,,
ICRF J070633.5-231137,106.63965823,-23.19384727,0.8429,-0.4430,0.9522,117.73,0.4583,1.0107,-0.222,0.076,1.840,1.891,,,,
ICRF J070643.0-412223,106.67941576,-41.37327560,0.0455,7.0513,7.0514,0.37,1.0533,4.5827,0.034,-0.157,1.539,1.539,,,,
ICRF J070700.6+611011,106.75256556,61.16989109,0.4291,0.1387,0.4510,72.08,0.1304,0.1136,0.133,0.022,3.399,3.510,,,,
ICRF J070732.9+382213,106.88712504,38.37036127,0.4372,0.6635,0.7946,33.38,0.6951,0.6636,0.110,-0.171,1.138,1.181,,,,
ICRF J070803.3-142115,107.01406450,-14.35439318,0.1101,0.9815,0.9877,6.40,0.8435,1.1907,-0.015,-0.525,1.003,0.835,,,,
ICRF J070824.4+345542,107.10186593,34.92836493,0.1207,0.0859,0.1481,54.57,0.2138,0.3133,-0.042,-0.150,0.645,0.628,,,,
ICRF J070945.0-025517,107.43772754,-2.92152684,-0.1170,0.2455,0.2720,334.51,0.3611,0.3600,0.085,-0.328,0.696,0.755,,,,
ICRF J071043.6-385037,107.68181795,-38.84362148,1.6543,1.1278,2.0022,55.72,0.2262,0.6893,0.346,0.148,7.352,7.495,,,,
ICRF J071044.3+422055,107.68469226,42.34862332,-0.5685,0.0080,0.5686,270.81,0.1781,0.1949,-0.091,-0.242,3.226,3.192,,,,
ICRF J071046.1+473211,107.69210367,47.53642851,-0.3622,0.3459,0.5009,313.68,0.2274,0.2052,-0.020,-0.077,2.236,2.319,341.0,18.0,27.32,27.32
ICRF J071046.6-203323,107.69426137,-20.55664958,-0.7250,-0.2489,0.7665,251.05,0.2835,0.6097,0.557,-0.152,2.705,2.590,,,,
ICRF J071100.1-135931,107.75056599,-13.99201846,4.5084,3.0874,5.4642,55.60,8.0528,10.5111,0.271,0.042,0.622,0.632,,,,
ICRF J071151.3-013757,107.96416204,-1.63261031,-0.2452,-0.3804,0.4525,212.81,1.0323,1.1626,0.112,-0.314,0.482,0.404,,,,
ICRF J071243.6+503322,108.18201497,50.55630758,0.1199,-0.1266,0.1743,136.57,0.1001,0.1013,-0.099,0.265,1.749,1.731,90.0,15.0,46.57,46.57
ICRF J071355.6+193500,108.48199656,19.58344693,0.7003,1.6455,1.7883,23.05,0.4093,0.4035,-0.125,-0.102,4.605,4.422,86.0,56.0,62.95,62.95
ICRF J071424.8+353439,108.60340621,35.57772097,1.4700,-3.9241,4.1904,159.46,0.1553,0.1732,-0.285,-0.140,23.292,24.558,,,,
ICRF J071436.1+740810,108.65052093,74.13615121,0.1434,-0.0728,0.1609,116.90,0.1424,0.1466,0.142,-0.011,1.187,1.123,,,,
ICRF J071452.0+815154,108.71682653,81.86526282,-0.7724,0.8004,1.1123,316.02,0.4233,0.6413,-0.470,-0.170,1.884,2.211,,,,
ICRF J071533.3-092154,108.88913842,-9.36507637,6.0717,-9.6495,11.4009,147.82,6.6983,11.4030,0.210,-0.958,0.909,1.240,,,,
ICRF J071751.8+453803,109.46605175,45.63423913,0.0819,-0.3733,0.3822,167.63,0.2447,0.2278,-0.099,-0.226,1.639,1.673,,,,
ICRF J071919.4+330709,109.83091525,33.11936353,0.1902,-0.3008,0.3559,147.69,0.2416,0.1888,-0.105,0.103,1.815,1.778,80.0,32.0,67.69,67.69
ICRF J072102.4+154042,110.26005682,15.67860310,1.8445,-0.5294,1.9190,106.01,0.4402,0.4415,-0.142,-0.058,4.288,4.359,,,,
ICRF J072113.4-153041,110.30621453,-15.51139185,-0.2794,-0.7419,0.7928,200.64,0.2355,0.6031,-0.498,-0.121,2.326,1.709,,,,
ICRF J072123.9+040644,110.34962492,4.11228135,0.0490,0.1366,0.1451,19.74,0.1949,0.2441,-0.061,-0.052,0.626,0.614,,,,
ICRF J072153.4+712036,110.47270198,71.34343429,-0.0491,0.1699,0.1769,343.88,0.0317,0.0329,0.010,0.088,5.414,5.386,24.0,59.0,40.12,40.12
ICRF J072201.2+372228,110.50524866,37.37462042,0.1102,-0.4011,0.4160,164.64,0.1985,0.2329,-0.089,-0.011,1.777,1.809,,,,
ICRF J072227.6-303804,110.61539726,-30.63462030,-0.7000,2.0368,2.1537,341.03,0.6641,1.7460,0.144,0.154,1.697,1.572,,,,
ICRF J072417.2-071520,111.07205261,-7.25565345,0.3435,0.7577,0.8319,24.39,0.4317,0.3903,-0.101,-0.122,2.200,2.098,,,,
ICRF J072448.4+030825,111.20170406,3.14030286,0.8053,1.7962,1.9685,24.15,1.1475,1.0477,0.159,-0.200,2.000,1.852,,,,
ICRF J072516.8+142513,111.32003235,14.42048516,-0.2708,-0.0203,0.2716,265.72,0.1417,0.1382,-0.104,-0.395,2.127,1.916,304.0,29.0,38.28,38.28
ICRF J072524.4-264032,111.35172150,-26.67574428,-0.2108,0.1896,0.2835,311.97,0.2132,0.4159,0.139,0.090,1.141,1.089,,,,
ICRF J072550.1-190419,111.45902321,-19.07196507,-0.7618,1.4192,1.6107,331.77,0.5543,0.6482,-0.191,-0.306,2.315,2.585,,,,
ICRF J072550.6-005456,111.46099964,-0.91570640,0.7188,-1.0941,1.3091,146.70,0.1269,0.1206,-0.001,-0.141,10.148,10.693,316.0,23.0,10.70,169.30
ICRF J072614.2+215320,111.55941976,21.88892055,-0.2224,0.0350,0.2252,278.94,0.1724,0.1482,-0.015,-0.038,1.304,1.312,,,,
ICRF J072636.3+063642,111.65151727,6.61190341,0.0418,-0.0734,0.0845,150.35,0.2365,0.2838,-0.047,-0.275,0.288,0.313,,,,
ICRF J072700.1-381311,111.75054399,-38.21983807,-1.0405,-2.6034,2.8037,201.79,1.3380,3.8550,-0.029,-0.135,1.050,1.030,,,,
ICRF J072703.1+484410,111.76291922,48.73614633,0.0157,-0.0817,0.0832,169.11,0.4064,0.3763,0.009,0.178,0.230,0.220,,,,
ICRF J072810.8+674847,112.04539838,67.81306468,0.1331,0.0984,0.1656,53.52,0.1199,0.1186,0.110,0.226,1.305,1.386,,,,
ICRF J072820.6+215306,112.08586794,21.88510840,-0.1047,-0.6404,0.6489,189.29,0.3887,0.3644,-0.129,-0.359,1.991,1.778,,,,
ICRF J072849.6+570124,112.20679845,57.02343732,0.3763,-0.5096,0.6334,143.56,0.1446,0.1559,-0.046,0.006,4.132,4.178,,,,
ICRF J072905.4-363945,112.27254905,-36.66256454,-0.0135,0.4795,0.4797,358.39,0.3604,0.9694,-0.502,-0.151,0.530,0.496,,,,
ICRF J072917.8-132002,112.32424039,-13.33396429,0.3730,0.3817,0.5337,44.34,0.1911,0.3003,0.126,-0.252,2.326,2.330,,,,
ICRF J072957.3-343919,112.48902073,-34.65544342,-0.1066,-0.1812,0.2102,210.46,0.4171,0.9071,-0.550,0.045,0.462,0.324,,,,
ICRF J073019.1-114112,112.57963531,-11.68683352,-0.2305,0.0994,0.2510,293.33,0.2449,0.2528,-0.092,-0.301,0.949,1.020,272.0,81.0,21.33,21.33
ICRF J073025.8-024124,112.60782339,-2.69025123,0.8151,-0.2250,0.8456,105.43,0.4145,0.4268,0.052,-0.479,1.996,2.036,,,,
ICRF J073028.4-053546,112.61848537,-5.59636219,0.1573,0.4194,0.4479,20.56,0.1909,0.3734,-0.127,-0.302,1.495,1.393,,,,
ICRF J073038.2-320820,112.65957662,-32.13893868,1.6019,-1.2397,2.0255,127.74,0.3738,0.6719,-0.021,0.208,4.886,4.665,,,,
ICRF J073051.3+404950,112.71394413,40.83078516,0.2185,0.1198,0.2491,61.27,0.2173,0.2344,-0.158,-0.001,1.170,1.128,,,,
ICRF J073106.6-234147,112.77778322,-23.69663059,0.6196,-0.2980,0.6876,115.68,0.1819,0.3317,-0.140,0.127,3.551,3.523,,,,
ICRF J073131.5-222420,112.88128484,-22.40579622,2.2788,-0.6126,2.3598,105.05,0.2120,0.3699,0.223,-0.056,11.175,10.874,,,,
ICRF J073133.7+245158,112.89060610,24.86627739,-0.2524,0.4135,0.4845,328.60,0.5756,0.4626,0.215,-0.078,0.977,0.996,,,,
ICRF J073152.7+280432,112.96970597,28.07581685,-0.9904,0.9995,1.4071,315.26,0.8228,1.6298,-0.216,-0.368,1.254,1.351,,,,
ICRF J073158.9+143336,112.99582071,14.56013690,-0.5309,-0.6392,0.8309,219.71,0.1978,0.2534,0.006,-0.034,3.699,3.684,,,,
ICRF J073222.7+015035,113.09495292,1.84316230,-0.6648,-1.5558,1.6919,203.14,1.6854,1.6401,0.211,-0.569,1.469,1.027,,,,
ICRF J073256.2+254838,113.23448029,25.81077656,-0.2495,-0.2050,0.3229,230.59,0.2775,0.3143,0.010,-0.520,1.573,1.111,,,,
ICRF J073328.6+560541,113.36923075,56.09492753,3.2457,15.8294,16.1587,11.59,2.3316,3.5905,-0.428,0.052,5.586,4.623,,,,
ICRF J073352.5+502209,113.46883575,50.36918396,-0.1343,-0.3718,0.3954,199.86,0.1743,0.1583,0.227,-0.007,2.447,2.472,213.0,31.0,13.14,13.14
ICRF J073357.4+045614,113.48941622,4.93736017,0.3451,0.0639,0.3510,79.51,0.2244,0.2159,-0.041,0.141,1.544,1.566,,,,
ICRF J073502.3+475008,113.75963205,47.83567422,0.4558,0.0506,0.4586,83.66,0.1010,0.1096,0.029,0.068,4.520,4.535,,,,
ICRF J073633.6-043311,114.14011384,-4.55329453,0.2279,-1.0164,1.0417,167.36,0.2876,0.5864,-0.408,-0.307,1.745,1.906,,,,
ICRF J073658.0+260449,114.24197359,26.08054041,0.2618,-0.2240,0.3445,130.54,0.1927,0.2309,-0.084,-0.320,1.545,1.669,,,,
ICRF J073707.1-072038,114.27972056,-7.34389970,-0.3705,0.8809,0.9557,337.19,0.4103,0.5498,0.285,-0.139,1.887,1.839,,,,
ICRF J073730.0+594103,114.37536227,59.68422077,-0.4279,-11.4297,11.4377,182.14,1.1234,1.2104,-0.041,0.098,9.458,9.450,,,,
ICRF J073755.8-395434,114.48266826,-39.90945997,-0.4406,0.7357,0.8576,329.08,0.5046,1.6380,-0.424,0.018,0.880,0.982,,,,
ICRF J073758.9+643043,114.49575133,64.51204092,-17.0843,-7.1029,18.5020,247.42,0.9848,1.2613,0.106,-0.073,18.650,18.239,,,,
ICRF J073807.3+174218,114.53080730,17.70527726,0.4011,0.0349,0.4026,85.03,0.0631,0.0562,0.171,-0.222,6.483,6.384,71.0,55.0,14.03,14.03
ICRF J073856.4-673550,114.73540101,-67.59745168,0.5169,0.0500,0.5193,84.47,0.2700,0.2978,0.258,-0.184,1.946,1.922,,,,
ICRF J073857.1-062658,114.73823151,-6.44946014,0.2548,-0.2207,0.3371,130.90,0.1506,0.2811,0.148,-0.185,1.971,1.865,,,,
ICRF J073913.1+752747,114.80497827,75.46325253,3.1840,2.2737,3.9125,54.47,0.2833,0.3171,-0.270,0.077,13.393,13.330,,,,
ICRF J073918.0+013704,114.82514125,1.61794938,-0.1028,0.0016,0.1028,270.87,0.0629,0.0582,-0.088,-0.394,1.708,1.633,294.0,36.0,23.13,23.13
ICRF J074033.5+285247,115.13976596,28.87979079,0.3673,-0.2980,0.4729,129.05,0.3613,0.3537,-0.135,-0.240,1.202,1.320,,,,
ICRF J074053.3+671908,115.22249411,67.31895362,-0.5052,-0.6989,0.8623,215.86,0.2433,0.3402,0.315,0.052,2.687,2.920,,,,
ICRF J074110.7+311200,115.29459710,31.20006364,0.1438,2.2185,2.2231,3.71,0.0537,0.0504,-0.027,-0.098,44.433,44.134,181.0,10.0,2.71,177.29
ICRF J074125.7+270645,115.35722019,27.11260891,7.0663,0.0188,7.0663,89.85,0.3607,0.3166,-0.121,-0.239,20.107,19.588,,,,
ICRF J074155.6-264730,115.48200492,-26.79180409,7.2649,-5.4665,9.0919,126.96,0.2648,0.5220,-0.163,0.074,28.863,29.362,,,,
ICRF J074202.7+490015,115.51145396,49.00433581,0.1143,1.2409,1.2462,5.26,0.7716,0.7818,-0.049,0.038,1.590,1.594,,,,
ICRF J074239.7+544424,115.66579458,54.74018531,-0.3922,0.2041,0.4421,297.49,0.1507,0.1889,0.035,-0.516,2.611,2.818,223.0,20.0,74.49,74.49
ICRF J074305.1+171424,115.77127838,17.24011441,0.1198,-0.2372,0.2657,153.19,0.1880,0.2121,-0.015,-0.396,1.174,1.287,,,,
ICRF J074309.8+394130,115.79119395,39.69188346,0.0276,-0.0854,0.0898,162.10,0.2007,0.2060,-0.019,0.253,0.459,0.437,,,,
ICRF J074320.4-561932,115.83535514,-56.32582187,-1.2569,0.7136,1.4453,299.59,0.5459,0.7008,-0.485,-0.049,2.302,2.517,,,,
ICRF J074331.6-672625,115.88171515,-67.44042953,0.6252,-0.2896,0.6890,114.85,0.1002,0.0934,-0.025,-0.032,6.899,6.968,,,,
ICRF J074332.7-443405,115.88649504,-44.56808832,-3.3744,1.2418,3.5956,290.20,1.2957,5.4062,-0.137,-0.207,2.605,2.614,,,,
ICRF J074344.8-380356,115.93675257,-38.06566739,0.1648,3.0598,3.0643,3.08,0.5816,1.9277,0.088,0.618,1.622,1.612,,,,
ICRF J074344.9+232839,115.93738392,23.47750089,-0.0397,0.0797,0.0891,333.54,0.2469,0.2873,-0.024,-0.258,0.303,0.321,,,,
ICRF J074420.3-691907,116.08497311,-69.31865466,-0.8358,-0.4627,0.9554,241.03,0.4011,0.4183,0.193,-0.169,2.412,2.359,,,,
ICRF J074447.2+212000,116.19698637,21.33345168,3.6069,4.4347,5.7164,39.12,0.4842,0.5305,-0.031,-0.131,11.730,11.197,,,,
ICRF J074505.9+261409,116.27467714,26.23604745,-0.1003,0.3365,0.3511,343.41,0.1237,0.1810,-0.137,-0.234,1.936,2.028,,,,
ICRF J074510.2-245143,116.29276450,-24.86215733,-0.6012,0.6864,0.9124,318.79,0.2772,0.8134,-0.385,0.118,2.171,2.327,,,,
ICRF J074541.6+314256,116.42363097,31.71572707,2.5013,-2.6865,3.6707,137.04,0.1002,0.1453,-0.095,0.175,29.896,31.067,,,,
ICRF J074554.0-004417,116.47534303,-0.73820553,-0.8741,-0.6685,1.1005,232.59,0.0717,0.0637,0.067,-0.112,16.509,16.085,56.0,5.0,3.41,176.59
ICRF J074559.3+331334,116.49718341,33.22614843,-0.3180,0.0133,0.3182,272.40,0.1733,0.2375,0.017,0.105,1.839,1.836,,,,
ICRF J074616.6+180719,116.56944136,18.12212722,-0.1025,-1.4797,1.4833,183.96,0.5140,0.4701,-0.487,-0.089,3.221,3.154,,,,
ICRF J074618.2-155534,116.57598349,-15.92631830,-0.7394,0.4144,0.8476,299.27,0.1854,0.3331,0.086,-0.537,4.122,4.177,,,,
ICRF J074625.8+254902,116.60780909,25.81725964,0.1524,-0.3375,0.3703,155.70,0.3248,0.2511,-0.065,-0.115,1.381,1.423,,,,
ICRF J074640.4+273459,116.66846797,27.58306862,-0.1082,0.3112,0.3295,340.82,0.6848,0.5730,-0.153,-0.457,0.552,0.566,,,,
ICRF J074719.6-331046,116.83201343,-33.17971394,-0.5495,2.1331,2.2028,345.56,2.2310,1.9729,-0.384,0.120,1.144,1.109,,,,
ICRF J074836.1+240024,117.15045534,24.00669721,-0.4741,0.0530,0.4770,276.37,0.1432,0.0894,-0.079,0.023,3.372,3.363,291.0,36.0,14.63,14.63
ICRF J074848.6-165027,117.20282740,-16.84094432,0.8339,-2.7322,2.8566,163.03,2.4574,3.5579,0.004,-0.872,1.014,0.840,,,,
ICRF J074922.4+742041,117.34356968,74.34488684,0.1024,0.1285,0.1644,38.56,0.1345,0.1340,0.085,0.048,1.187,1.225,,,,
ICRF J074927.3+105733,117.36410564,10.95920184,-0.3361,-1.0284,1.0820,198.10,0.1985,0.3112,0.280,-0.053,3.444,3.713,,,,
ICRF J074956.9+575015,117.48729971,57.83758436,-0.0241,0.5339,0.5344,357.42,0.2931,0.3679,-0.070,0.247,1.451,1.454,,,,
ICRF J075000.3+182311,117.50137478,18.38650200,0.0062,0.0572,0.0575,6.22,0.3012,0.2145,0.003,-0.217,0.278,0.267,,,,
ICRF J075008.3+501506,117.53476185,50.25189191,-0.7175,-0.0871,0.7228,263.08,0.3716,0.3434,0.235,-0.088,1.940,1.947,,,,
ICRF J075020.4+481453,117.58515128,48.24821020,0.1494,-0.1704,0.2266,138.76,0.1543,0.1457,0.040,0.002,1.530,1.519,,,,
ICRF J075032.8+102126,117.63699178,10.35743602,-0.4135,-0.1730,0.4482,247.29,0.3859,0.2794,-0.065,-0.176,1.324,1.237,,,,
ICRF J075039.9+191947,117.66637664,19.32981636,0.0873,-0.2640,0.2780,161.69,0.1904,0.2693,-0.365,-0.125,0.999,1.082,,,,
ICRF J075043.2+790917,117.68027196,79.15472281,-0.0447,-0.0562,0.0717,218.49,0.1211,0.1366,0.009,-0.073,0.562,0.552,,,,
ICRF J075047.1-070604,117.69645148,-7.10111901,-0.4376,0.7273,0.8488,328.96,0.2214,0.3126,0.208,-0.360,3.021,3.053,,,,
ICRF J075052.0+123104,117.71685724,12.51800784,-0.1715,-0.0791,0.1888,245.23,0.0884,0.0666,-0.029,-0.025,2.301,2.275,60.0,59.0,5.23,174.77
ICRF J075057.7+824158,117.74064810,82.69945338,-0.1937,-0.5269,0.5614,200.19,0.1270,0.1500,0.140,-0.066,3.747,3.831,,,,
ICRF J075102.2+015215,117.75950669,1.87104462,-0.2338,0.5553,0.6025,337.16,0.3074,0.4603,-0.119,-0.307,1.335,1.426,,,,
ICRF J075110.2-004651,117.79252151,-0.78084708,1.1457,0.2153,1.1658,79.36,0.7648,1.2616,-0.342,-0.147,1.625,1.508,,,,
ICRF J075145.9+684026,117.94160258,68.67412021,0.5007,2.3827,2.4347,11.87,2.0357,4.3959,0.330,0.736,0.586,0.595,,,,
ICRF J075153.6+331319,117.97363851,33.22217194,-0.2184,-0.2210,0.3107,224.66,0.2075,0.1780,0.109,0.118,1.550,1.628,,,,
ICRF J075209.6+580852,118.04032411,58.14784884,-3.4726,-2.2700,4.1487,236.83,1.9844,3.2272,0.053,-0.096,1.955,1.886,,,,
ICRF J075228.3-394014,118.11814688,-39.67082549,0.6600,2.6405,2.7217,14.03,1.7089,5.0190,-0.072,0.298,0.662,0.653,,,,
ICRF J075240.9+373024,118.17044949,37.50675327,-0.3807,1.0199,1.0886,339.53,0.9045,0.7644,-0.082,0.093,1.438,1.399,,,,
ICRF J075301.3+535259,118.25576905,53.88323252,0.4070,0.7265,0.8327,29.26,0.1169,0.0983,0.038,0.513,7.394,8.172,10.0,27.0,19.26,19.26
ICRF J075303.3+423130,118.26390603,42.52521248,0.7958,1.8163,1.9830,23.66,0.1497,0.1646,0.020,-0.010,12.211,12.248,,,,
ICRF J075426.4-114716,118.61023512,-11.78804132,-0.0583,-0.2544,0.2610,192.91,0.1164,0.1634,-0.078,-0.024,1.660,1.636,166.0,5.0,26.91,26.91
ICRF J075437.0+391047,118.65445547,39.17994322,1.8020,-1.2481,2.1920,124.71,0.6654,0.9026,-0.550,0.053,2.718,3.041,,,,
ICRF J075441.5-384237,118.67318626,-38.71029075,1.2180,-2.8816,3.1285,157.09,0.5365,1.9762,-0.323,0.073,2.412,2.698,,,,
ICRF J075445.4+714056,118.68958014,71.68242662,-0.2822,-2.3356,2.3526,186.89,0.4019,0.4994,-0.169,0.282,4.682,4.729,,,,
ICRF J075445.6+482350,118.69029381,48.39743006,0.0986,-0.1154,0.1518,139.48,0.1002,0.1102,-0.010,0.034,1.435,1.437,,,,
ICRF J075523.1-423958,118.84655121,-42.66619297,0.2111,6.2757,6.2793,1.93,0.8831,4.4031,-0.353,0.111,1.599,1.445,,,,
ICRF J075537.0+254239,118.90430291,25.71083970,-1.2328,2.2189,2.5383,330.94,0.3025,0.5695,0.010,-0.083,5.654,5.638,,,,
ICRF J075650.6-154205,119.21124569,-15.70151016,-0.3026,-0.2157,0.3716,234.52,0.1607,0.2194,-0.063,-0.390,2.378,2.124,,,,
ICRF J075659.5+515100,119.24809648,51.85006611,-0.0039,0.1291,0.1291,358.27,0.3897,0.3310,0.128,0.171,0.397,0.390,,,,
ICRF J075706.6+095634,119.27767896,9.94301452,0.0188,0.6894,0.6897,1.56,0.0730,0.0675,-0.075,-0.104,10.274,10.212,21.0,29.0,19.44,19.44
ICRF J075807.6+113646,119.53190774,11.61279097,0.5310,-0.3999,0.6648,126.98,0.1643,0.2219,-0.145,-0.283,3.471,3.700,,,,
ICRF J075828.0+082709,119.61684976,8.45250884,-2.1235,1.5302,2.6175,305.78,1.7185,1.6435,-0.316,-0.448,1.307,1.547,,,,
ICRF J075828.1+374711,119.61711720,37.78661324,0.6126,-0.8567,1.0532,144.43,0.3948,0.4112,-0.169,0.116,2.594,2.598,,,,
ICRF J080100.4+115323,120.25201243,11.88988498,-0.6403,-0.8856,1.0928,215.87,1.6550,1.6724,-0.661,-0.029,1.093,0.656,,,,
ICRF J080108.2+440110,120.28448409,44.01948778,0.3320,-0.0906,0.3442,105.27,0.2607,0.2329,-0.007,-0.133,1.299,1.332,,,,
ICRF J080131.9+473616,120.38319026,47.60446189,-0.2983,0.1647,0.3408,298.90,0.2891,0.2740,-0.395,-0.075,1.054,1.194,,,,
ICRF J080146.4-283106,120.44372457,-28.51857538,0.1312,-0.3326,0.3576,158.47,0.2847,0.5514,-0.358,0.030,0.705,0.759,,,,
ICRF J080224.5+592134,120.60247002,59.35966565,0.5462,-1.1641,1.2859,154.86,0.3842,0.4073,0.365,0.137,3.481,3.192,,,,
ICRF J080241.5+250910,120.67328093,25.15302730,-0.3502,0.3460,0.4923,314.66,0.7149,0.5142,0.011,-0.323,0.735,0.832,,,,
ICRF J080248.0+180949,120.70013322,18.16368037,0.4320,0.9191,1.0156,25.18,0.6708,0.4502,-0.054,-0.029,2.160,2.141,,,,
ICRF J080339.3-080521,120.91377875,-8.08927517,0.7330,-0.8478,1.1208,139.16,0.8063,0.6870,-0.120,-0.488,1.289,1.533,,,,
ICRF J080352.1+640314,120.96733078,64.05399244,0.0279,0.2276,0.2293,7.00,0.2297,0.2591,-0.123,0.496,0.885,0.887,,,,
ICRF J080356.4+042102,120.98518517,4.35076120,-0.2118,0.0680,0.2224,287.81,0.1996,0.2064,-0.319,-0.212,1.066,1.111,,,,
ICRF J080407.5+101213,121.03158757,10.20367736,-0.1487,-0.0438,0.1550,253.60,0.1786,0.2573,-0.142,-0.086,0.873,0.850,,,,
ICRF J080433.7-171204,121.14047901,-17.20107672,-0.0866,0.5657,0.5723,351.30,0.2141,0.4841,-0.102,0.004,1.204,1.237,,,,
ICRF J080451.4-274911,121.21438005,-27.81981155,0.1205,0.2091,0.2413,29.96,0.1670,0.2652,-0.330,0.243,1.034,1.069,,,,
ICRF J080508.5+112157,121.28544017,11.36588626,0.1119,-0.4196,0.4342,165.07,0.1544,0.2089,-0.218,0.124,2.068,2.136,,,,
ICRF J080512.8-011113,121.30370201,-1.18716534,-0.1052,-0.2199,0.2438,205.58,0.1988,0.2060,-0.125,-0.129,1.250,1.191,,,,
ICRF J080518.1+614423,121.32574818,61.73991682,-0.1116,0.1651,0.1992,325.95,0.2580,0.2587,-0.026,0.327,0.928,0.771,,,,
ICRF J080608.7-045411,121.53660713,-4.90315032,1.9449,1.6801,2.5701,49.18,1.0849,1.5775,-0.079,-0.318,2.215,2.085,,,,
ICRF J080612.7-265233,121.55301089,-26.87591903,0.2999,0.4797,0.5657,32.01,0.1074,0.2143,-0.247,0.142,3.803,3.579,,,,
ICRF J080625.9+593106,121.60811952,59.51858598,-0.8056,1.7120,1.8920,334.80,0.5393,0.5588,-0.527,0.002,3.065,3.408,,,,
ICRF J080633.4+450432,121.63946895,45.07563133,-0.4049,-0.0300,0.4060,265.76,0.3715,0.2890,0.055,0.034,1.092,1.095,,,,
ICRF J080634.0-711215,121.64205883,-71.20437341,-2.0565,-2.2930,3.0802,221.89,0.6471,0.8064,0.434,-0.092,3.850,4.265,,,,
ICRF J080637.4+774607,121.65585984,77.76868545,-0.5028,-0.4631,0.6836,227.36,0.4991,0.5920,-0.107,0.108,1.222,1.276,,,,
ICRF J080701.0+511738,121.75422316,51.29407681,0.0539,0.0939,0.1083,29.87,0.1570,0.1783,0.256,0.344,0.568,0.629,,,,
ICRF J080705.3-153125,121.77212072,-15.52371706,-0.6294,0.6874,0.9320,317.52,0.2189,0.3714,-0.410,-0.124,3.060,3.419,,,,
ICRF J080709.6-054113,121.79007328,-5.68719876,0.9313,1.5476,1.8062,31.04,0.1200,0.2184,-0.094,-0.294,11.180,10.508,14.0,4.0,17.04,17.04
ICRF J080735.9-120743,121.89999532,-12.12880955,-0.0631,-0.2393,0.2475,194.78,0.1869,0.2822,-0.051,-0.227,0.945,0.913,,,,
ICRF J080738.5+135217,121.91043701,13.87148947,0.0665,-0.9892,0.9914,176.15,0.1874,0.2339,-0.108,-0.460,4.294,4.244,,,,
ICRF J080756.7+070840,121.98650753,7.14449921,1.4465,-0.7848,1.6457,118.48,2.6879,1.3271,-0.130,-0.566,0.642,0.800,,,,
ICRF J080757.5+043234,121.98974381,4.54292532,-4.2245,3.5182,5.4977,309.79,0.1557,0.1308,-0.103,-0.132,36.134,38.209,,,,
ICRF J080815.5-075109,122.06473349,-7.85274626,-0.2276,0.1369,0.2656,301.02,0.1378,0.1141,-0.157,-0.091,1.950,2.041,336.0,19.0,34.98,34.98
ICRF J080839.6+495036,122.16527621,49.84348067,0.2632,-0.0975,0.2807,110.33,0.1868,0.1202,-0.066,0.646,2.548,1.626,72.0,71.0,38.33,38.33
ICRF J080856.6+405244,122.23605019,40.87913580,-0.1714,0.1510,0.2284,311.38,0.1582,0.1343,0.037,-0.194,1.435,1.561,,,,
ICRF J080913.4+312222,122.30601840,31.37303196,-1.3705,-0.5911,1.4925,246.67,0.6180,0.8249,-0.013,-0.202,2.364,2.331,,,,
ICRF J080941.7+534125,122.42388657,53.69030365,-0.9940,-0.3232,1.0453,251.99,1.3447,1.0067,-0.018,0.490,0.740,0.806,,,,
ICRF J080949.1+521858,122.45494474,52.31618082,0.0896,0.0747,0.1167,50.21,0.1672,0.1791,-0.009,0.426,0.679,0.679,89.0,50.0,38.79,38.79
ICRF J081026.4+101040,122.61009948,10.17805554,0.2883,-0.8355,0.8839,160.96,0.2253,0.3703,-0.171,-0.135,2.437,2.594,,,,
ICRF J081041.3+081000,122.67235988,8.16675405,-0.7667,0.1885,0.7895,283.82,0.2984,0.4493,-0.052,-0.153,2.581,2.603,,,,
ICRF J081058.9+413402,122.74580928,41.56744634,-0.0268,-0.0634,0.0689,202.90,0.2166,0.2088,-0.231,-0.176,0.355,0.328,,,,
ICRF J081100.6+571412,122.75253871,57.23680409,-0.2454,0.1368,0.2809,299.14,0.1436,0.1382,-0.041,0.072,1.980,1.975,,,,
ICRF J081126.7+014652,122.86128049,1.78117227,0.1362,-0.0949,0.1660,124.85,0.1079,0.0838,-0.023,-0.111,1.616,1.695,175.0,49.0,50.15,50.15
ICRF J081228.5-181042,123.11881641,-18.17855926,-0.9036,-1.2153,1.5144,216.63,0.2801,0.4113,0.407,-0.030,4.022,4.375,,,,
ICRF J081247.7+252242,123.19909394,25.37833419,-0.1110,-0.6325,0.6422,189.95,0.9327,0.9912,-0.139,-0.131,0.672,0.649,,,,
ICRF J081303.8+254211,123.26597517,25.70306433,-0.0263,0.1192,0.1220,347.58,0.1830,0.1649,-0.204,-0.206,0.723,0.737,,,,
ICRF J081347.1+243559,123.44640737,24.59976385,0.0321,-0.4574,0.4585,175.99,0.2613,0.2260,-0.417,-0.150,2.045,2.028,,,,
ICRF J081432.1+560956,123.63381743,56.16574652,-0.7437,0.2975,0.8010,291.80,0.6609,0.4402,-0.255,0.031,1.199,1.313,,,,
ICRF J081439.1+643122,123.66329307,64.52278503,-0.0855,-0.0131,0.0865,261.31,0.1606,0.1361,-0.094,0.409,0.551,0.541,211.0,15.0,50.31,50.31
ICRF J081455.1-252143,123.72970926,-25.36220110,0.2797,0.5555,0.6220,26.73,0.4612,0.9407,-0.049,0.043,0.867,0.847,,,,
ICRF J081522.9+015459,123.84567012,1.91652250,-0.3431,0.4229,0.5446,320.95,0.0959,0.0844,-0.114,-0.345,5.541,6.156,,,,
ICRF J081525.9+363515,123.85810360,36.58754133,-0.0659,-0.2235,0.2330,196.42,0.1623,0.1370,-0.002,-0.280,1.847,1.681,,,,
ICRF J081529.4+095440,123.87280424,9.91130530,-0.1305,0.7619,0.7730,350.28,0.3910,0.3668,-0.057,-0.167,2.079,2.104,,,,
ICRF J081640.4-242106,124.16838485,-24.35182519,-0.2454,0.5392,0.5925,335.53,0.5648,0.5022,-0.271,0.163,1.223,1.158,,,,
ICRF J081710.5+235223,124.29394876,23.87332037,0.1729,-0.0083,0.1731,92.75,0.2200,0.2020,-0.286,-0.240,0.800,0.787,,,,
ICRF J081727.4-030737,124.36452495,-3.12703086,-0.0940,-0.8760,0.8810,186.13,0.3129,0.4948,0.090,-0.224,1.782,1.796,,,,
ICRF J081741.0+553733,124.42091654,55.62591196,0.8211,0.4504,0.9366,61.25,0.3785,0.3492,-0.125,-0.053,2.595,2.524,,,,
ICRF J081749.7-093330,124.45728949,-9.55847969,-0.3254,0.4914,0.5894,326.49,0.1262,0.2480,-0.069,-0.317,3.120,3.252,340.0,11.0,13.51,13.51
ICRF J081758.8-293631,124.49520944,-29.60872782,0.7255,-0.5157,0.8901,125.41,0.1635,0.3703,-0.059,0.087,4.590,4.649,,,,
ICRF J081815.9+422245,124.56666506,42.37928192,0.0267,-0.2536,0.2550,173.98,0.0975,0.0838,-0.070,-0.192,3.037,3.038,95.0,69.0,78.98,78.98
ICRF J081856.2+051737,124.73432018,5.29368477,0.0289,0.0604,0.0670,25.56,0.2404,0.2695,-0.106,-0.172,0.269,0.254,,,,
ICRF J081902.3+322637,124.75970241,32.44367107,0.0013,-0.6216,0.6216,179.88,0.3179,0.2729,-0.050,0.069,2.280,2.278,,,,
ICRF J081918.8+274730,124.82856548,27.79185815,-0.0775,-0.1291,0.1506,210.98,0.2147,0.2111,-0.187,-0.219,0.784,0.710,,,,
ICRF J081924.3+810533,124.85126159,81.09254606,-0.1266,0.3990,0.4186,342.40,0.6475,0.5790,0.308,0.055,0.808,0.716,,,,
ICRF J081936.6-063048,124.90269800,-6.51338014,-0.0440,0.0448,0.0628,315.54,0.4191,0.4145,0.405,-0.434,0.146,0.151,,,,
ICRF J081950.5+753839,124.96049562,75.64432343,2.8938,2.5426,3.8521,48.70,0.6284,0.5051,0.212,0.088,6.365,6.822,,,,
ICRF J082057.4-125859,125.23936510,-12.98310256,2.2050,0.6340,2.2944,73.96,0.2095,0.1940,-0.054,-0.230,11.896,11.021,,,,
ICRF J082120.5-580018,125.33553097,-58.00520859,-0.0495,-0.0737,0.0888,213.88,0.5324,0.9929,0.498,0.062,0.103,0.119,,,,
ICRF J082140.0-032312,125.41682344,-3.38681647,1.5461,0.6607,1.6813,66.86,0.2350,0.3335,0.112,-0.410,6.930,6.869,,,,
ICRF J082214.4+253832,125.56022736,25.64235080,-0.2084,-0.5539,0.5918,200.62,0.6684,1.0529,-0.456,-0.017,0.802,0.612,,,,
ICRF J082257.5+404149,125.73981648,40.69715743,0.1290,-0.3098,0.3356,157.39,0.1950,0.2002,0.036,-0.177,1.626,1.683,,,,
ICRF J082324.7+222303,125.85316327,22.38424680,-1.8063,-4.7010,5.0361,201.02,0.1215,0.1607,0.078,-0.208,32.832,32.818,,,,
ICRF J082341.1+292828,125.92138311,29.47449996,-0.3620,0.2622,0.4470,305.92,0.1934,0.1697,-0.126,-0.218,2.231,2.427,,,,
ICRF J082352.0-093925,125.96676481,-9.65719872,-12.4781,13.1681,18.1411,316.54,0.2882,0.4984,0.148,-0.253,52.284,50.718,,,,
ICRF J082433.0+243843,126.13753878,24.64531002,-0.2218,-0.0771,0.2348,250.83,0.2898,0.2396,-0.204,-0.257,0.920,0.830,,,,
ICRF J082439.0+405707,126.16250984,40.95215643,0.1875,-0.3647,0.4101,152.80,0.5791,0.5997,-0.454,0.074,0.611,0.689,,,,
ICRF J082447.2+555242,126.19681819,55.87851927,0.0229,0.0754,0.0788,16.89,0.1016,0.0873,-0.093,0.185,0.870,0.893,,,,
ICRF J082449.2-242852,126.20525030,-24.48126505,-3.6688,-1.1115,3.8335,253.15,3.1470,3.3888,0.365,0.155,1.175,1.211,,,,
ICRF J082451.6-152745,126.21508954,-15.46275420,-0.1502,-0.3306,0.3631,204.43,0.2954,0.3546,-0.018,-0.228,1.140,1.062,,,,
ICRF J082455.4+391641,126.23118274,39.27830668,-0.3183,-0.0022,0.3183,269.61,0.1354,0.1347,-0.077,-0.105,2.365,2.351,308.0,17.0,38.39,38.39
ICRF J082511.8+133232,126.29954561,13.54237189,0.3869,0.3300,0.5085,49.53,0.3153,0.2674,-0.032,-0.123,1.833,1.740,,,,
ICRF J082526.8-501038,126.36195437,-50.17735796,3.0746,1.8943,3.6113,58.36,1.7096,1.3877,-0.500,-0.301,3.037,2.258,,,,
ICRF J082538.6+615728,126.41088413,61.95793871,0.0609,-0.1870,0.1966,161.97,0.0897,0.0865,0.221,0.310,2.523,2.266,253.0,10.0,88.97,91.03
ICRF J082550.3+030924,126.45974316,3.15681110,0.3351,0.2837,0.4391,49.74,0.1496,0.1145,-0.014,-0.381,4.170,3.339,32.0,32.0,17.74,17.74
ICRF J082601.5-223027,126.50655390,-22.50755637,0.0974,-0.4769,0.4868,168.46,0.0724,0.1185,-0.264,-0.032,4.052,4.242,142.0,36.0,26.46,26.46
ICRF J082706.5+105224,126.77713608,10.87337567,0.1080,0.0810,0.1350,53.10,0.2166,0.2471,-0.098,-0.091,0.621,0.597,,,,
ICRF J082738.5+352505,126.91078437,35.41807720,0.4190,0.7174,0.8308,30.29,1.8609,3.0414,-0.041,-0.051,0.335,0.326,,,,
ICRF J082753.6+521758,126.97374228,52.29952677,0.6295,-0.3903,0.7407,121.80,0.3494,0.3783,-0.101,-0.367,1.855,2.076,,,,
ICRF J082836.3+504826,127.15163612,50.80736754,0.2543,1.1134,1.1420,12.86,0.2529,0.2533,0.014,0.175,4.449,4.509,,,,
ICRF J082904.8+175415,127.27011921,17.90440666,3.1743,-1.0207,3.3343,107.83,0.2994,0.3758,-0.226,-0.389,10.603,10.945,,,,
ICRF J082935.5+401859,127.39823374,40.31646494,0.2316,0.7026,0.7398,18.25,0.4112,0.3397,0.163,0.418,2.069,2.143,,,,
ICRF J083049.7-063619,127.70726698,-6.60555315,0.1659,-0.1286,0.2099,127.79,0.2609,0.4026,-0.116,-0.300,0.675,0.712,,,,
ICRF J083052.0+241059,127.71702580,24.18328341,-0.1336,0.0422,0.1401,287.53,0.0722,0.0566,-0.073,-0.297,1.878,1.996,116.0,43.0,8.47,171.53
ICRF J083056.1+062412,127.73399948,6.40357612,-0.3899,0.4510,0.5962,319.16,0.3140,0.5504,-0.387,-0.352,1.297,1.488,,,,
ICRF J083109.1-222826,127.78812071,-22.47411147,-0.1157,-0.0253,0.1184,257.65,0.4200,0.7429,-0.023,-0.102,0.280,0.278,,,,
ICRF J083148.8+042939,127.95365400,4.49419052,0.0634,0.0898,0.1099,35.22,0.0586,0.0683,0.001,-0.441,1.798,1.702,63.0,19.0,27.78,27.78
ICRF J083155.0+084743,127.97954794,8.79545885,-0.6081,-2.6187,2.6884,193.07,1.4075,1.2585,0.119,-0.648,3.021,2.125,,,,
ICRF J083216.0+183212,128.06683451,18.53670365,6.2806,1.7919,6.5312,74.08,1.2974,0.8613,0.077,-0.033,5.328,5.269,,,,
ICRF J083223.2+491321,128.09673643,49.22251064,0.0505,-0.0573,0.0764,138.60,0.1105,0.1040,0.079,-0.147,0.687,0.716,,,,
ICRF J083249.3+155408,128.20582111,15.90239529,0.1772,0.1879,0.2583,43.32,0.1942,0.2038,-0.210,-0.239,1.450,1.297,,,,
ICRF J083314.3+112336,128.30986136,11.39339890,-0.3856,-0.4356,0.5817,221.52,0.2036,0.2516,0.177,-0.259,2.577,2.566,,,,
ICRF J083318.9+035032,128.32880410,3.84231999,0.2063,1.9540,1.9649,6.03,0.8723,0.5843,-0.040,-0.687,4.588,3.352,,,,
ICRF J083353.8+422401,128.47452236,42.40051400,0.0126,-0.0104,0.0164,129.61,0.1100,0.1345,-0.101,-0.184,0.131,0.138,,,,
ICRF J083417.5+601947,128.57310860,60.32974076,-17.2364,-15.4898,23.1738,228.05,12.0333,9.9668,-0.175,0.975,1.597,2.114,,,,
ICRF J083454.9+553421,128.72876662,55.57251954,-2.5128,1.2887,2.8240,297.15,0.9124,0.8333,-0.009,-0.028,3.122,3.159,,,,
ICRF J083547.6+683511,128.94836996,68.58652509,0.0826,-0.1921,0.2091,156.74,0.1843,0.2041,-0.237,0.201,1.040,1.043,,,,
ICRF J083616.2+213903,129.06757038,21.65099460,-0.2594,-0.0561,0.2654,257.81,0.3252,0.2415,-0.159,-0.454,0.985,0.831,,,,
ICRF J083622.8+272852,129.09536945,27.48125927,-0.7886,0.3410,0.8592,293.39,0.4054,0.2935,-0.068,-0.237,2.083,2.266,,,,
ICRF J083636.8+412554,129.15371939,41.43186441,0.2131,-0.2556,0.3328,140.18,0.1395,0.1488,-0.171,0.230,2.254,2.299,,,,
ICRF J083639.2-201659,129.16339688,-20.28319563,0.1430,0.2324,0.2729,31.61,0.1819,0.1712,0.082,-0.189,1.714,1.568,267.0,39.0,55.39,124.61
ICRF J083646.3+235531,129.19295630,23.92545599,0.2310,0.0816,0.2450,70.54,0.4144,0.5196,-0.041,-0.322,0.599,0.579,,,,
ICRF J083650.7-223310,129.21153665,-22.55280220,0.6210,-0.5782,0.8485,132.96,0.1654,0.3565,-0.020,0.081,4.065,4.090,,,,
ICRF J083722.4+582501,129.34337363,58.41717915,-0.3340,0.0665,0.3406,281.26,0.0813,0.0758,0.015,0.233,4.398,4.202,,,,
ICRF J083740.2+245423,129.41769037,24.90642263,-0.1426,0.1221,0.1877,310.56,0.1207,0.0892,-0.160,-0.213,1.655,1.808,,,,
ICRF J083811.0-383649,129.54589670,-38.61379459,-0.9447,-0.4514,1.0471,244.46,0.6189,1.1274,0.157,-0.012,1.560,1.578,,,,
ICRF J083915.8+285038,129.81594864,28.84411184,-50.2226,81.0786,95.3732,328.22,16.7478,8.0583,-0.032,-0.064,10.336,10.499,,,,
ICRF J083930.7+180247,129.87800568,18.04642854,-0.6457,0.2727,0.7010,292.89,0.1699,0.2533,-0.508,-0.129,3.842,3.950,307.0,13.0,14.11,14.11
ICRF J083949.1+031953,129.95498282,3.33162763,-1.3130,0.0380,1.3135,271.66,0.6839,0.4896,-0.063,-0.441,2.068,1.921,,,,
ICRF J083949.6+010426,129.95671260,1.07409349,-0.1723,0.0862,0.1927,296.59,0.1409,0.1678,0.164,-0.190,1.335,1.327,219.0,52.0,77.59,77.59
ICRF J083956.5+422755,129.98567220,42.46550415,3.3624,2.9310,4.4606,48.92,0.7187,0.4790,-0.002,0.191,7.131,7.703,,,,
ICRF J084047.5+131223,130.19828511,13.20654549,0.5515,0.1898,0.5832,71.01,0.3882,0.1944,-0.080,-0.219,1.899,1.724,89.0,24.0,17.99,17.99
ICRF J084047.6-091049,130.19860182,-9.18044159,0.7317,-0.7918,1.0781,137.26,0.7337,0.7293,0.446,-0.401,1.439,1.474,,,,
ICRF J084051.2+443959,130.21370369,44.66646970,0.4337,0.4545,0.6282,43.66,0.6049,0.5955,0.198,-0.167,1.050,1.047,,,,
ICRF J084124.3+705342,130.35152202,70.89504807,-0.0775,-0.1807,0.1966,203.22,0.0475,0.0549,0.104,0.171,3.502,3.675,222.0,28.0,18.78,18.78
ICRF J084127.0-754027,130.36264964,-75.67440932,-1.0366,0.1318,1.0449,277.25,0.3082,0.2872,-0.083,0.043,3.368,3.394,,,,
ICRF J084132.6-313635,130.38584387,-31.60991524,1.8281,1.3317,2.2617,53.93,1.3948,1.0436,-0.146,0.153,1.709,1.829,,,,
ICRF J084154.0+231954,130.47523500,23.33187267,2.1927,2.0310,2.9888,47.19,2.2682,3.0376,0.454,-0.191,1.001,1.175,,,,
ICRF J084205.0+183540,130.52122573,18.59471958,-0.4093,-1.2851,1.3487,197.66,0.0893,0.0967,0.141,-0.266,14.001,14.052,,,,
ICRF J084215.3+452544,130.56396566,45.42893920,0.0284,0.1895,0.1916,8.52,0.1695,0.2136,-0.105,-0.130,0.926,0.903,,,,
ICRF J084226.5-605350,130.61067127,-60.89733375,0.1652,0.0361,0.1691,77.69,0.4120,0.3954,0.011,0.024,0.410,0.411,,,,
ICRF J084349.1+683317,130.95458977,68.55476529,-0.0054,0.4749,0.4749,359.35,0.2472,0.3306,-0.030,0.325,1.504,1.437,,,,
ICRF J084429.0+383055,131.12124092,38.51547505,-0.0018,-1.8637,1.8637,180.05,2.5991,2.5501,-0.094,0.233,0.751,0.731,,,,
ICRF J084452.3-374209,131.21800499,-37.70260469,-0.0562,1.0078,1.0094,356.81,0.2326,0.4528,-0.136,0.063,2.231,2.239,,,,
ICRF J084502.4-545808,131.26034467,-54.96903866,0.1241,0.1514,0.1957,39.33,1.1172,1.5898,0.457,-0.189,0.122,0.146,,,,
ICRF J084508.1-334741,131.28393519,-33.79474009,-9.2298,-1.0310,9.2872,263.63,4.5973,18.5814,-0.493,0.506,2.293,2.008,,,,
ICRF J084511.3-652723,131.29722889,-65.45643396,0.3214,-0.5488,0.6360,149.64,0.2979,0.4761,0.020,-0.018,1.594,1.579,,,,
ICRF J084517.1+043947,131.32143212,4.66315426,0.2870,-0.3011,0.4159,136.37,0.4080,0.2972,0.059,-0.272,1.124,1.233,,,,
ICRF J084542.4-371854,131.42706835,-37.31528187,0.2738,1.3921,1.4188,11.13,0.5009,0.9802,-0.065,-0.276,1.596,1.522,,,,
ICRF J084610.8-342433,131.54539062,-34.40932925,0.0198,-1.0456,1.0458,178.91,0.3810,0.6183,0.313,0.044,1.715,1.692,,,,
ICRF J084650.0+064148,131.70836680,6.69693839,0.0090,1.0800,1.0801,0.48,0.4554,0.9880,-0.443,-0.343,1.228,1.093,,,,
ICRF J084656.6-260750,131.73590322,-26.13073843,-0.8438,0.1472,0.8566,279.89,0.4430,0.5350,0.406,0.031,1.983,1.925,,,,
ICRF J084711.1-175450,131.79654171,-17.91392741,-3.5848,1.1999,3.7803,288.51,3.1960,1.2783,0.344,-0.151,1.401,1.463,,,,
ICRF J084715.1+383110,131.81320474,38.51944048,-0.0227,-0.1311,0.1331,189.82,0.1654,0.1744,-0.010,-0.152,0.776,0.764,,,,
ICRF J084734.2+460928,131.89291059,46.15777936,-0.2452,-0.3070,0.3930,218.61,0.2627,0.2598,0.227,-0.261,1.639,1.506,,,,
ICRF J084756.7-070316,131.98640507,-7.05469517,0.0411,0.0893,0.0983,24.69,0.1003,0.1870,-0.067,-0.394,0.660,0.629,64.0,9.0,39.31,39.31
ICRF J084758.7-052033,131.99468717,-5.34275003,-0.0632,0.5439,0.5475,353.38,0.2244,0.1882,-0.304,-0.264,2.916,2.903,,,,
ICRF J084945.6-354101,132.44009787,-35.68368836,0.2424,-0.4458,0.5074,151.47,0.1800,0.3380,-0.134,0.169,1.882,1.885,,,,
ICRF J084957.9+510829,132.49157025,51.14139550,0.0379,0.0523,0.0646,35.90,0.3115,0.3386,0.016,-0.197,0.216,0.197,95.0,68.0,59.10,59.10
ICRF J085009.6-121335,132.54014847,-12.22649337,0.0497,0.0096,0.0506,79.03,0.0864,0.0708,-0.040,-0.334,0.651,0.591,71.0,41.0,8.03,8.03
ICRF J085024.7+374709,132.60304084,37.78596604,2.4635,-0.6212,2.5406,104.15,1.5755,1.3090,-0.091,-0.316,1.564,1.634,,,,
ICRF J085155.8-522812,132.98270481,-52.47021690,0.4189,1.3893,1.4510,16.78,1.3902,2.6212,-0.810,-0.173,1.005,0.610,,,,
ICRF J085205.1+283359,133.02153990,28.56659181,0.4413,-0.4841,0.6551,137.64,0.2686,0.2039,-0.151,-0.224,2.660,2.887,,,,
ICRF J085230.8-152808,133.12852998,-15.46902102,-0.8025,0.4621,0.9261,299.94,0.5171,0.6371,-0.035,-0.363,1.580,1.713,,,,
ICRF J085238.7-575529,133.16135779,-57.92494700,-0.2525,-0.2131,0.3304,229.83,0.2585,0.3893,0.120,0.011,1.075,1.120,,,,
ICRF J085300.1-382416,133.25076779,-38.40458642,-1.8301,-0.2512,1.8473,262.18,1.0506,2.0452,-0.043,-0.045,1.754,1.746,,,,
ICRF J085301.3-015048,133.25554961,-1.84670821,0.0361,0.1940,0.1974,10.55,0.3372,0.5117,0.157,-0.340,0.386,0.394,,,,
ICRF J085317.8+281349,133.32428518,28.23055477,0.0980,0.1255,0.1592,38.00,0.1736,0.2110,-0.041,-0.282,0.870,0.820,,,,
ICRF J085318.8+682819,133.32873708,68.47194811,-22.3028,8.8519,23.9952,291.65,0.7765,0.9529,-0.346,0.176,30.509,30.188,,,,
ICRF J085348.1+065447,133.45079133,6.91312038,0.8448,2.8651,2.9871,16.43,0.3167,0.2402,0.012,-0.278,13.068,12.223,,,,
ICRF J085409.8+440830,133.54120238,44.14174474,0.6391,0.0719,0.6431,83.58,1.2080,2.6445,0.057,-0.129,0.529,0.530,,,,
ICRF J085435.0+072024,133.64598502,7.34003487,-0.1185,0.3166,0.3380,339.48,0.6386,0.4040,0.093,-0.299,0.784,0.805,,,,
ICRF J085441.9+575729,133.67498507,57.95831642,-0.3737,0.6580,0.7568,330.41,0.0864,0.0902,-0.161,0.175,8.630,8.481,146.0,14.0,4.41,175.59
ICRF J085448.5+803422,133.70249494,80.57288398,0.0600,0.1901,0.1993,17.51,0.1585,0.1629,0.022,-0.105,1.233,1.227,,,,
ICRF J085448.8+200630,133.70364554,20.10851134,-0.0710,-0.1326,0.1504,208.16,0.0368,0.0320,-0.052,-0.318,4.757,4.566,257.0,114.0,48.84,48.84
ICRF J085450.5+621850,133.71073455,62.31394242,-1.7094,1.6117,2.3494,313.31,0.1937,0.2186,-0.268,0.172,11.500,11.498,,,,
ICRF J085511.7-714906,133.79904107,-71.81846033,0.1061,0.1653,0.1964,32.71,0.2445,0.2473,-0.352,-0.133,0.947,0.797,,,,
ICRF J085641.8-110514,134.17418399,-11.08734177,-0.3375,-0.1666,0.3764,243.73,0.0950,0.0766,0.023,-0.206,4.520,4.167,249.0,20.0,5.27,5.27
ICRF J085654.8+714623,134.22861893,71.77330642,-0.6221,-0.2451,0.6687,248.50,0.2752,0.2677,0.098,0.126,2.352,2.439,,,,
ICRF J085657.2+211143,134.23851986,21.19546062,0.7797,0.2546,0.8202,71.92,0.2481,0.1529,-0.067,-0.378,4.161,3.557,,,,
ICRF J085805.3-195036,134.52234677,-19.84359316,-0.0959,0.1504,0.1784,327.47,0.1168,0.1973,-0.000,-0.077,1.105,1.121,,,,
ICRF J085841.4+140944,134.67269594,14.16243397,0.2601,-0.0435,0.2637,99.49,0.3103,0.2817,-0.186,-0.321,0.841,0.852,,,,
ICRF J085841.6+140540,134.67333434,14.09454806,1.3409,2.7580,3.0667,25.93,0.5563,0.4793,0.095,-0.353,6.739,6.239,,,,
ICRF J085920.8-330924,134.83672057,-33.15686803,0.4508,2.7691,2.8055,9.25,0.9077,3.1356,0.166,0.271,0.952,1.013,,,,
ICRF J090021.4+410822,135.08930778,41.13971939,-0.4065,-0.5584,0.6907,216.05,0.4954,0.4020,-0.139,-0.103,1.695,1.613,,,,
ICRF J090039.7-124232,135.16568984,-12.70906142,-0.4720,0.1608,0.4986,288.82,0.2132,0.3878,0.038,-0.287,2.235,2.252,,,,
ICRF J090040.0-280820,135.16682829,-28.13898459,-1.2890,-2.9091,3.1819,203.90,0.1936,0.4076,-0.053,0.159,9.978,9.760,,,,
ICRF J090044.2-313128,135.18455990,-31.52460519,-0.5016,-0.8767,1.0100,209.78,0.3255,0.6237,-0.032,0.228,2.024,2.086,,,,
ICRF J090111.8+044858,135.29943452,4.81634275,-0.1359,-0.0670,0.1516,243.76,0.2526,0.2484,-0.054,-0.247,0.647,0.602,,,,
ICRF J090144.2-070216,135.43433174,-7.03779688,0.1804,0.2857,0.3379,32.26,0.1712,0.2975,-0.188,0.039,1.533,1.426,,,,
ICRF J090216.8-141530,135.57012883,-14.25857648,-0.2211,-0.2387,0.3254,222.81,0.0661,0.0815,-0.264,-0.107,5.012,4.446,146.0,12.0,76.81,76.81
ICRF J090219.2+540257,135.58036454,54.04923789,-0.2809,-0.3311,0.4342,220.31,0.2361,0.2282,-0.022,0.031,1.866,1.876,,,,
ICRF J090230.9+431014,135.62883322,43.17060158,-0.3625,0.3277,0.4887,312.11,0.5363,0.3553,0.033,-0.226,1.047,1.143,,,,
ICRF J090300.0-172105,135.75008248,-17.35145349,-0.3515,0.2901,0.4558,309.53,0.1588,0.2673,-0.255,0.011,2.346,2.466,,,,
ICRF J090303.9+465104,135.76662544,46.85114928,-0.2159,2.1636,2.1743,354.30,0.2338,0.2189,-0.056,-0.268,10.030,9.928,6.0,36.0,11.70,11.70
ICRF J090337.9-311739,135.90806210,-31.29420140,0.1930,0.2472,0.3137,37.98,0.3936,0.9543,-0.451,0.405,0.678,0.555,,,,
ICRF J090353.1+675722,135.97147932,67.95630157,0.1356,0.0558,0.1467,67.62,0.1051,0.1373,0.094,0.290,1.298,1.352,,,,
ICRF J090358.5+515100,135.99406067,51.85018416,0.2742,-0.5637,0.6268,154.06,0.4132,0.3217,0.054,0.155,1.981,1.874,,,,
ICRF J090415.6+423804,136.06511862,42.63465704,-3.3628,0.6537,3.4257,281.00,0.3372,0.2959,-0.223,-0.358,10.039,10.213,,,,
ICRF J090420.5-311125,136.08548309,-31.19046311,0.1822,-0.4362,0.4727,157.33,0.9631,0.9205,-0.413,-0.148,0.487,0.510,,,,
ICRF J090442.3-351424,136.17657831,-35.24009738,-0.2831,1.4596,1.4868,349.02,0.3414,0.5814,-0.502,0.070,2.604,2.644,,,,
ICRF J090444.3+233354,136.18473963,23.56502765,0.2262,0.0056,0.2263,88.57,0.3145,0.4699,-0.048,-0.524,0.722,0.719,,,,
ICRF J090452.1-255251,136.21744180,-25.88104359,-0.2678,0.9457,0.9829,344.19,0.2358,0.4919,-0.045,0.139,2.209,2.233,,,,
ICRF J090453.1-573505,136.22157992,-57.58493954,-0.1325,-0.1644,0.2112,218.86,1.4263,0.2427,-0.014,0.632,0.733,0.684,,,,
ICRF J090514.3+205213,136.30973879,20.87036304,0.0888,0.5051,0.5129,9.97,0.2999,0.3230,-0.287,-0.340,1.754,1.592,,,,
ICRF J090527.4+485049,136.36443275,48.84721260,-0.7531,0.7385,1.0548,314.44,0.1305,0.1640,-0.221,0.016,6.735,7.322,,,,
ICRF J090541.7+284928,136.42404132,28.82452834,1.2328,-1.2991,1.7910,136.50,0.5218,0.3914,-0.166,-0.576,3.396,4.074,,,,
ICRF J090552.4+025931,136.46835320,2.99208666,0.1468,3.8831,3.8859,2.16,3.8932,7.3909,0.616,-0.479,0.639,0.527,,,,
ICRF J090615.5+463619,136.56474916,46.60528450,-5.5543,7.8214,9.5929,324.62,0.5314,0.5465,-0.173,-0.328,15.655,17.721,,,,
ICRF J090651.3-201954,136.71377236,-20.33189028,-0.1568,-0.0310,0.1599,258.81,0.1659,0.2243,-0.145,0.083,0.957,0.955,,,,
ICRF J090752.9+681544,136.97061075,68.26247810,5.2118,-4.2301,6.7124,129.06,0.2129,0.1975,-0.120,0.294,33.980,32.527,,,,
ICRF J090835.8+415046,137.14943088,41.84616825,0.1399,-0.9491,0.9594,171.61,0.2601,0.3823,0.314,-0.351,2.720,2.541,,,,
ICRF J090855.9+160954,137.23302226,16.16521225,-0.0806,4.2312,4.2319,358.91,0.5312,0.4242,-0.414,-0.554,11.360,9.976,,,,
ICRF J090910.0+012135,137.29204833,1.35989378,0.1208,0.0391,0.1270,72.09,0.0839,0.0762,0.115,-0.257,1.578,1.529,44.0,21.0,28.09,28.09
ICRF J090912.1+083541,137.30065619,8.59474977,-2.0234,0.4558,2.0741,282.69,0.1664,0.2641,-0.196,-0.381,12.189,12.278,,,,
ICRF J090933.4+425346,137.38957145,42.89624503,2.2097,-3.4502,4.0972,147.36,0.2065,0.2224,0.085,-0.417,16.623,18.849,,,,
ICRF J090939.8+020005,137.41603319,2.00146317,-0.0120,-0.1265,0.1271,185.41,0.1992,0.2915,-0.159,-0.077,0.448,0.438,,,,
ICRF J090942.6+475337,137.42763423,47.89385379,0.5507,-0.3306,0.6423,120.98,0.4063,0.3884,0.309,0.009,1.772,1.600,,,,
ICRF J090944.9-023130,137.43718350,-2.52509865,0.2377,0.7250,0.7629,18.15,0.2123,0.3261,0.039,-0.138,2.504,2.489,,,,
ICRF J090945.2-180833,137.43857959,-18.14276298,-0.2313,-0.2534,0.3431,222.40,0.2719,0.3079,-0.088,0.131,1.156,1.184,,,,
ICRF J091042.1+224835,137.67555465,22.80988383,0.8569,0.1865,0.8770,77.72,0.9685,0.7165,-0.405,-0.553,1.246,0.922,,,,
ICRF J091051.0-052629,137.71250778,-5.44144197,-1.7412,0.0675,1.7425,272.22,0.1956,0.3534,-0.140,-0.359,8.997,8.905,,,,
ICRF J091055.2+253921,137.73014129,25.65596122,-0.1438,-1.5291,1.5358,185.37,0.4355,0.7613,0.051,-0.593,2.034,2.035,,,,
ICRF J091133.4+195814,137.88941285,19.97058142,-0.4696,-0.1792,0.5026,249.11,0.2260,0.3047,-0.120,-0.471,2.273,2.159,,,,
ICRF J091137.8+860733,137.90779266,86.12598731,-0.2432,-0.1687,0.2960,235.24,0.3072,0.2537,0.066,-0.070,1.007,1.034,,,,
ICRF J091147.7+334916,137.94900609,33.82133134,0.4005,0.9109,0.9950,23.74,0.3081,0.5051,0.375,-0.470,2.009,2.223,,,,
ICRF J091224.7+220506,138.10326942,22.08506882,0.5233,-0.4331,0.6793,129.62,0.2995,0.2939,-0.161,-0.627,1.881,2.286,,,,
ICRF J091231.5-275217,138.13161166,-27.87144944,0.8126,0.0343,0.8134,87.59,0.4728,0.7798,0.394,-0.071,1.721,1.719,,,,
ICRF J091251.1+442204,138.21303548,44.36795864,-0.3645,-0.2250,0.4284,238.32,0.2306,0.2300,-0.141,-0.258,2.023,1.859,,,,
ICRF J091353.3+440257,138.47235696,44.04922235,-0.5108,-0.6955,0.8629,216.29,0.8413,0.4998,-0.085,-0.165,1.622,1.518,,,,
ICRF J091416.5-273316,138.56910940,-27.55462934,0.3365,-2.2676,2.2924,171.56,0.3237,0.9715,-0.610,0.048,2.374,2.555,,,,
ICRF J091436.7-331452,138.65300442,-33.24789056,15.4651,-3.2415,15.8011,101.84,0.4190,1.0704,-0.204,0.307,37.172,37.031,,,,
ICRF J091437.9+024559,138.65797266,2.76645735,-1.1770,1.2711,1.7323,317.20,0.4097,0.3496,-0.001,-0.232,4.194,4.634,,,,
ICRF J091439.4+351204,138.66426485,35.20127544,-0.0544,-0.7916,0.7934,183.93,0.4412,0.3475,0.065,-0.535,2.607,2.281,,,,
ICRF J091537.6-042916,138.90699088,-4.48785933,-2.3337,0.8270,2.4759,289.51,1.1438,1.0898,-0.134,-0.305,2.047,2.177,,,,
ICRF J091540.8-302949,138.92039851,-30.49706119,-0.7382,-3.9158,3.9848,190.68,0.7872,2.2241,-0.302,0.384,2.209,1.995,,,,
ICRF J091551.6+000713,138.96539640,0.12036360,-2.2255,-0.1604,2.2312,265.88,0.8844,0.7121,0.007,0.032,2.521,2.526,,,,
ICRF J091552.4+293324,138.96834019,29.55667859,-0.0802,-0.2346,0.2479,198.88,0.0903,0.1197,0.024,-0.278,2.166,2.152,198.0,6.0,0.88,0.88
ICRF J091641.7+024252,139.17402779,2.71469481,-0.4187,0.3358,0.5367,308.73,0.3331,0.3253,-0.089,-0.185,1.522,1.627,,,,
ICRF J091648.9+385428,139.20376906,38.90781843,-0.3108,-0.3192,0.4455,224.24,0.2049,0.1847,-0.088,-0.547,2.998,2.300,,,,
ICRF J091727.0-213134,139.36256804,-21.52623976,0.2168,-0.3903,0.4465,150.95,0.1573,0.2375,-0.272,0.070,2.053,2.145,,,,
ICRF J091739.0-134542,139.41250277,-13.76173256,-0.2122,-0.4760,0.5211,204.03,0.3496,0.3903,-0.231,-0.175,1.477,1.362,,,,
ICRF J091805.6-120543,139.52361869,-12.09550169,144.4509,171.5508,224.2671,40.10,89.6293,85.2805,0.335,-0.099,2.713,2.578,,,,
ICRF J091908.7+332441,139.78661308,33.41165094,1.0495,-1.4425,1.7839,143.96,0.8802,0.6759,0.039,-0.675,2.150,2.445,,,,
ICRF J091944.0-534006,139.93349778,-53.66845769,0.5338,1.1675,1.2838,24.57,0.3461,0.3075,0.020,-0.070,4.097,4.098,,,,
ICRF J091947.0-184707,139.94606762,-18.78546283,-3.5605,-0.2210,3.5673,266.45,2.6454,2.2447,-0.238,0.065,1.346,1.350,,,,
ICRF J091952.5+782526,139.96899806,78.42404367,-0.2672,-0.8019,0.8453,198.43,0.1559,0.1541,0.048,0.178,5.379,5.480,,,,
ICRF J092026.2-363147,140.10917127,-36.52986580,0.0067,1.2724,1.2724,0.30,0.1521,0.3274,0.008,0.058,3.886,3.887,,,,
ICRF J092043.1-295630,140.17997417,-29.94174831,-0.3395,-0.3243,0.4695,226.31,0.1613,0.3729,-0.270,0.036,2.558,2.277,,,,
ICRF J092058.4+444153,140.24357703,44.69832919,0.1196,-0.4219,0.4385,164.17,0.0818,0.0707,-0.075,-0.082,6.047,6.141,196.0,96.0,31.83,31.83
ICRF J092123.9+713612,140.34977148,71.60344507,0.2134,-0.8290,0.8560,165.57,0.2798,0.3213,-0.025,0.285,2.957,2.690,,,,
ICRF J092129.3-261843,140.37230776,-26.31205176,0.3406,0.1911,0.3906,60.71,0.0823,0.1127,-0.115,-0.072,4.606,4.472,,,,
ICRF J092131.3+135048,140.38072277,13.84673249,-0.2065,-0.1290,0.2435,238.01,0.1360,0.2196,-0.046,-0.345,1.699,1.628,,,,
ICRF J092136.2+621552,140.40096282,62.26449454,-0.0944,0.1651,0.1902,330.23,0.0785,0.0999,-0.163,0.318,2.347,2.045,309.0,40.0,21.23,21.23
ICRF J092223.6-052907,140.59863694,-5.48532862,0.6129,-0.5202,0.8039,130.32,0.1539,0.1940,-0.270,-0.367,4.252,4.801,,,,
ICRF J092246.4-395935,140.69340945,-39.99307451,-0.0401,0.1251,0.1314,342.25,0.0572,0.0668,-0.081,-0.040,1.968,2.001,,,,
ICRF J092331.3+412527,140.88043742,41.42428870,0.5936,-0.3154,0.6722,117.99,0.2496,0.2177,0.096,-0.463,2.509,2.785,,,,
ICRF J092338.8-213547,140.91202142,-21.59642468,0.1431,0.2768,0.3116,27.33,0.1406,0.2667,-0.013,0.205,1.439,1.454,,,,
ICRF J092347.9+310754,140.94978631,31.13170600,-0.1846,0.0849,0.2032,294.69,0.2197,0.2504,-0.327,-0.335,0.844,0.906,,,,
ICRF J092351.5+281525,140.96468083,28.25695054,0.0261,-0.5947,0.5953,177.49,0.2595,0.2216,-0.115,-0.567,2.986,2.686,,,,
ICRF J092444.9+451157,141.18747675,45.19942150,1.1516,-0.1224,1.1581,96.07,0.4255,0.3335,0.245,-0.096,2.752,2.731,,,,
ICRF J092507.8+001913,141.28256265,0.32053738,0.2489,0.9978,1.0283,14.01,0.1052,0.1535,-0.211,-0.167,7.424,6.916,,,,
ICRF J092511.9-202735,141.29978086,-20.45989178,-0.8825,0.3808,0.9612,293.34,0.2918,0.3812,-0.302,0.483,3.218,3.185,,,,
ICRF J092543.6+312710,141.43187612,31.45300080,0.5485,3.3134,3.3585,9.40,0.3762,0.3543,-0.120,-0.729,13.313,9.464,17.0,5.0,7.60,7.60
ICRF J092549.9+165812,141.45818492,16.97005697,-0.5934,0.2637,0.6494,293.96,0.1490,0.2531,-0.275,-0.436,3.983,4.117,,,,
ICRF J092551.8+361235,141.46604727,36.20990963,0.1389,0.2569,0.2921,28.40,0.1941,0.1839,-0.145,-0.368,1.829,1.570,,,,
ICRF J092600.4+402949,141.50177859,40.49713126,0.3213,0.0980,0.3359,73.03,0.3159,0.2952,-0.019,-0.574,1.315,1.070,,,,
ICRF J092703.0+390220,141.76255809,39.03912550,-2.6725,0.3791,2.6993,278.07,0.0633,0.0544,-0.043,-0.367,42.542,42.817,96.0,19.0,2.07,177.93
ICRF J092751.8-203451,141.96593468,-20.58089793,0.1017,-0.1512,0.1822,146.09,0.0640,0.0481,-0.166,0.252,3.676,3.524,,,,
ICRF J092824.1+444604,142.10057119,44.76799974,-0.4564,-0.0503,0.4592,263.71,0.1773,0.1864,0.110,-0.239,2.584,2.588,,,,
ICRF J092833.4-040908,142.13945571,-4.15245752,-0.4495,-0.0263,0.4503,266.65,0.3874,0.3618,-0.198,-0.079,1.174,1.163,,,,
ICRF J092833.9-304943,142.14161744,-30.82888988,-0.4875,1.5841,1.6574,342.89,0.3032,0.6938,0.270,0.007,3.089,2.793,,,,
ICRF J092915.4+501335,142.31433415,50.22666386,0.2309,-0.2910,0.3715,141.58,0.0937,0.1144,0.051,-0.039,3.601,3.542,112.0,38.0,29.58,29.58
ICRF J092942.1+730404,142.42566992,73.06792363,0.3275,0.3570,0.4845,42.53,1.0527,1.0672,-0.040,0.123,0.445,0.457,,,,
ICRF J092943.0+861221,142.42940703,86.20591078,0.1313,0.3254,0.3509,21.98,0.1379,0.1320,-0.139,-0.060,2.747,2.642,299.0,9.0,82.98,82.98
ICRF J093032.5-853359,142.63570347,-85.56658199,-0.9577,0.0044,0.9577,270.26,0.8794,0.4057,0.127,0.021,1.097,1.089,,,,
ICRF J093035.0+464408,142.64616960,46.73573803,0.1866,-0.0612,0.1964,108.17,0.1941,0.2130,-0.058,-0.332,0.971,1.003,,,,
ICRF J093052.2+003458,142.71772317,0.58303940,-0.1789,0.0006,0.1789,270.19,0.2320,0.3010,-0.341,-0.265,0.803,0.771,,,,
ICRF J093055.2+350337,142.73032963,35.06044671,2.4421,-0.8367,2.5815,108.91,0.5669,0.4872,-0.150,-0.372,4.313,4.637,,,,
ICRF J093102.7-101325,142.76130238,-10.22361603,-0.4211,-0.0402,0.4230,264.54,0.4033,0.4231,-0.014,0.129,1.044,1.048,,,,
ICRF J093105.3+141416,142.77226011,14.23792191,-0.3600,-0.1437,0.3877,248.23,0.2503,0.2866,-0.288,-0.426,1.774,1.523,,,,
ICRF J093135.5-291153,142.89824792,-29.19825321,0.4421,0.4786,0.6515,42.73,0.4670,0.6976,0.086,0.054,1.138,1.169,,,,
ICRF J093151.7+275050,142.96576712,27.84738841,0.0909,0.9330,0.9374,5.56,0.7365,0.4951,-0.089,-0.343,2.025,1.889,,,,
ICRF J093219.5-201637,143.08161066,-20.27700171,-0.9513,-0.5496,1.0987,239.98,0.2332,0.4184,-0.085,-0.018,4.373,4.286,,,,
ICRF J093236.4-340558,143.15206267,-34.09958300,-0.0847,0.4509,0.4588,349.37,0.2273,0.5377,0.298,0.393,1.068,0.918,,,,
ICRF J093241.1+530633,143.17146177,53.10938926,0.2743,-0.7619,0.8098,160.20,0.1384,0.1441,-0.149,0.019,5.527,5.646,,,,
ICRF J093254.5+650741,143.22740659,65.12813797,-1.4658,2.1618,2.6119,325.86,0.9191,1.7817,-0.261,0.284,2.349,2.004,,,,
ICRF J093317.0-081910,143.32123080,-8.31968068,2.0702,-1.2773,2.4326,121.67,2.8411,2.5135,-0.121,-0.555,0.739,0.888,,,,
ICRF J093333.1-524019,143.38820774,-52.67200537,-0.3215,0.1996,0.3784,301.83,0.7964,1.0198,-0.152,-0.161,0.426,0.449,,,,
ICRF J093337.2+284532,143.40534115,28.75897632,-0.3705,0.2369,0.4397,302.59,0.6059,0.8434,-0.718,-0.465,0.650,0.673,,,,
ICRF J093346.1+100908,143.44211414,10.15245043,-54.6468,47.1059,72.1473,310.76,1.5581,1.4229,-0.269,-0.470,40.652,48.230,,,,
ICRF J093406.6+392632,143.52779215,39.44225923,0.1209,0.4420,0.4583,15.30,0.4020,0.3498,-0.096,-0.446,1.543,1.299,,,,
ICRF J093415.7+490821,143.56567571,49.13936932,-0.8670,-0.4004,0.9550,245.21,0.2035,0.2089,0.189,-0.088,4.519,4.672,,,,
ICRF J093501.0+071918,143.75448325,7.32183615,20.1572,19.0641,27.7445,46.60,1.8971,1.2640,0.022,-0.179,20.194,18.449,,,,
ICRF J093509.2-333237,143.78845756,-33.54380789,0.3025,0.0798,0.3129,75.23,0.2191,0.4796,-0.105,0.295,1.386,1.391,,,,
ICRF J093513.6+091507,143.80683916,9.25217613,0.1922,0.2763,0.3365,34.82,0.5151,0.5121,-0.023,-0.249,0.740,0.656,,,,
ICRF J093523.2+240512,143.84697288,24.08675611,0.3726,-0.3091,0.4841,129.68,0.4453,0.5686,0.128,-0.453,0.945,0.998,,,,
ICRF J093529.2+192935,143.87174731,19.49307492,-0.2869,0.0393,0.2896,277.80,0.2018,0.2845,-0.382,-0.379,1.473,1.429,,,,
ICRF J093531.8+363317,143.88266647,36.55487945,-1.0407,1.0001,1.4433,313.86,0.2246,0.2539,-0.281,-0.685,4.945,6.082,,,,
ICRF J093712.3+500852,144.30136402,50.14780488,-0.2912,0.0346,0.2932,276.77,0.1526,0.1419,-0.238,-0.047,1.908,1.924,,,,
ICRF J093805.7+175550,144.52380647,17.93066666,1.1811,-0.1515,1.1908,97.31,0.6269,0.5809,-0.201,-0.335,1.910,1.902,,,,
ICRF J093856.1-070800,144.73376782,-7.13350501,-0.4066,-0.3379,0.5287,230.27,0.2521,0.2313,-0.136,0.009,2.187,2.176,,,,
ICRF J093919.1-173135,144.82997955,-17.52660477,-2.2975,0.1609,2.3032,274.01,0.9210,1.0293,-0.248,-0.591,2.931,2.499,,,,
ICRF J093949.6+414154,144.95673253,41.69838642,0.2812,-0.0640,0.2884,102.81,0.2025,0.2027,-0.134,-0.321,1.389,1.424,,,,
ICRF J094014.7+260329,145.06134493,26.05831838,0.3694,-2.4747,2.5021,171.51,0.3033,0.2813,-0.196,-0.388,9.000,8.882,,,,
ICRF J094102.5-133550,145.26062283,-13.59749576,-0.1496,-0.0449,0.1561,253.30,0.1882,0.2272,-0.305,-0.029,0.852,0.819,142.0,24.0,68.70,111.30
ICRF J094113.5+114532,145.30649456,11.75898210,2.4014,-0.4664,2.4462,100.99,0.4516,0.4676,0.044,-0.260,5.340,5.410,,,,
ICRF J094148.1+272838,145.45048336,27.47744879,-0.1353,0.5113,0.5289,345.18,0.3574,0.3475,-0.088,-0.524,1.493,1.519,,,,
ICRF J094221.4-075953,145.58942249,-7.99811216,0.1569,-0.3180,0.3546,153.74,0.1140,0.2021,-0.210,-0.290,1.895,2.090,148.0,24.0,5.74,5.74
ICRF J094314.5+615033,145.81042878,61.84259760,0.0203,-0.2980,0.2987,176.11,0.2457,0.3264,0.077,0.395,0.981,0.917,,,,
ICRF J094317.2+170218,145.82176653,17.03860064,-2.0310,7.2602,7.5389,344.37,4.1070,5.1180,-0.263,-0.907,2.346,1.502,,,,
ICRF J094319.1+361452,145.82980613,36.24779788,5.3159,1.0425,5.4172,78.90,0.4670,0.3224,-0.153,-0.263,12.990,11.833,,,,
ICRF J094336.9-081930,145.90393558,-8.32522786,-13.9433,24.5934,28.2710,330.45,2.8235,2.4946,-0.305,-0.096,10.604,11.026,,,,
ICRF J094348.0+202809,145.95041008,20.46943382,0.4059,-0.6577,0.7729,148.32,0.5867,0.6501,0.270,-0.453,1.154,1.226,,,,
ICRF J094452.1+520234,146.21731363,52.04283809,-0.2696,-0.1173,0.2940,246.48,0.1840,0.1535,-0.081,-0.124,1.734,1.652,,,,
ICRF J094538.1+353455,146.40883632,35.58196909,-0.0512,-0.6377,0.6397,184.59,0.1541,0.1463,-0.120,-0.258,4.509,4.371,,,,
ICRF J094544.0-015303,146.43348883,-1.88443208,0.3694,0.1127,0.3862,73.03,0.3093,0.3236,-0.139,-0.258,1.356,1.244,,,,
ICRF J094635.0+101706,146.64612483,10.28503735,-0.5184,-0.3843,0.6454,233.45,0.2995,0.3184,-0.005,-0.460,2.806,2.110,,,,
ICRF J094651.3-470759,146.71390092,-47.13312041,-0.7915,-0.6822,1.0449,229.24,2.5169,2.0309,0.880,-0.003,0.339,0.460,,,,
ICRF J094809.5-322347,147.03963517,-32.39651156,1.1030,0.5454,1.2304,63.69,0.2608,0.7103,0.227,0.114,4.232,4.299,,,,
ICRF J094855.3+403944,147.23057563,40.66238526,-0.0619,-0.0005,0.0619,269.52,0.1155,0.1083,-0.141,-0.622,0.645,0.537,113.0,47.0,23.48,156.52
ICRF J094857.3+002225,147.23883358,0.37376658,-0.0031,-0.2563,0.2563,180.69,0.1528,0.2087,-0.130,-0.423,1.291,1.228,18.0,33.0,17.31,162.69
ICRF J094932.3-140647,147.38483375,-14.11316589,2.5259,-5.6302,6.1709,155.84,2.0133,3.3874,-0.585,0.121,1.736,2.082,,,,
ICRF J094939.7+175249,147.41567778,17.88039147,-0.7464,0.1456,0.7604,281.04,0.6391,0.6312,-0.585,-0.360,1.187,1.190,,,,
ICRF J095003.4+061503,147.51444783,6.25106015,-0.2193,-0.5104,0.5555,203.25,0.2790,0.3347,-0.112,-0.116,1.798,1.716,,,,
ICRF J095033.3-284452,147.63876829,-28.74797951,1.2951,-1.4395,1.9363,138.02,0.9395,2.3286,-0.750,0.009,1.449,1.511,,,,
ICRF J095227.3+504850,148.11378440,50.81406959,0.0587,-0.0503,0.0773,130.56,0.2063,0.2394,0.183,-0.172,0.381,0.354,,,,
ICRF J095231.6-245350,148.13189358,-24.89746865,0.3836,0.1407,0.4086,69.85,0.2085,0.3030,-0.237,0.014,1.946,1.897,,,,
ICRF J095232.0+351252,148.13344237,35.21455640,0.0490,0.0335,0.0593,55.63,0.1473,0.1105,-0.030,-0.321,0.528,0.450,,,,
ICRF J095232.1+653801,148.13413580,65.63367149,-0.7534,0.9248,1.1929,320.83,1.3723,1.6391,0.432,0.343,1.045,0.787,,,,
ICRF J095302.7-084018,148.26128960,-8.67176588,0.2911,-0.3217,0.4339,137.86,0.2639,0.6385,-0.219,-0.449,1.134,1.213,,,,
ICRF J095327.9+322551,148.36648582,32.43097798,-0.0317,-0.2719,0.2737,186.66,0.0948,0.1264,-0.286,-0.298,2.356,2.177,,,,
ICRF J095359.2+172056,148.49679736,17.34907090,-0.0287,-0.1444,0.1472,191.23,0.2498,0.3539,-0.208,-0.327,0.463,0.424,,,,
ICRF J095456.8+174331,148.73676507,17.72533949,-0.1497,-0.2659,0.3052,209.38,0.0883,0.0923,-0.041,-0.444,3.974,3.344,,,,
ICRF J095514.6-184531,148.81116984,-18.75885151,-1.1003,1.2797,1.6877,319.31,0.2387,0.4940,-0.517,0.103,4.671,5.287,,,,
ICRF J095533.1+690355,148.88822115,69.06529470,2.2019,0.4468,2.2468,78.53,0.0771,0.0727,0.325,0.294,28.699,29.211,,,,
ICRF J095537.9+333503,148.90807943,33.58442851,-0.2063,-0.1841,0.2765,228.25,0.1907,0.3415,-0.176,-0.213,1.310,1.208,,,,
ICRF J095622.6+575355,149.09431037,57.89886216,0.2210,0.0891,0.2382,68.04,0.2245,0.1959,0.092,0.083,1.052,1.084,,,,
ICRF J095649.8+251516,149.20781408,25.25445828,0.2428,0.2309,0.3350,46.44,0.1179,0.1010,0.155,-0.296,3.569,3.076,229.0,27.0,2.56,177.44
ICRF J095718.1-135001,149.32576278,-13.83366008,0.0695,0.1272,0.1450,28.66,0.2068,0.2634,-0.310,0.005,0.611,0.589,,,,
ICRF J095738.1+552257,149.40910265,55.38271342,-0.6910,-3.4753,3.5433,191.25,0.5429,0.5405,0.108,0.114,6.456,6.555,,,,
ICRF J095819.6+472507,149.58196520,47.41884511,0.2295,-0.0888,0.2460,111.16,0.0844,0.0887,-0.034,-0.449,2.720,2.897,99.0,102.0,12.16,12.16
ICRF J095820.9+322402,149.58729016,32.40061375,0.1058,-0.1392,0.1749,142.77,0.0444,0.0453,-0.085,-0.260,3.652,3.889,,,,
ICRF J095824.5-265535,149.60247911,-26.92665423,20.3906,-0.4263,20.3951,91.20,0.3896,0.5743,-0.458,-0.130,53.405,52.339,,,,
ICRF J095830.8-361240,149.62872230,-36.21133516,0.1365,2.4606,2.4644,3.18,0.2586,0.6804,0.181,0.358,3.624,3.655,,,,
ICRF J095837.8+503957,149.65753920,50.66596759,-0.1942,0.2937,0.3520,326.53,0.1932,0.1969,-0.111,-0.250,1.665,1.799,,,,
ICRF J095838.2-411033,149.65956608,-41.17588163,0.5435,-1.2503,1.3633,156.51,0.3811,1.0571,0.161,0.090,2.017,1.853,,,,
ICRF J095847.2+653354,149.69685464,65.56522723,-0.1153,0.0750,0.1375,303.04,0.0395,0.0467,-0.109,0.367,3.482,3.329,334.0,43.0,30.96,30.96
ICRF J100033.8+132410,150.14104382,13.40302644,0.5455,0.3785,0.6639,55.24,0.4127,0.7910,-0.513,-0.235,1.880,1.406,,,,
ICRF J100040.8-313952,150.17015230,-31.66454747,-13.2503,-24.7786,28.0990,208.14,18.5426,27.2113,-0.022,-0.843,2.903,1.158,,,,
ICRF J100110.2+291137,150.29252347,29.19376008,-0.2523,0.0496,0.2571,281.11,0.1462,0.1834,0.147,-0.489,1.727,1.747,,,,
ICRF J100157.7+101549,150.49056249,10.26380682,-0.2030,0.1057,0.2289,297.51,0.2014,0.2981,-0.182,-0.231,1.022,1.069,,,,
ICRF J100159.9-443800,150.49961775,-44.63350047,-1.3263,-0.7340,1.5159,241.04,0.5295,0.8828,-0.623,0.101,3.943,2.639,,,,
ICRF J100252.8+121614,150.72018850,12.27071803,1.7073,0.1046,1.7105,86.49,0.3467,0.2948,-0.125,-0.487,5.509,4.937,,,,
ICRF J100306.7+681316,150.77819184,68.22133668,-0.0054,-0.1128,0.1129,182.73,0.2274,0.3123,0.035,0.370,0.361,0.362,,,,
ICRF J100357.5+324403,150.98985266,32.73431726,-0.0058,-0.3585,0.3585,180.93,0.3309,0.4032,0.036,-0.216,0.891,0.889,,,,
ICRF J100515.9+480533,151.31661344,48.09259037,0.7036,3.5247,3.5943,11.29,1.2274,1.3875,0.382,-0.606,2.576,2.604,,,,
ICRF J100601.7+345410,151.50729263,34.90288934,-21.6542,38.4689,44.1448,330.62,2.6997,2.1897,-0.136,-0.322,17.748,19.313,,,,
ICRF J100604.1-740944,151.51727212,-74.16224654,0.1195,-0.5321,0.5453,167.34,0.4009,0.4520,-0.146,0.073,1.222,1.214,,,,
ICRF J100614.0-501813,151.55837215,-50.30374187,0.6075,-0.1412,0.6237,103.09,0.3225,0.3511,0.190,0.083,1.967,1.926,,,,
ICRF J100631.7+171317,151.63235802,17.22141954,-2.6483,-4.1761,4.9450,212.38,0.6542,0.7283,-0.389,-0.406,8.861,7.019,,,,
ICRF J100646.4-215920,151.69339035,-21.98900283,-0.0408,0.1928,0.1971,348.06,0.0891,0.1251,-0.145,-0.043,1.568,1.608,,,,
ICRF J100704.3-020710,151.76812469,-2.11969971,0.0440,0.2746,0.2781,9.11,0.3347,0.3030,-0.193,-0.224,0.964,0.916,,,,
ICRF J100715.2-124745,151.81344886,-12.79610954,0.0006,-0.1441,0.1441,179.76,0.1505,0.2646,-0.170,-0.188,0.552,0.545,,,,
ICRF J100731.3-333306,151.88078105,-33.55186583,-0.1121,0.7113,0.7201,351.05,0.1698,0.2931,-0.275,0.092,2.484,2.515,,,,
ICRF J100741.4+135629,151.92290871,13.94155577,-0.4547,0.0463,0.4571,275.81,0.2108,0.2735,-0.207,-0.525,2.423,2.163,,,,
ICRF J100749.8+070835,151.95756565,7.14331620,0.0397,0.1943,0.1983,11.54,0.3580,0.4316,-0.370,-0.467,0.564,0.464,,,,
ICRF J100800.8+062121,152.00340067,6.35589334,0.0507,-0.4206,0.4237,173.13,0.1750,0.1738,-0.179,-0.192,2.422,2.437,,,,
ICRF J100815.2-162931,152.06335750,-16.49195508,26.1826,10.8002,28.3226,67.58,0.7574,1.2770,-0.183,-0.140,37.280,35.589,,,,
ICRF J100843.8-093323,152.18277233,-9.55648953,-0.1998,-1.5992,1.6116,187.12,0.2120,0.3838,0.002,-0.359,4.402,4.271,,,,
ICRF J100900.0+132254,152.25039851,13.38179126,-0.5507,-13.7482,13.7592,182.29,3.9980,5.2019,0.257,-0.140,2.648,2.647,,,,
ICRF J101015.7+825014,152.56576254,82.83732886,4.6066,-0.4876,4.6324,96.04,0.2436,0.2284,0.101,0.089,19.299,19.028,,,,
ICRF J101046.4+080305,152.69371055,8.05155494,0.7863,-0.4700,0.9161,120.87,0.7915,0.7064,-0.087,-0.237,1.091,1.196,,,,
ICRF J101051.6-020019,152.71527788,-2.00543736,0.0726,0.2539,0.2641,15.96,0.2099,0.2291,-0.381,-0.261,1.290,1.161,,,,
ICRF J101051.8+333017,152.71595412,33.50493367,0.0514,0.0542,0.0747,43.48,0.3322,0.3212,-0.066,-0.407,0.290,0.229,,,,
ICRF J101115.6+010642,152.81516330,1.11180901,-0.0794,-0.3252,0.3348,193.72,0.3378,0.3835,-0.242,-0.276,0.962,0.880,,,,
ICRF J101130.2-042327,152.87599964,-4.39102978,-0.1517,-0.1406,0.2068,227.17,0.2598,0.4246,-0.218,-0.472,0.792,0.671,,,,
ICRF J101132.6+712441,152.88590769,71.41155309,3.3413,1.6058,3.7071,64.33,0.6506,0.4984,0.448,0.229,5.239,6.063,,,,
ICRF J101156.2-322336,152.98419088,-32.39335691,-0.4340,-0.2780,0.5154,237.35,0.3413,0.8672,-0.034,-0.057,1.322,1.311,,,,
ICRF J101213.3+063057,153.05561688,6.51588894,0.9611,-1.1130,1.4705,139.19,0.2532,0.4544,-0.251,-0.713,3.984,4.518,,,,
ICRF J101216.3+231214,153.06829059,23.20405812,0.5005,0.5168,0.7194,44.08,1.1390,0.7438,0.169,0.087,0.792,0.822,,,,
ICRF J101224.0-374005,153.10031229,-37.66830717,-1.4646,-2.5335,2.9264,210.03,0.7317,1.7384,0.815,0.140,2.020,2.476,,,,
ICRF J101313.1-254654,153.30460445,-25.78185924,5.6813,7.2458,9.2076,38.10,17.3267,27.2404,-0.135,-0.556,0.631,0.422,,,,
ICRF J101329.9+491840,153.37472029,49.31137857,0.2694,0.3077,0.4090,41.20,0.1853,0.2318,-0.131,-0.281,2.185,1.969,,,,
ICRF J101349.6+344550,153.45672518,34.76410652,0.3166,-0.4249,0.5299,143.31,0.1729,0.1754,-0.067,-0.229,2.797,3.037,,,,
ICRF J101353.4+244916,153.47261989,24.82123352,0.2608,0.1946,0.3254,53.27,0.0660,0.0659,0.035,-0.251,5.209,4.932,,,,
ICRF J101447.0+230116,153.69610611,23.02126965,0.4081,-0.0516,0.4114,97.21,0.0882,0.0921,-0.015,-0.313,4.678,4.662,108.0,19.0,10.79,10.79
ICRF J101450.3-450841,153.70981237,-45.14476515,-0.7304,-0.2955,0.7879,247.97,0.4091,0.4768,0.299,0.178,1.807,1.890,,,,
ICRF J101504.1+492600,153.76724918,49.43352902,-2.7276,-0.4943,2.7721,259.73,0.1433,0.1708,-0.148,-0.308,19.919,19.247,282.0,10.0,22.27,22.27
ICRF J101544.0+122707,153.93343079,12.45196398,-1.4092,-0.2948,1.4397,258.19,0.4339,0.3760,-0.182,-0.309,3.746,3.341,,,,
ICRF J101552.2-195226,153.96771921,-19.87404666,0.0664,0.5882,0.5919,6.44,0.3831,0.7456,0.310,0.136,0.791,0.808,,,,
ICRF J101557.0+010913,153.98772927,1.15381849,0.7018,0.3429,0.7811,63.96,0.1353,0.2308,0.184,-0.232,5.249,5.397,,,,
ICRF J101644.3+203747,154.18467544,20.62980704,0.3114,-0.3174,0.4447,135.55,0.2087,0.2310,0.047,-0.275,1.855,2.028,,,,
ICRF J101703.4+592428,154.26452898,59.40797408,-0.3317,-0.2500,0.4154,233.00,0.1621,0.1699,-0.180,0.439,2.650,2.520,,,,
ICRF J101725.8+611627,154.35786485,61.27430458,-1.4711,-0.3679,1.5164,255.96,0.0843,0.0961,0.018,0.380,17.535,17.869,,,,
ICRF J101809.2-314414,154.53861310,-31.73724727,-95.4778,78.6468,123.6986,309.48,3.0482,6.3976,-0.555,-0.102,31.876,33.648,,,,
ICRF J101810.9+354239,154.54578377,35.71095581,-0.0789,-0.0269,0.0834,251.20,0.0912,0.0941,0.067,-0.390,1.048,0.911,185.0,19.0,66.20,66.20
ICRF J101821.7-214007,154.59062039,-21.66883939,-0.2461,0.1432,0.2848,300.20,0.3098,0.6805,0.641,-0.094,1.162,0.822,,,,
ICRF J101827.8+053029,154.61603453,5.50832278,0.1568,0.6632,0.6815,13.30,0.5616,0.6439,0.035,-0.490,1.365,1.067,,,,
ICRF J101828.7-312353,154.61980626,-31.39829159,-0.1223,0.1127,0.1663,312.66,0.1389,0.1523,-0.063,-0.227,1.105,1.150,,,,
ICRF J101858.5+591127,154.74391551,59.19106992,0.7118,0.2892,0.7683,67.89,0.3476,0.5090,0.159,0.429,2.060,2.125,,,,
ICRF J101908.4-270855,154.78534588,-27.14879632,0.2813,-0.0667,0.2891,103.34,0.3008,0.4268,-0.024,-0.011,0.946,0.948,,,,
ICRF J101950.8+632001,154.96198690,63.33378526,-0.0250,0.0924,0.0958,344.87,0.1197,0.1316,0.023,0.335,0.762,0.733,,,,
ICRF J102027.2+432056,155.11334575,43.34898309,1.0809,0.3699,1.1425,71.11,0.1708,0.1969,-0.064,-0.298,7.068,6.603,,,,
ICRF J102117.4+343721,155.32281127,34.62268479,0.0780,-0.0480,0.0915,121.59,0.0954,0.1197,-0.032,-0.305,0.868,0.910,,,,
ICRF J102202.0+412605,155.50843137,41.43482569,-1.2749,1.5447,2.0029,320.47,0.6984,0.8058,-0.042,-0.646,2.080,2.647,,,,
ICRF J102230.2+304105,155.62624329,30.68475476,-0.8754,1.7854,1.9885,333.88,0.1249,0.1659,-0.255,-0.056,11.869,12.843,,,,
ICRF J102232.8-103744,155.63674783,-10.62897547,-1.9489,3.0119,3.5875,327.09,0.1995,0.3597,-0.445,-0.310,11.074,12.866,,,,
ICRF J102244.1-044336,155.68380246,-4.72679118,-1.1590,0.3162,1.2013,285.26,0.5460,0.8031,-0.109,-0.326,2.137,2.159,,,,
ICRF J102255.1+185334,155.72981977,18.89285058,0.0576,-0.3189,0.3241,169.77,0.2731,0.3569,-0.392,-0.331,0.899,0.918,,,,
ICRF J102257.5-095822,155.73965667,-9.97294347,-0.4160,0.5563,0.6947,323.21,0.5824,0.7498,-0.314,-0.611,0.823,1.030,,,,
ICRF J102311.5+394815,155.79819029,39.80427371,0.1400,-0.1143,0.1807,129.23,0.0811,0.0852,-0.195,-0.156,2.029,2.186,,,,
ICRF J102343.5-664648,155.93138832,-66.78019933,1.2158,0.2700,1.2455,77.48,0.9147,0.6426,0.358,-0.216,1.510,1.394,,,,
ICRF J102400.4-323416,156.00176614,-32.57112721,0.0289,-0.1336,0.1367,167.81,0.2255,0.4095,0.070,0.028,0.357,0.350,,,,
ICRF J102429.5-005255,156.12327805,-0.88208233,0.8145,1.0131,1.2999,38.80,0.1619,0.2173,0.368,-0.465,7.610,6.859,,,,
ICRF J102444.8+191220,156.18670665,19.20567097,-0.7470,-0.0377,0.7479,267.11,0.2025,0.1673,0.022,-0.181,3.790,3.696,,,,
ICRF J102453.6+233233,156.22348868,23.54276767,-0.0335,0.0231,0.0407,304.56,0.1153,0.1517,-0.027,-0.287,0.312,0.328,,,,
ICRF J102545.4-050954,156.43926236,-5.16503672,0.0823,-0.1496,0.1707,151.18,0.4824,0.5660,-0.339,-0.333,0.279,0.315,,,,
ICRF J102607.0+013145,156.52923439,1.52931433,0.0014,-0.5097,0.5097,179.84,0.3959,0.8602,-0.230,-0.420,0.609,0.593,,,,
ICRF J102643.8+085235,156.68253393,8.87651503,1.2316,-0.1703,1.2434,97.87,1.3152,1.0610,0.040,-0.235,0.955,0.950,,,,
ICRF J102713.0+480313,156.80449969,48.05375977,-0.1065,0.6691,0.6775,350.95,0.2221,0.2850,-0.259,-0.176,2.348,2.396,,,,
ICRF J102724.1+742826,156.85061180,74.47391598,0.0222,0.1107,0.1129,11.34,0.1974,0.1650,0.049,0.242,0.672,0.680,,,,
ICRF J102821.2+240121,157.08858306,24.02271472,0.1769,0.4058,0.4427,23.55,0.2580,0.3378,-0.074,-0.389,1.625,1.383,,,,
ICRF J102838.7-084438,157.16165194,-8.74403785,0.1336,0.5299,0.5465,14.15,0.3281,0.4304,-0.275,-0.194,1.403,1.297,,,,
ICRF J102921.8+051938,157.34096100,5.32743873,-0.3259,0.3790,0.4999,319.31,0.4383,0.4883,-0.149,-0.050,1.041,1.075,,,,
ICRF J102933.0-185250,157.38790708,-18.88063582,0.2301,-0.2221,0.3198,133.99,0.1828,0.1747,-0.183,-0.078,1.714,1.789,,,,
ICRF J103059.0+310255,157.74622391,31.04881351,-1.7823,-4.6642,4.9932,200.91,2.1080,2.8877,0.430,0.005,1.624,1.823,,,,
ICRF J103122.0+744158,157.84176678,74.69954034,0.0425,0.1810,0.1859,13.21,0.1571,0.1213,0.145,0.153,1.493,1.516,46.0,15.0,32.79,32.79
ICRF J103144.7+602030,157.93648489,60.34176825,-0.4075,0.1520,0.4349,290.45,0.1140,0.1218,0.009,0.308,3.935,3.785,,,,
ICRF J103206.2-140019,158.02594492,-14.00540794,0.0792,-0.4395,0.4466,169.79,0.3251,0.4464,-0.145,-0.245,0.985,1.014,,,,
ICRF J103303.7+411606,158.26544947,41.26839804,-0.1149,0.0533,0.1267,294.89,0.1248,0.1060,-0.012,-0.025,1.039,1.049,337.0,136.0,42.11,42.11
ICRF J103307.6-360156,158.28191996,-36.03244806,-0.2961,0.4402,0.5305,326.08,0.2591,0.5934,0.301,0.166,1.561,1.362,,,,
ICRF J103334.0+071126,158.39176789,7.19059655,0.7471,0.2109,0.7763,74.24,0.5402,0.4684,-0.056,-0.047,1.476,1.454,,,,
ICRF J103351.4+605107,158.46428748,60.85203753,-0.0506,-0.0497,0.0710,225.51,0.0919,0.0958,0.041,0.257,0.733,0.757,183.0,20.0,42.51,42.51
ICRF J103437.3+142946,158.65553172,14.49616434,0.5362,-2.2668,2.3293,166.69,1.0544,1.3808,-0.214,-0.004,1.650,1.719,,,,
ICRF J103502.1-201134,158.75898049,-20.19287767,0.1456,0.5917,0.6093,13.82,0.2539,0.2418,-0.079,-0.018,2.525,2.513,,,,
ICRF J103510.9+351019,158.79579619,35.17212430,-0.0595,0.0935,0.1108,327.54,0.2773,0.4499,-0.344,-0.310,0.258,0.299,,,,
ICRF J103551.1+375641,158.96319619,37.94492003,0.1309,0.0768,0.1518,59.61,0.3511,0.4916,-0.169,-0.355,0.435,0.404,,,,
ICRF J103632.9+220312,159.13741955,22.05339026,0.2774,-0.1077,0.2976,111.23,0.1501,0.1729,-0.049,-0.165,1.899,1.951,,,,
ICRF J103647.5-060541,159.19822093,-6.09477357,-3.1249,-1.5445,3.4858,243.70,1.2444,0.8892,0.146,0.253,2.762,3.054,,,,
ICRF J103653.4-374415,159.22266500,-37.73751829,0.1725,0.1427,0.2238,50.40,0.1000,0.1473,0.037,-0.001,1.972,1.979,,,,
ICRF J103716.0-293402,159.31699893,-29.56744819,0.4515,-0.3242,0.5559,125.68,0.0784,0.1118,-0.158,-0.492,5.768,6.446,134.0,18.0,8.32,8.32
ICRF J103739.3+042401,159.41391486,4.40048514,-0.3838,-0.4372,0.5817,221.28,0.4693,0.4646,-0.084,-0.156,1.346,1.247,,,,
ICRF J103739.7-270526,159.41553174,-27.09068929,1.9880,-0.0180,1.9880,90.52,0.7792,0.8391,0.075,-0.063,2.554,2.551,,,,
ICRF J103742.4-282304,159.42690593,-28.38447453,0.1782,0.0695,0.1913,68.69,0.1911,0.3279,0.080,-0.375,0.986,0.957,,,,
ICRF J103743.8+283459,159.43264691,28.58318319,-0.8002,1.0530,1.3225,322.77,0.6181,0.6371,0.034,-0.039,2.064,2.099,,,,
ICRF J103814.6-432545,159.56123584,-43.42941309,-0.5397,-1.0388,1.1707,207.45,0.2141,0.5867,0.079,0.184,2.965,3.080,,,,
ICRF J103818.1+424442,159.57579394,42.74521110,-1.3937,1.1228,1.7897,308.86,0.5817,0.6050,-0.200,-0.200,2.777,3.031,,,,
ICRF J103822.4+134657,159.59362325,13.78261571,0.0021,0.6782,0.6782,0.18,0.4062,0.8108,-0.588,-0.005,1.025,0.836,,,,
ICRF J103840.6-531143,159.66940491,-53.19535286,-0.0073,-0.1556,0.1558,182.67,0.1760,0.2490,0.358,0.007,0.636,0.627,,,,
ICRF J103846.7+051229,159.69491614,5.20807964,0.7553,0.9984,1.2519,37.11,0.6123,0.5347,-0.151,-0.055,2.299,2.238,351.0,19.0,46.11,46.11
ICRF J103906.7-154106,159.77793804,-15.68519217,0.3743,-0.6306,0.7334,149.31,0.3485,0.3921,-0.322,-0.182,1.788,1.934,,,,
ICRF J104117.1+061016,160.32151041,6.17136770,-0.1131,0.3020,0.3225,339.47,0.0683,0.0716,-0.081,-0.076,4.423,4.530,159.0,21.0,0.47,179.53
ICRF J104127.1+210141,160.36293043,21.02818608,-0.3198,-0.2791,0.4245,228.89,0.3089,0.2724,-0.059,0.114,1.415,1.457,,,,
ICRF J104144.6-474000,160.43604149,-47.66668506,-0.1563,0.0330,0.1597,281.94,0.1166,0.2570,0.028,0.254,1.355,1.346,,,,
ICRF J104146.7+523328,160.44492356,52.55784217,-0.1581,-0.7695,0.7856,191.61,0.0500,0.0615,0.028,-0.192,13.296,12.909,,,,
ICRF J104148.8+523355,160.45374029,52.56544672,-1.4611,0.7057,1.6226,295.78,0.4024,0.3664,-0.448,-0.188,3.651,4.110,,,,
ICRF J104244.3-414325,160.68500028,-41.72381907,-0.6491,-0.0052,0.6491,269.54,0.1363,0.3340,-0.066,0.378,4.766,4.763,,,,
ICRF J104244.6+120331,160.68585518,12.05868432,0.1715,0.3150,0.3587,28.57,0.1349,0.1377,-0.089,-0.012,2.682,2.617,,,,
ICRF J104257.5+074850,160.73994981,7.81403991,-5.0690,-5.7561,7.6699,221.37,0.9148,0.4349,0.288,0.118,13.479,14.348,,,,
ICRF J104309.0+240835,160.78764909,24.14316930,0.2789,0.0153,0.2793,86.87,0.1296,0.1708,-0.054,-0.249,2.241,2.154,89.0,23.0,2.13,2.13
ICRF J104410.6+532220,161.04447080,53.37237242,-0.1227,0.1149,0.1681,313.12,0.1767,0.2425,-0.020,0.019,0.842,0.841,,,,
ICRF J104423.0+805439,161.09609404,80.91095640,0.2083,0.1597,0.2625,52.53,0.0768,0.0797,-0.047,0.168,3.178,3.373,,,,
ICRF J104455.9+065538,161.23296353,6.92729514,0.2029,-2.1357,2.1453,174.57,0.7258,0.5926,-0.176,0.099,3.659,3.615,,,,
ICRF J104514.3+173548,161.30983241,17.59668994,-1.2661,1.0974,1.6755,310.92,0.7778,0.6010,-0.309,0.049,2.495,2.446,,,,
ICRF J104540.6-292726,161.41927372,-29.45731515,-0.2124,0.8667,0.8923,346.23,0.1777,0.3463,-0.092,-0.442,2.583,2.774,,,,
ICRF J104552.7+062436,161.46972208,6.41012545,0.1945,-0.6245,0.6540,162.70,0.2210,0.3615,-0.441,0.052,1.752,1.939,,,,
ICRF J104624.0+535426,161.60016001,53.90728758,-0.2128,0.2552,0.3323,320.17,0.1971,0.2346,0.097,0.031,1.571,1.533,,,,
ICRF J104703.9-130832,161.76637875,-13.14233819,0.0961,-0.0606,0.1136,122.24,0.1086,0.1772,-0.179,-0.112,0.910,0.949,,,,
ICRF J104706.8+002937,161.77860002,0.49363430,0.3964,-0.2980,0.4959,126.93,0.3662,0.5264,-0.057,-0.413,1.123,1.222,,,,
ICRF J104801.2+151438,162.00502730,15.24400818,1.9545,2.4783,3.1563,38.26,4.3621,7.8631,-0.232,0.203,0.603,0.548,,,,
ICRF J104806.6-190935,162.02758593,-19.15992422,0.6630,0.0527,0.6651,85.45,0.4068,0.3211,0.003,-0.347,1.803,1.638,144.0,22.0,58.55,58.55
ICRF J104827.6+714335,162.11508303,71.72664956,0.0411,0.1567,0.1620,14.68,0.0826,0.0791,-0.058,0.329,1.983,2.044,130.0,76.0,64.68,115.32
ICRF J104838.2-411400,162.15946311,-41.23336543,0.3174,-0.0625,0.3235,101.14,0.1123,0.2175,-0.311,0.074,2.862,2.841,,,,
ICRF J104921.8-223107,162.34112112,-22.51875089,-0.8754,0.4360,0.9780,296.48,0.6066,0.8243,-0.690,-0.329,1.444,1.537,,,,
ICRF J104946.3+142938,162.44303158,14.49404826,0.8992,0.3730,0.9735,67.47,0.5649,0.3203,-0.188,0.423,1.715,1.972,,,,
ICRF J105010.0+043249,162.54191989,4.54697683,0.0123,-0.3461,0.3463,177.97,0.1700,0.2449,-0.431,-0.115,1.472,1.415,,,,
ICRF J105038.0-524948,162.65845180,-52.83009113,-1.2859,0.0418,1.2866,271.86,0.8457,0.9941,0.314,0.307,1.609,1.521,,,,
ICRF J105045.2-725432,162.68854076,-72.90897504,-0.3189,-0.0681,0.3261,257.94,0.3447,0.4916,0.255,-0.012,0.927,0.935,,,,
ICRF J105053.4-471904,162.72251566,-47.31793179,0.1692,-1.1897,1.2017,171.91,0.2577,0.8857,-0.091,0.208,1.458,1.495,,,,
ICRF J105058.1+343010,162.74217934,34.50303834,-0.8312,-2.5488,2.6809,198.06,0.6398,0.7895,-0.157,-0.047,3.554,3.480,,,,
ICRF J105101.3+202719,162.75572621,20.45554726,0.0916,0.4464,0.4557,11.60,0.2413,0.2781,-0.117,0.028,1.658,1.649,,,,
ICRF J105104.7-313814,162.76990644,-31.63730769,-0.8829,0.3332,0.9437,290.68,0.4753,0.4764,-0.229,0.136,2.071,1.985,,,,
ICRF J105115.8+464417,162.81623260,46.73815779,-0.3354,0.2310,0.4072,304.55,0.1392,0.1768,-0.303,-0.342,2.479,2.740,,,,
ICRF J105123.5-651808,162.84800472,-65.30239572,0.2821,-3.4835,3.4949,175.37,3.4192,2.7589,-0.116,-0.118,1.264,1.265,,,,
ICRF J105148.7+211952,162.95328784,21.33119827,-0.5389,-0.0914,0.5466,260.37,0.3270,0.2477,-0.097,0.041,1.677,1.689,100.0,43.0,19.63,160.37
ICRF J105250.0+335505,163.20858420,33.91806275,1.7077,0.0494,1.7084,88.34,1.6462,4.1331,-0.308,-0.040,1.094,1.037,,,,
ICRF J105422.2+862936,163.59280992,86.49337167,-0.7118,2.1118,2.2285,341.37,0.3587,0.3549,0.015,0.157,6.427,6.272,,,,
ICRF J105517.2+020544,163.82196847,2.09580624,0.2623,0.4748,0.5424,28.92,0.1970,0.2781,-0.113,0.034,2.234,2.165,,,,
ICRF J105653.6+701145,164.22340628,70.19608766,0.1315,0.1117,0.1726,49.65,0.1278,0.1250,-0.007,0.079,1.316,1.363,,,,
ICRF J105724.4-234201,164.35175516,-23.70047549,0.6284,-1.4943,1.6211,157.19,0.5894,0.5471,0.200,0.235,3.193,2.932,,,,
ICRF J105754.1-250929,164.47555691,-25.15807307,-0.1022,-0.0996,0.1427,225.73,0.1574,0.3812,0.242,-0.410,0.666,0.700,,,,
ICRF J105755.4-243348,164.48087066,-24.56357354,-2.7036,-83.0451,83.0891,181.86,1.3005,2.7789,0.334,-0.469,30.890,29.957,,,,
ICRF J105800.4-302455,164.50178097,-30.41528539,0.2205,-0.2228,0.3134,135.30,0.2767,0.4009,0.117,-0.411,0.890,0.971,,,,
ICRF J105802.9+430441,164.51217000,43.07819587,-0.7222,0.7031,1.0079,314.23,0.3702,0.3447,-0.127,-0.179,2.603,2.822,,,,
ICRF J105811.5+811432,164.54806412,81.24240976,0.0908,0.1847,0.2058,26.18,0.1112,0.1031,0.019,0.179,1.867,1.969,,,,
ICRF J105817.9+195150,164.57458679,19.86413041,-0.0490,0.4872,0.4897,354.26,0.1023,0.1458,-0.144,-0.082,3.343,3.376,342.0,15.0,12.26,12.26
ICRF J105829.6+013358,164.62335503,1.56633993,-0.6588,0.3592,0.7504,298.60,0.0631,0.0683,-0.049,0.000,11.638,11.690,298.0,57.0,0.60,0.60
ICRF J105829.8+281746,164.62456232,28.29617017,-0.1294,-0.2562,0.2870,206.79,0.1581,0.2555,-0.026,-0.198,1.322,1.294,,,,
ICRF J105837.7+562811,164.65719863,56.46977966,0.0223,0.4325,0.4331,2.95,0.1199,0.1262,0.146,0.430,3.445,3.432,243.0,17.0,60.05,119.95
ICRF J105843.3-800354,164.68045748,-80.06504439,0.0342,-0.0579,0.0672,149.42,0.1331,0.1241,0.023,0.014,0.536,0.533,,,,
ICRF J105912.4-113422,164.80177660,-11.57299429,0.2369,-0.1877,0.3023,128.38,0.0972,0.1823,-0.137,0.107,2.561,2.645,,,,
ICRF J105939.0+205721,164.91267786,20.95609887,0.5059,0.1884,0.5398,69.57,0.3343,0.2826,-0.058,-0.204,1.801,1.654,,,,
ICRF J105951.9+405114,164.96627534,40.85394433,-0.2740,0.4911,0.5623,330.84,0.4012,0.7955,-0.378,-0.177,0.786,0.921,,,,
ICRF J110020.2+094935,165.08419293,9.82657851,0.4578,7.9309,7.9441,3.30,5.2981,6.6057,0.512,0.097,1.349,1.204,,,,
ICRF J110137.4+021512,165.40596975,2.25339306,-0.0955,-1.3827,1.3860,183.95,0.8496,0.9417,0.479,-0.066,1.473,1.473,,,,
ICRF J110148.8+722537,165.45335589,72.42697728,-0.1775,0.0995,0.2035,299.28,0.1298,0.1290,0.144,0.164,1.684,1.570,,,,
ICRF J110153.4+624150,165.47271160,62.69739020,-0.1782,-0.6103,0.6358,196.28,0.2237,0.2852,0.315,0.322,2.144,2.284,,,,
ICRF J110154.3-632522,165.47657698,-63.42294477,1.1105,2.2859,2.5414,25.91,1.1134,0.9574,0.343,-0.198,2.547,2.587,,,,
ICRF J110204.8-440422,165.52015085,-44.07301103,-0.4468,-0.4134,0.6087,227.22,0.1456,0.3609,-0.168,0.442,3.363,3.275,,,,
ICRF J110214.2+275708,165.55953526,27.95241374,-0.1412,0.1703,0.2212,320.33,0.2087,0.2194,-0.049,-0.171,0.955,1.030,,,,
ICRF J110242.7+594119,165.67817846,59.68877352,-0.0504,0.3120,0.3161,350.82,0.1387,0.1538,0.190,0.283,2.173,2.061,,,,
ICRF J110303.5+115816,165.76470766,11.97128455,0.0847,0.1737,0.1932,25.98,0.1439,0.1627,-0.131,0.165,1.197,1.219,,,,
ICRF J110313.3+301442,165.80542456,30.24519508,0.1157,-0.0422,0.1232,110.05,0.1550,0.2333,-0.069,-0.423,0.750,0.769,,,,
ICRF J110331.5-325116,165.88136011,-32.85463720,0.0786,0.5445,0.5501,8.22,0.1757,0.2013,-0.113,-0.321,2.814,2.742,,,,
ICRF J110352.2-535700,165.96759035,-53.95019351,0.1968,-0.5716,0.6045,161.00,0.1004,0.1139,0.219,0.230,5.928,5.388,,,,
ICRF J110413.8+765858,166.05775462,76.98283186,0.4148,-0.0752,0.4215,100.27,0.1988,0.1376,-0.020,0.179,2.148,2.157,,,,
ICRF J110424.0+073053,166.10029768,7.51477250,-0.1340,0.0081,0.1342,273.44,0.2574,0.2098,-0.378,0.436,0.541,0.522,,,,
ICRF J110427.3+381231,166.11380811,38.20883305,-0.1765,0.1207,0.2138,304.37,0.0337,0.0358,-0.119,-0.283,5.867,6.227,337.0,63.0,32.63,32.63
ICRF J110446.1-243125,166.19240192,-24.52383342,-0.8871,0.2786,0.9298,287.44,0.2983,0.3442,-0.144,-0.021,3.048,3.082,,,,
ICRF J110453.6+603855,166.22372767,60.64869849,0.2916,-0.0083,0.2917,91.64,0.1950,0.2078,-0.047,0.282,1.512,1.496,,,,
ICRF J110511.0-392842,166.29617255,-39.47837579,0.1949,0.9609,0.9805,11.47,0.2174,0.4631,-0.127,0.139,2.307,2.261,,,,
ICRF J110538.9+020257,166.41247002,2.04929817,-0.1404,0.1445,0.2015,315.81,0.1256,0.2235,-0.431,-0.072,1.150,1.291,,,,
ICRF J110559.0-265933,166.49590999,-26.99253274,-0.9936,4.8407,4.9416,348.40,1.8486,4.1337,-0.082,-0.228,1.204,1.288,,,,
ICRF J110607.2+281247,166.53025726,28.21307361,-0.2216,-0.2347,0.3228,223.35,0.2673,0.3016,-0.067,-0.231,1.267,1.137,,,,
ICRF J110631.7-005252,166.63239308,-0.88121704,0.1049,0.0721,0.1273,55.50,0.4354,0.2284,0.312,-0.192,0.352,0.397,,,,
ICRF J110708.6-444907,166.78622550,-44.81878286,-0.3027,0.1443,0.3353,295.49,0.0548,0.0608,-0.083,0.312,6.408,6.010,,,,
ICRF J110712.6-682050,166.80289659,-68.34742428,2.1258,1.0486,2.3704,63.74,0.1619,0.2066,0.521,0.024,13.164,14.078,,,,
ICRF J110715.0+162802,166.81269762,16.46729052,0.0800,-0.2755,0.2868,163.81,0.1121,0.1954,-0.384,-0.152,1.438,1.580,,,,
ICRF J110725.8+521931,166.85761584,52.32545454,-0.0300,0.5125,0.5134,356.65,0.1634,0.2270,-0.072,-0.064,2.258,2.265,,,,
ICRF J110741.7+723236,166.92384395,72.54333473,0.0081,0.2201,0.2203,2.10,0.1056,0.1104,-0.233,0.076,1.996,1.996,,,,
ICRF J110823.4+433053,167.09782054,43.51490483,0.0859,-0.3384,0.3491,165.76,0.5042,0.5284,-0.065,-0.050,0.655,0.663,,,,
ICRF J110845.4+020240,167.18953505,2.04469557,-0.2156,-0.1355,0.2547,237.86,0.5142,0.4406,-0.330,0.127,0.511,0.520,,,,
ICRF J111036.3+481752,167.65135042,48.29790271,-6.4396,-10.1039,11.9815,212.51,1.3292,1.3555,-0.207,-0.407,11.301,8.890,,,,
ICRF J111046.3+440325,167.69310744,44.05720155,-0.3681,0.7283,0.8160,333.19,0.2807,0.3223,-0.128,0.113,2.722,2.613,,,,
ICRF J111105.8+522748,167.77450903,52.46361076,-0.1074,-0.1616,0.1940,213.63,0.3013,0.3432,-0.175,-0.021,0.647,0.591,,,,
ICRF J111120.0+195536,167.83360681,19.92666667,3.5898,-5.3770,6.4652,146.27,7.2954,4.6823,-0.324,0.585,1.836,1.249,,,,
ICRF J111207.2-570339,168.03029020,-57.06104127,-5.8495,1.6515,6.0781,285.77,1.5240,1.6500,-0.357,0.135,3.907,3.967,,,,
ICRF J111209.5+072449,168.03982717,7.41364386,-0.1457,-0.7935,0.8068,190.40,0.1658,0.2875,-0.290,-0.229,3.219,2.896,,,,
ICRF J111238.7+344639,168.16153816,34.77753042,-0.3654,-0.4241,0.5598,220.75,0.2388,0.2874,-0.054,-0.116,2.248,2.126,,,,
ICRF J111301.4-354948,168.25617606,-35.83007619,-4.2267,9.7616,10.6374,336.59,2.0819,2.7964,0.118,-0.790,3.658,4.038,,,,
ICRF J111358.6+144226,168.49456286,14.70748685,-0.1506,-0.0469,0.1577,252.71,0.1072,0.1345,-0.227,-0.230,1.566,1.448,,,,
ICRF J111458.2-365240,168.74289014,-36.87779077,0.0983,1.0922,1.0966,5.14,0.3454,0.5994,-0.079,-0.197,1.890,1.844,,,,
ICRF J111609.9+082922,169.04155572,8.48945344,2.4434,-0.4772,2.4896,101.05,0.7043,0.6970,-0.486,-0.116,3.475,3.536,,,,
ICRF J111817.1-123254,169.57142238,-12.54840594,0.3106,-0.5073,0.5948,148.52,0.1674,0.1844,-0.121,0.096,3.326,3.318,,,,
ICRF J111820.6-305458,169.58587569,-30.91625801,0.5645,0.6761,0.8808,39.86,0.2632,0.6167,0.152,-0.014,2.291,2.409,,,,
ICRF J111826.9-463415,169.61232359,-46.57083374,-0.2216,-0.3211,0.3902,214.61,0.1121,0.1878,0.196,0.260,2.390,2.614,,,,
ICRF J111857.3+123441,169.73875598,12.57825499,0.4722,0.1825,0.5062,68.87,0.2221,0.2015,-0.123,-0.167,2.477,2.311,,,,
ICRF J111914.3+600457,169.80977216,60.08255704,1.0841,-0.1787,1.0987,99.36,0.4261,0.3173,0.345,0.257,2.968,2.606,,,,
ICRF J111930.3+222649,169.87632558,22.44704759,0.0142,-0.0280,0.0314,153.11,0.2526,0.3170,0.168,0.040,0.111,0.105,,,,
ICRF J112009.1-250807,170.03801766,-25.13549506,-159.7698,239.6495,288.0247,326.31,1.6777,2.2699,-0.271,-0.009,126.243,142.181,,,,
ICRF J112012.0-124337,170.05033552,-12.72717455,0.1908,-0.2489,0.3137,142.52,0.4027,0.3890,0.152,0.197,0.877,0.796,,,,
ICRF J112016.1-271906,170.06746554,-27.31843502,-0.2648,0.1161,0.2891,293.68,0.1451,0.2133,0.045,-0.294,1.869,1.905,,,,
ICRF J112023.2+540427,170.09678970,54.07419748,0.1175,0.5710,0.5829,11.63,0.2010,0.2331,0.266,0.404,2.455,2.518,,,,
ICRF J112038.4+070447,170.16018166,7.07977013,-0.4098,-0.8275,0.9234,206.35,0.9329,0.9132,0.198,-0.147,1.071,1.007,221.0,8.0,14.65,14.65
ICRF J112055.5-142029,170.23151528,-14.34164555,-0.1319,-0.6562,0.6693,191.37,0.1301,0.2102,0.170,-0.120,3.211,3.282,,,,
ICRF J112119.4-001316,170.33092607,-0.22123772,1.8625,-4.5052,4.8750,157.54,0.3681,0.4505,-0.049,-0.103,10.898,11.206,,,,
ICRF J112125.1-055356,170.35461688,-5.89901111,-0.0558,-0.1313,0.1426,203.02,0.1935,0.1975,0.119,0.200,0.693,0.725,26.0,6.0,2.98,177.02
ICRF J112142.1-071106,170.42551222,-7.18509496,0.2068,-0.4657,0.5095,156.06,0.4979,0.4533,-0.125,0.018,1.111,1.108,,,,
ICRF J112143.1-044236,170.42964291,-4.71004202,-0.0301,0.3159,0.3173,354.56,0.4761,0.6156,0.347,-0.264,0.514,0.517,,,,
ICRF J112205.7-253233,170.52393017,-25.54273118,-0.4149,0.6707,0.7887,328.26,0.1688,0.3257,-0.095,0.051,3.103,3.207,,,,
ICRF J112229.7+180526,170.62379788,18.09065094,0.5027,0.4885,0.7010,45.82,0.1198,0.1404,0.006,-0.094,5.564,5.451,,,,
ICRF J112333.5-202013,170.88976475,-20.33695591,25.6144,-26.3779,36.7680,135.84,19.5348,27.0918,-0.061,-0.860,1.345,1.633,,,,
ICRF J112337.1+504531,170.90463380,50.75884428,-0.0703,0.6652,0.6689,353.97,0.3369,0.4460,0.221,0.031,1.561,1.506,,,,
ICRF J112402.5-150158,171.01069008,-15.03304144,0.7648,-0.2175,0.7951,105.87,0.2863,0.3633,0.132,-0.154,2.721,2.737,,,,
ICRF J112402.7+233645,171.01127459,23.61274172,-0.2330,-0.0846,0.2479,250.04,0.3028,0.3094,-0.206,-0.179,0.876,0.816,,,,
ICRF J112413.1+513349,171.05486069,51.56371003,-4.5292,-1.3128,4.7156,253.84,1.1560,1.1072,0.061,-0.011,4.063,4.094,,,,
ICRF J112431.5+230755,171.13161784,23.13220923,2.7085,-5.7119,6.3215,154.63,1.9009,2.7970,-0.072,-0.308,2.208,2.490,,,,
ICRF J112531.4-355703,171.38117433,-35.95093112,0.0830,-0.1212,0.1469,145.62,0.2379,0.5848,-0.157,-0.206,0.382,0.406,,,,
ICRF J112542.2+000101,171.42620808,0.01705502,0.3635,-0.2900,0.4650,128.58,0.1476,0.2116,-0.340,-0.071,2.592,2.818,,,,
ICRF J112553.7+261019,171.47379965,26.17221631,0.1938,-0.2561,0.3211,142.89,0.1762,0.2320,-0.008,0.006,1.562,1.558,,,,
ICRF J112558.7+200554,171.49475806,20.09842701,0.4738,0.5084,0.6949,42.98,0.1640,0.2228,0.108,0.076,3.522,3.682,,,,
ICRF J112644.1-382844,171.68388899,-38.47890239,0.4663,0.3042,0.5568,56.88,0.2531,0.5082,-0.101,-0.074,1.988,1.937,,,,
ICRF J112653.1+062556,171.72144184,6.43248347,0.1057,-0.2873,0.3062,159.80,0.2894,0.3677,-0.065,-0.151,0.829,0.863,,,,
ICRF J112657.5-055552,171.73968011,-5.93132908,-3.8645,-2.6931,4.7103,235.13,7.3587,7.1663,-0.098,0.597,0.531,0.646,,,,
ICRF J112657.6+451606,171.74022903,45.26841239,0.2170,-1.5857,1.6005,172.21,0.0979,0.1300,-0.170,-0.096,12.201,12.397,,,,
ICRF J112704.3-185717,171.76830189,-18.95484496,-0.1118,-0.0243,0.1144,257.75,0.1062,0.0895,-0.032,-0.109,1.120,1.088,152.0,103.0,74.25,105.75
ICRF J112736.5+055532,171.90218977,5.92557202,-0.6574,-0.8739,1.0936,216.95,0.8536,0.7881,-0.149,-0.044,1.380,1.350,,,,
ICRF J112740.1+565014,171.91723008,56.83744316,-0.3355,-0.0204,0.3361,266.52,0.2243,0.2214,0.129,0.259,1.510,1.499,,,,
ICRF J112758.8+362028,171.99529514,36.34120872,0.2886,-0.5854,0.6527,153.75,0.3003,0.4027,-0.108,-0.142,1.642,1.743,,,,
ICRF J112813.3+592514,172.05558613,59.42077738,-0.1881,-0.0843,0.2061,245.86,0.2114,0.2287,0.173,0.276,0.901,0.963,,,,
ICRF J112824.6-112218,172.10268607,-11.37168083,-7.3345,0.0585,7.3348,270.46,3.3125,3.2155,-0.351,0.203,2.245,2.214,,,,
ICRF J112835.5+210237,172.14808898,21.04371023,1.2289,-0.7681,1.4492,122.01,0.2520,0.3149,0.146,-0.007,5.544,5.453,,,,
ICRF J112851.6+232617,172.21539574,23.43815121,-1.5611,-0.1737,1.5708,263.65,0.3847,0.4776,-0.326,-0.093,4.339,4.074,,,,
ICRF J112955.7-370757,172.48243241,-37.13259984,0.0452,-3.7366,3.7368,179.31,0.3344,0.8694,0.018,-0.428,4.311,4.300,,,,
ICRF J113007.0-144927,172.52938581,-14.82427453,-0.2588,-0.0229,0.2598,264.94,0.0975,0.0998,-0.066,-0.344,2.754,2.665,85.0,36.0,0.06,179.94
ICRF J113017.3+073213,172.57242611,7.53695242,-0.2092,-0.1277,0.2451,238.58,0.3138,0.7026,-0.672,-0.205,1.043,0.691,,,,
ICRF J113035.9+084643,172.64979806,8.77864087,-0.9185,-0.3989,1.0014,246.53,0.9024,0.6524,-0.196,0.166,1.117,1.187,,,,
ICRF J113042.4+303135,172.67678840,30.52649661,-0.4125,-0.3275,0.5267,231.55,0.1915,0.2451,-0.049,-0.141,2.667,2.534,,,,
ICRF J113053.2+381518,172.72201090,38.25515193,-0.1341,-0.1407,0.1944,223.63,0.1231,0.1514,-0.041,-0.099,1.506,1.432,184.0,24.0,39.63,39.63
ICRF J113125.4+512857,172.85620427,51.48262484,0.2393,-0.7167,0.7556,161.53,0.5163,0.8828,0.020,0.387,0.943,0.935,,,,
ICRF J113130.5-050019,172.87715314,-5.00546041,-0.1395,-0.0945,0.1685,235.88,1.1247,1.0146,0.084,-0.227,0.175,0.155,250.0,52.0,14.12,14.12
ICRF J113136.7-162833,172.90311642,-16.47595462,4.6218,-2.0259,5.0463,113.67,30.7500,19.4713,-0.003,-0.705,0.150,0.183,,,,
ICRF J113143.2-581853,172.93036668,-58.31484538,0.7993,0.5573,0.9744,55.12,0.1385,0.1673,0.439,0.079,5.926,6.663,,,,
ICRF J113245.6+003427,173.19007960,0.57439557,-3.4864,0.7960,3.5761,282.86,0.4056,0.7324,-0.539,-0.120,9.265,8.664,,,,
ICRF J113259.4+102342,173.24786999,10.39505927,0.0211,0.1435,0.1450,8.37,0.1624,0.2338,-0.105,0.033,0.638,0.627,,,,
ICRF J113303.0+001548,173.26262513,0.26360561,-0.2427,-0.5460,0.5975,203.96,0.2418,0.2757,-0.154,-0.252,2.446,2.220,,,,
ICRF J113320.0+004052,173.33356580,0.68134365,-0.5630,0.8652,1.0323,326.95,0.4750,0.3051,-0.128,-0.382,2.839,3.073,,,,
ICRF J113335.9-090523,173.39997014,-9.08983388,0.0148,0.6145,0.6146,1.38,0.2836,0.3890,-0.355,-0.232,1.650,1.580,,,,
ICRF J113411.4+724920,173.54753227,72.82223705,-0.1020,0.1402,0.1734,323.95,0.3188,0.3867,0.406,0.088,0.601,0.484,,,,
ICRF J113558.2-042827,173.99264567,-4.47441281,0.8255,0.4475,0.9390,61.54,0.3637,0.3069,-0.199,0.212,2.540,2.698,,,,
ICRF J113602.0-682705,174.00874206,-68.45161733,2.0911,-0.0819,2.0927,92.24,0.5150,0.5353,0.093,-0.020,4.066,4.063,,,,
ICRF J113609.6-741545,174.04024896,-74.26257622,0.9512,-1.3512,1.6525,144.86,0.5866,0.5764,0.379,0.107,3.348,2.851,,,,
ICRF J113624.5-033029,174.10240389,-3.50819352,0.2982,0.6703,0.7337,23.98,0.3599,0.2392,-0.152,0.165,2.828,2.922,,,,
ICRF J113626.4+700927,174.11003523,70.15758528,0.3720,0.0184,0.3724,87.17,0.1200,0.1084,-0.031,0.174,3.108,3.105,112.0,16.0,24.83,24.83
ICRF J113627.3+340739,174.11393311,34.12763446,-0.3952,-0.0290,0.3963,265.80,0.5075,0.4683,-0.109,-0.045,0.785,0.781,,,,
ICRF J113821.1+474515,174.58807562,47.75427691,0.2986,-0.4897,0.5736,148.63,0.1445,0.2226,-0.004,-0.132,2.900,3.018,,,,
ICRF J113855.5-465342,174.73149635,-46.89507240,-0.4245,0.8741,0.9717,334.10,0.3240,0.7056,-0.239,0.210,1.673,1.803,,,,
ICRF J113902.7+403254,174.76139267,40.54856707,-0.2375,-0.3577,0.4293,213.58,0.1962,0.1897,-0.012,0.119,2.165,2.241,,,,
ICRF J113910.7-135043,174.79459417,-13.84545553,0.2304,0.1579,0.2793,55.58,0.1321,0.2613,0.206,-0.251,1.768,1.846,,,,
ICRF J113929.5-155251,174.87323357,-15.88101486,0.2660,0.2344,0.3545,48.61,0.2037,0.2530,0.280,-0.327,1.639,1.601,,,,
ICRF J113951.5+765432,174.96474479,76.90898503,-3.6144,-6.0199,7.0216,210.98,4.0301,2.7500,0.038,0.532,2.211,2.366,,,,
ICRF J113957.0+654749,174.98760621,65.79707864,0.1480,0.0679,0.1628,65.34,0.1841,0.1491,-0.036,0.306,0.934,0.924,,,,
ICRF J114027.7+120308,175.11560275,12.05229737,0.6999,-7.0150,7.0498,174.30,1.5661,2.0778,-0.363,-0.333,3.449,3.406,,,,
ICRF J114112.2+641005,175.30095058,64.16819658,-0.6970,-0.2844,0.7528,247.80,0.5254,0.5482,0.103,0.386,1.327,1.424,,,,
ICRF J114120.2+002256,175.33445487,0.38243893,1.6513,0.3396,1.6859,78.38,0.6091,0.4497,-0.000,-0.085,2.880,2.814,,,,
ICRF J114207.7+154754,175.53223309,15.79838301,4.2939,-4.2635,6.0510,134.80,0.6688,0.9242,-0.073,-0.390,6.845,7.906,156.0,5.0,21.20,21.20
ICRF J114306.0+184342,175.77511987,18.72857643,-0.6617,0.3712,0.7587,299.29,0.3975,0.7772,-0.490,0.051,1.701,1.732,,,,
ICRF J114341.6+663331,175.92334741,66.55867498,-0.5406,-0.1698,0.5666,252.56,0.2602,0.2518,0.183,0.237,2.092,2.184,,,,
ICRF J114505.0+193622,176.27087102,19.60631694,0.4961,4.6742,4.7004,6.06,0.2828,0.2842,-0.053,-0.059,16.658,16.538,34.0,24.0,27.94,27.94
ICRF J114514.9+131015,176.31229659,13.17093870,0.0118,0.2756,0.2758,2.45,1.3001,1.7513,-0.599,-0.191,0.179,0.158,,,,
ICRF J114521.3+045526,176.33881317,4.92408000,0.0471,-0.0161,0.0498,108.83,0.2624,0.2778,-0.099,-0.262,0.181,0.189,,,,
ICRF J114522.0-225031,176.34186177,-22.84203973,0.1289,0.3714,0.3932,19.14,0.4279,0.2930,0.302,-0.238,1.346,1.303,,,,
ICRF J114525.9+415623,176.35832470,41.93975218,0.1724,-0.2700,0.3204,147.44,1.0050,1.1794,-0.238,0.496,0.392,0.286,,,,
ICRF J114538.5+442021,176.41049416,44.33942060,5.8438,0.3194,5.8525,86.87,0.3432,0.3515,0.009,0.202,17.150,17.052,,,,
ICRF J114553.6-695401,176.47343409,-69.90049933,0.0946,-0.1130,0.1473,140.06,0.0702,0.0785,0.247,0.074,2.221,1.971,,,,
ICRF J114608.1-244732,176.53376383,-24.79247125,1.0626,-5.0470,5.1576,168.11,0.0934,0.0971,-0.126,-0.330,51.975,53.203,,,,
ICRF J114626.1-285918,176.60911913,-28.98847354,0.0514,-0.4450,0.4479,173.41,0.1820,0.2053,-0.044,-0.503,2.181,2.186,,,,
ICRF J114626.9+584834,176.61213171,58.80951763,-0.1203,-0.3271,0.3485,200.19,0.7428,0.8268,0.026,0.128,0.411,0.427,,,,
ICRF J114628.4-332842,176.61854903,-33.47850900,1.6262,-2.2881,2.8071,144.60,0.4960,0.4737,-0.034,-0.312,5.205,5.838,,,,
ICRF J114644.2+535643,176.68418476,53.94530075,-0.0337,0.0687,0.0765,333.87,0.2747,0.3474,0.147,0.435,0.296,0.233,,,,
ICRF J114658.2+395834,176.74290799,39.97619567,-0.0409,0.0866,0.0957,334.73,0.0751,0.0936,-0.028,0.009,1.075,1.073,327.0,164.0,7.73,7.73
ICRF J114701.3-381211,176.75571130,-38.20306209,0.0457,-0.5200,0.5220,174.98,0.0702,0.0703,-0.032,0.004,7.419,7.421,,,,
ICRF J114704.8-043542,176.77026682,-4.59505857,-0.1173,-0.2072,0.2381,209.52,0.6708,1.0269,0.070,-0.191,0.259,0.267,,,,
ICRF J114722.1+350107,176.84220534,35.01875856,-0.8602,3.9287,4.0218,347.65,0.2119,0.2582,-0.192,0.101,15.456,15.748,,,,
ICRF J114733.3-675341,176.88916498,-67.89493602,-0.4117,0.3557,0.5441,310.82,0.2390,0.2517,-0.037,-0.090,2.157,2.228,,,,
ICRF J114751.5-072441,176.96480848,-7.41142810,0.1295,0.0302,0.1330,76.89,0.1173,0.0830,-0.130,-0.115,1.210,1.163,290.0,11.0,33.11,146.89
ICRF J114759.7+263542,176.99901629,26.59509233,-0.0051,0.0494,0.0497,354.10,0.0976,0.0962,-0.098,-0.143,0.514,0.517,,,,
ICRF J114837.7+184008,177.15740305,18.66915791,-0.3091,-1.0638,1.1078,196.20,0.4156,0.3000,0.031,0.017,3.610,3.623,,,,
ICRF J114850.3+592456,177.20982574,59.41566173,-90.9340,68.3389,113.7506,306.93,5.1814,7.3450,-0.117,0.368,24.394,19.864,,,,
ICRF J114855.8-040409,177.23285348,-4.06932318,-1.1670,0.4949,1.2677,292.98,0.3924,0.3527,-0.106,-0.259,3.084,3.289,,,,
ICRF J114856.5+525425,177.23570458,52.90703402,-1.0634,1.0670,1.5064,315.10,0.0973,0.1096,0.070,0.329,15.284,14.629,,,,
ICRF J115016.6+433205,177.56917835,43.53497400,-0.2946,0.2772,0.4046,313.26,0.3251,0.3913,0.164,0.240,1.305,1.150,,,,
ICRF J115019.2+241753,177.58005076,24.29828756,-0.2787,-0.1021,0.2968,249.87,0.0581,0.0583,-0.040,-0.083,5.222,5.108,283.0,38.0,33.13,33.13
ICRF J115031.5-193049,177.63136299,-19.51376354,0.5143,-0.2427,0.5687,115.27,0.3683,0.3303,0.013,-0.118,1.538,1.578,,,,
ICRF J115032.7+063029,177.63637121,6.50817214,0.3849,-0.7198,0.8162,151.87,0.2334,0.3305,-0.126,-0.264,2.547,2.732,,,,
ICRF J115034.5+653928,177.64391691,65.65785369,0.1911,-0.2159,0.2884,138.49,0.2843,0.3195,-0.120,0.215,0.903,0.953,,,,
ICRF J115043.8-002354,177.68279486,-0.39839035,1.0069,0.6376,1.1918,57.66,0.1005,0.1369,-0.067,-0.158,11.426,11.052,237.0,10.0,0.66,179.34
ICRF J115103.2-172359,177.76334860,-17.39995682,0.2247,0.8463,0.8756,14.87,0.2175,0.3751,-0.022,-0.256,2.546,2.481,,,,
ICRF J115129.3+382552,177.87233897,38.43121526,0.1433,-0.0956,0.1723,123.72,1.4817,1.6121,0.400,0.126,0.144,0.113,,,,
ICRF J115217.2-084103,178.07170632,-8.68425388,-0.0324,0.1732,0.1762,349.39,0.1906,0.1652,-0.030,-0.438,1.092,1.062,,,,
ICRF J115227.4+320959,178.11453439,32.16649193,3.8547,0.6198,3.9042,80.87,4.3363,4.1417,0.074,0.033,0.893,0.901,,,,
ICRF J115232.8+493938,178.13696277,49.66076889,-0.5068,-0.1054,0.5177,258.25,0.0809,0.1000,-0.107,0.185,6.424,6.353,,,,
ICRF J115251.9+330718,178.21629244,33.12187884,0.0839,0.0693,0.1088,50.44,0.1150,0.1810,-0.084,-0.044,0.854,0.824,,,,
ICRF J115255.4-051948,178.23121486,-5.33014850,0.1968,0.1621,0.2550,50.53,0.2386,0.3076,-0.103,-0.041,1.011,0.979,,,,
ICRF J115312.4+805829,178.30208010,80.97476516,0.1029,-0.1025,0.1453,134.88,0.1007,0.1042,0.072,0.116,1.505,1.419,225.0,34.0,89.88,90.12
ICRF J115312.5+091402,178.30230041,9.23396639,-0.4990,-1.8784,1.9436,194.88,0.1985,0.3527,-0.152,-0.139,6.264,5.889,,,,
ICRF J115322.3-110512,178.34297388,-11.08683008,-0.6874,0.4386,0.8155,302.54,0.3204,0.4314,0.133,-0.112,2.406,2.374,,,,
ICRF J115324.4+493108,178.35194433,49.51911948,0.0524,-0.3093,0.3137,170.38,0.0682,0.0757,0.098,0.119,4.263,4.155,210.0,17.0,39.62,39.62
ICRF J115326.7+361726,178.36126237,36.29063603,0.3152,0.3267,0.4540,43.97,0.8497,1.0432,-0.556,0.069,0.724,0.486,,,,
ICRF J115348.5+095554,178.45219743,9.93191338,-0.1879,-0.1437,0.2366,232.58,0.3547,0.5202,-0.155,-0.365,0.721,0.597,,,,
ICRF J115354.6+403652,178.47774569,40.61461650,0.4254,-0.0736,0.4318,99.81,0.1977,0.2323,-0.012,0.047,2.186,2.175,263.0,7.0,16.81,163.19
ICRF J115401.3+593454,178.50569250,59.58172214,0.4144,-0.1024,0.4269,103.87,0.3382,0.4287,0.024,0.150,1.291,1.248,,,,
ICRF J115406.1-324242,178.52569331,-32.71193910,-0.2687,-0.3826,0.4675,215.08,0.3160,0.4288,-0.183,-0.252,1.374,1.233,,,,
ICRF J115410.4+122509,178.54336387,12.41937624,65.4395,-4.8898,65.6220,94.27,2.6967,4.0874,-0.024,-0.110,24.311,24.296,,,,
ICRF J115421.7-350529,178.59077997,-35.09140691,-34.1292,-17.1060,38.1762,243.38,0.4201,1.1107,-0.535,-0.156,102.859,82.681,,,,
ICRF J115503.1-310758,178.76315701,-31.13298002,-0.0136,0.1445,0.1451,354.63,0.3056,0.3655,-0.130,-0.264,0.396,0.398,,,,
ICRF J115515.2-294954,178.81359221,-29.83176738,-0.8341,1.3714,1.6051,328.69,0.2905,0.6241,-0.375,-0.303,3.140,3.615,,,,
ICRF J115536.8-121635,178.90341419,-12.27652938,2.2665,0.4144,2.3041,79.64,0.3652,0.5116,0.100,-0.162,6.253,6.259,,,,
ICRF J115545.5-101752,178.93979745,-10.29784633,-0.2013,1.1151,1.1331,349.76,0.4242,0.4973,-0.317,-0.156,2.242,2.292,,,,
ICRF J115734.8+163859,179.39515115,16.64990275,-0.0814,-0.1301,0.1534,212.04,0.1215,0.1468,0.004,-0.029,1.114,1.111,,,,
ICRF J115825.7+245017,179.60744817,24.83832329,2.3773,1.5880,2.8589,56.26,0.8081,0.5021,-0.051,0.189,3.977,4.319,,,,
ICRF J115826.7+482516,179.61153963,48.42117487,-0.3210,-0.1637,0.3604,242.98,0.1689,0.2238,-0.064,0.190,1.978,2.037,,,,
ICRF J115911.2-222836,179.79694698,-22.47691687,-0.2973,-0.6359,0.7020,205.06,0.1707,0.2987,0.306,-0.281,2.617,2.750,,,,
ICRF J115911.8+095446,179.79944508,9.91305212,0.3228,-0.4578,0.5602,144.81,0.7194,0.9102,-0.091,-0.246,0.606,0.674,,,,
ICRF J115912.7-094052,179.80296553,-9.68112472,-9.3942,-2.6093,9.7499,254.48,0.8110,0.5676,-0.019,-0.220,13.636,12.463,,,,
ICRF J115918.3-663539,179.82627271,-66.59428530,0.0699,0.3528,0.3597,11.20,0.2782,0.3132,0.306,0.106,1.131,1.154,,,,
ICRF J115921.4-214244,179.83930223,-21.71247583,0.0521,-0.2916,0.2962,169.86,0.1636,0.1807,-0.060,-0.419,1.615,1.645,,,,
ICRF J115931.8+291443,179.88264131,29.24550745,-0.0672,-0.0255,0.0719,249.18,0.0596,0.0490,-0.038,0.174,1.197,1.241,6.0,69.0,63.18,116.82
ICRF J115944.8+011206,179.93678275,1.20194008,-0.0708,-0.1643,0.1789,203.31,0.1606,0.1326,0.156,-0.135,1.283,1.315,,,,
ICRF J115951.9-214853,179.96627549,-21.81491885,-2.7224,2.8867,3.9679,316.68,0.1071,0.1946,-0.104,-0.341,27.825,29.437,348.0,2.0,31.32,31.32
ICRF J120011.3+530046,180.04743449,53.01302157,-0.2995,-0.3962,0.4967,217.08,0.2835,0.3069,0.189,0.254,1.503,1.668,,,,
ICRF J120123.2+002828,180.34687818,0.47453229,-0.0770,-0.2801,0.2905,195.37,0.1679,0.2033,-0.219,-0.032,1.510,1.452,,,,
ICRF J120144.2+143136,180.43445357,14.52679167,-0.0226,-0.2039,0.2051,186.32,0.3078,0.2580,-0.153,-0.122,0.808,0.793,,,,
ICRF J120208.6+444422,180.53609408,44.73957651,-0.7404,0.6743,1.0015,312.33,0.7644,0.8578,-0.004,0.272,1.250,1.248,,,,
ICRF J120234.2-052802,180.64260370,-5.46735859,-0.0657,0.1027,0.1219,327.42,0.0901,0.1642,0.112,-0.476,0.987,0.961,,,,
ICRF J120301.0+063441,180.75421934,6.57820488,-0.0110,-0.1094,0.1099,185.74,0.2933,0.2930,-0.086,-0.312,0.390,0.375,,,,
ICRF J120303.5+603119,180.76461314,60.52198973,-0.0618,-0.5537,0.5571,186.37,0.1510,0.1607,0.073,0.128,3.448,3.469,217.0,16.0,30.63,30.63
ICRF J120321.9+041419,180.84139595,4.23863718,41.9635,-14.0664,44.2583,108.53,0.2832,0.3637,-0.224,-0.232,148.287,153.137,,,,
ICRF J120329.8+480313,180.87438761,48.05378500,-0.1786,0.1351,0.2239,307.10,0.0736,0.1057,-0.045,0.178,2.726,2.742,,,,
ICRF J120416.6-071009,181.06943625,-7.16916812,0.2527,-1.1535,1.1808,167.64,0.1342,0.1760,-0.068,-0.482,6.618,6.817,,,,
ICRF J120436.1+485653,181.15074771,48.94832108,-0.0341,-0.2886,0.2906,186.73,0.4963,0.6368,-0.064,0.309,0.463,0.458,,,,
ICRF J120533.2-263404,181.38838453,-26.56790652,-0.2128,1.6074,1.6214,352.46,0.1674,0.2516,-0.055,-0.480,6.395,6.514,344.0,2.0,8.46,8.46
ICRF J120637.0+394103,181.65438905,39.68437420,0.1489,-0.2139,0.2606,145.17,0.1368,0.1599,-0.115,0.039,1.680,1.725,,,,
ICRF J120658.0+052952,181.74177768,5.49784606,-0.3698,4.0087,4.0257,354.73,0.8534,0.5425,0.137,-0.106,7.391,7.402,,,,
ICRF J120712.6+121145,181.80260224,12.19606833,-0.5610,-0.5675,0.7979,224.67,0.4255,0.3727,-0.096,-0.110,2.128,2.014,,,,
ICRF J120727.9+275458,181.86625194,27.91634714,0.0654,0.2136,0.2234,17.02,0.1786,0.1620,-0.091,0.124,1.356,1.368,,,,
ICRF J120728.3-270310,181.86813423,-27.05280142,0.0379,-0.0631,0.0736,149.03,0.2670,0.3907,0.067,-0.419,0.199,0.215,,,,
ICRF J120741.6-010636,181.92365676,-1.11019177,-0.2378,0.3904,0.4571,328.66,0.1311,0.2037,-0.033,-0.353,2.463,2.639,,,,
ICRF J120823.2-142142,182.09706529,-14.36174527,-0.3761,1.0148,1.0822,339.66,0.5465,0.5744,-0.052,-0.393,1.774,1.896,,,,
ICRF J120854.2+544158,182.22606847,54.69948980,0.2664,-0.6843,0.7343,158.73,0.2366,0.2345,0.181,0.504,3.855,3.127,,,,
ICRF J120902.4-240620,182.26018796,-24.10576642,-0.4142,-0.0319,0.4154,265.59,0.1973,0.2218,0.113,-0.458,2.168,2.104,,,,
ICRF J120913.6+433920,182.30671236,43.65580985,-0.3205,0.2845,0.4286,311.60,0.7255,0.9475,0.613,0.181,0.845,0.534,,,,
ICRF J120922.7+411941,182.34494991,41.32815833,0.1291,0.1383,0.1892,43.03,0.1320,0.1682,0.131,0.207,1.199,1.278,64.0,8.0,20.97,20.97
ICRF J120935.2-401613,182.39684850,-40.27030522,0.3252,0.4994,0.5960,33.07,0.1601,0.4548,0.050,0.069,2.265,2.310,,,,
ICRF J120945.0+254703,182.43789648,25.78436950,0.2210,-0.5120,0.5576,156.65,0.2599,0.2418,0.047,0.152,2.372,2.282,,,,
ICRF J121004.1-121744,182.51735037,-12.29581850,1.4899,1.6185,2.1999,42.63,0.7933,0.8967,0.258,-0.367,2.684,2.605,,,,
ICRF J121106.6+182034,182.77786772,18.34285643,-0.2438,-0.3829,0.4540,212.49,0.1746,0.1935,-0.117,-0.126,2.565,2.423,,,,
ICRF J121203.6-222151,183.01540659,-22.36430906,0.4662,3.0505,3.0859,8.69,4.5590,2.1112,-0.300,-0.555,1.801,1.448,,,,
ICRF J121256.0+192547,183.23373308,19.42972684,0.5530,0.0564,0.5559,84.18,0.1454,0.1636,-0.119,-0.171,3.901,3.819,,,,
ICRF J121322.9-100325,183.34559528,-10.05701889,-0.9934,-0.6219,1.1720,237.95,0.8681,0.8992,0.009,-0.258,1.502,1.337,,,,
ICRF J121329.6-245313,183.37368953,-24.88699336,-0.8394,0.2827,0.8857,288.61,0.4295,0.7610,-0.246,-0.515,1.963,1.989,,,,
ICRF J121332.1+130720,183.38404356,13.12247347,0.1067,0.0931,0.1416,48.90,0.1645,0.2714,0.084,-0.141,0.722,0.734,,,,
ICRF J121343.7-165856,183.43236687,-16.98243560,0.1714,-0.4064,0.4411,157.14,0.4155,0.8223,-0.391,-0.424,0.555,0.644,,,,
ICRF J121404.1+330945,183.51714902,33.16266524,3.6824,2.4837,4.4417,56.00,0.1213,0.1542,0.188,-0.069,32.904,34.371,,,,
ICRF J121423.0+024252,183.59594513,2.71467677,-0.3308,-0.2096,0.3916,237.64,0.6431,1.0557,-0.148,0.025,0.583,0.551,,,,
ICRF J121459.9+082922,183.74963820,8.48958826,-0.9907,0.6621,1.1915,303.76,0.6433,0.4596,0.107,-0.052,2.071,2.109,,,,
ICRF J121503.9+165437,183.76657977,16.91054355,0.4412,0.6037,0.7477,36.16,0.3089,0.2344,0.061,-0.265,3.362,2.945,,,,
ICRF J121510.9+073204,183.79573733,7.53463142,0.5578,-1.5576,1.6544,160.30,0.9147,1.1793,-0.045,-0.170,1.430,1.455,,,,
ICRF J121546.7-173145,183.94479902,-17.52927864,0.5395,-0.4417,0.6973,129.31,0.2480,0.2724,-0.135,-0.698,2.182,2.713,106.0,37.0,23.31,23.31
ICRF J121555.6+344815,183.98167103,34.80422795,-26.7363,-18.8332,32.7035,234.84,0.4371,0.4571,-0.108,-0.087,76.983,73.752,,,,
ICRF J121606.2+092909,184.02587607,9.48600245,-0.3770,-1.3898,1.4400,195.18,0.2735,0.4721,-0.094,-0.073,3.361,3.250,,,,
ICRF J121711.0+583526,184.29591191,58.59062399,-1.4574,0.7120,1.6220,296.04,0.1679,0.1653,-0.033,0.155,9.950,9.689,,,,
ICRF J121732.5+330538,184.38559092,33.09389730,0.0889,2.9807,2.9820,1.71,0.8240,1.4805,0.209,-0.049,2.038,2.016,,,,
ICRF J121752.0+300700,184.46700820,30.11684330,0.1140,-0.1672,0.2024,145.71,0.0474,0.0479,-0.019,0.024,4.226,4.243,152.0,5.0,6.29,6.29
ICRF J121758.7-002946,184.49470431,-0.49619437,0.0101,-0.1250,0.1254,175.38,0.1352,0.1969,-0.099,-0.580,0.645,0.639,,,,
ICRF J121806.2-460029,184.52604468,-46.00805348,-19.7327,230.7709,231.6130,355.11,1.2433,2.4003,0.019,0.120,97.770,97.445,,,,
ICRF J121826.0+110505,184.60871785,11.08479511,-0.0479,0.0009,0.0479,271.11,0.1007,0.1543,0.106,-0.178,0.477,0.476,,,,
ICRF J121834.9-011954,184.64554090,-1.33176165,0.2042,0.0031,0.2042,89.13,0.1081,0.1916,0.008,-0.677,1.897,1.889,,,,
ICRF J121846.6+173817,184.69418550,17.63813021,-9.3720,-2.8687,9.8012,252.98,0.1816,0.2951,-0.074,-0.162,53.527,52.516,,,,
ICRF J121906.4+482956,184.77672813,48.49893465,10.3290,-4.0145,11.0817,111.24,4.0848,7.1796,0.019,-0.467,2.624,2.590,,,,
ICRF J121935.7+660031,184.89914306,66.00884608,0.0584,0.2137,0.2216,15.28,0.2053,0.2026,0.016,0.186,1.065,1.093,,,,
ICRF J122003.6+710531,185.01511842,71.09198154,0.1150,-0.0132,0.1157,96.56,0.1900,0.1941,0.104,0.190,0.626,0.609,,,,
ICRF J122008.2+343121,185.03455891,34.52270653,0.0017,0.3291,0.3291,0.29,0.1413,0.2221,-0.407,-0.108,1.602,1.482,,,,
ICRF J122011.8+020342,185.04951923,2.06172917,-0.2822,-0.1409,0.3154,243.46,0.1056,0.1428,-0.007,-0.055,2.858,2.848,,,,
ICRF J122017.1-265347,185.07160496,-26.89649194,-1.7288,-0.5019,1.8002,253.81,0.5880,0.5957,-0.120,-0.298,3.372,3.059,,,,
ICRF J122033.8+334312,185.14114798,33.72000776,0.0079,0.1530,0.1532,2.96,0.1965,0.2585,0.011,-0.109,0.594,0.593,,,,
ICRF J122123.9-024149,185.34975492,-2.69711364,-2.5260,0.8497,2.6650,288.59,0.6453,0.4808,-0.015,-0.492,3.914,4.295,,,,
ICRF J122127.0+441129,185.36268605,44.19157560,-0.0562,-0.0989,0.1138,209.62,0.1785,0.1706,-0.085,0.138,0.641,0.660,,,,
ICRF J122131.6+281358,185.38204383,28.23291670,0.2664,-0.2093,0.3388,128.15,0.0645,0.0807,-0.134,-0.018,4.658,4.875,102.0,33.0,26.15,26.15
ICRF J122216.0-164554,185.56707833,-16.76524483,0.3192,-0.7082,0.7769,155.74,0.2949,0.4508,-0.086,-0.641,1.733,1.908,,,,
ICRF J122222.5+041315,185.59395678,4.22104891,-0.3443,-0.0513,0.3481,261.52,0.1536,0.0886,-0.114,-0.162,2.431,2.316,185.0,24.0,76.52,76.52
ICRF J122324.2+843615,185.85118867,84.60416775,0.3799,0.5596,0.6764,34.17,0.1863,0.2459,0.317,0.016,2.743,3.056,,,,
ICRF J122339.3+461118,185.91390281,46.18850074,-0.1083,0.0367,0.1143,288.73,0.1462,0.1718,-0.140,0.297,0.758,0.771,,,,
ICRF J122340.4+804004,185.91872399,80.66787234,-0.2617,1.3968,1.4211,349.39,0.1652,0.1680,0.007,-0.001,8.465,8.466,,,,
ICRF J122354.6+065002,185.97760131,6.83404781,-0.1198,-0.4517,0.4673,194.85,0.6350,0.4586,0.221,-0.096,1.018,1.003,,,,
ICRF J122358.2+481257,185.99262766,48.21601789,-12.1493,-5.5054,13.3385,245.62,0.3735,0.4714,-0.002,0.458,32.635,34.563,,,,
ICRF J122409.9+500155,186.04132760,50.03207869,-0.0855,-0.7131,0.7182,186.84,0.7362,1.0333,-0.208,0.338,0.739,0.700,,,,
ICRF J122424.1+243623,186.10077554,24.60652758,0.4655,0.5840,0.7469,38.56,0.7697,1.2285,0.243,-0.276,0.694,0.769,,,,
ICRF J122424.2+401510,186.10097713,40.25290868,-1.2797,0.4388,1.3528,288.93,1.1503,1.1188,-0.472,0.073,1.122,1.180,,,,
ICRF J122451.5+433519,186.21460542,43.58869094,1.7284,3.0577,3.5124,29.48,0.5694,0.5324,0.048,0.253,5.986,6.496,,,,
ICRF J122452.4+033050,186.21842476,3.51397022,0.2657,-0.1888,0.3259,125.40,0.2404,0.1749,-0.202,-0.257,1.393,1.545,,,,
ICRF J122454.3-831310,186.22659418,-83.21947278,-0.1680,1.3230,1.3337,352.76,1.0085,1.2618,0.004,-0.404,1.085,1.062,,,,
ICRF J122454.4+212246,186.22691002,21.37955236,0.1058,0.5585,0.5685,10.73,0.0590,0.0843,-0.215,-0.036,7.300,6.863,9.0,68.0,1.73,1.73
ICRF J122635.2-190438,186.64698738,-19.07737036,0.0713,0.3080,0.3162,13.04,0.3925,0.5381,-0.394,-0.497,0.712,0.601,,,,
ICRF J122654.4-132838,186.72674472,-13.47749601,0.0421,-0.2741,0.2773,171.27,0.2290,0.2776,-0.022,-0.475,0.987,1.004,247.0,42.0,75.73,75.73
ICRF J122657.9+434058,186.74126635,43.68290318,0.0547,0.0262,0.0606,64.42,0.2091,0.2504,-0.072,0.209,0.277,0.282,,,,
ICRF J122726.6-443638,186.86117789,-44.61065151,-0.0913,1.1504,1.1540,355.46,0.7975,1.1191,-0.403,-0.077,1.029,1.034,,,,
ICRF J122755.7+493256,186.98218634,49.54890168,-0.1402,-0.1620,0.2143,220.88,1.4208,1.4481,-0.086,0.751,0.114,0.149,,,,
ICRF J122819.2+023229,187.08023609,2.54149908,0.4396,0.8390,0.9472,27.65,1.3281,0.5348,-0.048,-0.076,1.631,1.603,,,,
ICRF J122824.9+312837,187.10402492,31.47711922,-0.0781,0.0506,0.0930,302.97,0.0991,0.1443,0.037,0.160,0.876,0.862,,,,
ICRF J122836.9-030439,187.15382209,-3.07758663,0.4544,-0.7573,0.8832,149.03,0.3003,0.2708,-0.213,-0.271,2.943,3.180,,,,
ICRF J122847.4+370612,187.19759865,37.10335995,0.0982,0.0090,0.0986,84.77,0.0969,0.0981,0.019,0.007,1.017,1.018,,,,
ICRF J122851.7+485801,187.21569941,48.96702518,-0.0143,-0.1304,0.1312,186.27,0.2207,0.2197,-0.014,0.553,0.605,0.597,,,,
ICRF J122906.6+020308,187.27791559,2.05238837,0.8903,1.0896,1.4071,39.25,0.0403,0.0461,-0.061,-0.455,34.281,32.347,223.0,48.0,3.75,176.25
ICRF J122934.2+271156,187.39269988,27.19899382,2.7234,-0.0665,2.7242,91.40,1.6026,0.8234,-0.177,0.177,1.739,1.701,,,,
ICRF J123014.0+251807,187.55870563,25.30198225,-0.1190,0.0886,0.1484,306.65,0.0804,0.1123,-0.212,-0.098,1.563,1.678,268.0,6.0,38.65,38.65
ICRF J123044.9-312123,187.68721946,-31.35647524,-0.2726,-1.1270,1.1595,193.60,0.4378,1.1552,-0.254,-0.155,1.298,1.157,,,,
ICRF J123049.4+122328,187.70593077,12.39112325,-13.8569,7.5133,15.7627,298.47,0.3001,0.3849,-0.083,-0.365,46.277,50.137,283.0,44.0,15.47,15.47
ICRF J123055.2-010850,187.73040108,-1.14723654,0.0508,0.4151,0.4182,6.98,0.3264,0.5667,-0.239,-0.522,0.815,0.749,,,,
ICRF J123055.5-113909,187.73148325,-11.65272125,1.5256,-1.3317,2.0251,131.12,0.4567,0.6358,-0.461,-0.615,3.427,3.943,,,,
ICRF J123116.5-353318,187.81892582,-35.55525312,-0.3216,-3.1886,3.2048,185.76,0.6568,2.0368,0.143,-0.196,1.589,1.640,,,,
ICRF J123127.5+041801,187.86494117,4.30052474,-0.1257,0.5127,0.5278,346.23,0.1611,0.1772,-0.010,-0.455,2.903,2.996,,,,
ICRF J123131.3+641418,187.88081134,64.23841103,-1.3219,1.4042,1.9285,316.73,0.4721,0.5747,-0.233,0.115,3.371,3.716,,,,
ICRF J123150.2-123637,187.95944136,-12.61029183,4.0489,0.7391,4.1158,79.66,0.6292,1.1549,0.068,-0.560,6.443,6.467,,,,
ICRF J123200.0-022404,188.00006671,-2.40133183,0.0531,0.1959,0.2030,15.16,0.1039,0.1765,0.023,-0.315,1.228,1.222,,,,
ICRF J123215.8-101525,188.06608273,-10.25699169,0.2361,0.2324,0.3313,45.46,0.1918,0.2976,-0.141,-0.599,1.628,1.458,,,,
ICRF J123234.7+482132,188.14494827,48.35915019,2.1944,3.7916,4.3809,30.06,2.8197,6.8451,-0.076,-0.555,1.417,0.955,,,,
ICRF J123312.8+805433,188.30372099,80.90943672,-0.0234,-0.0079,0.0247,251.40,0.2195,0.2233,-0.028,0.136,0.110,0.112,,,,
ICRF J123313.1-102518,188.30485369,-10.42178817,0.3466,-0.3936,0.5244,138.63,0.3171,0.2870,0.057,-0.574,1.569,1.754,,,,
ICRF J123413.3+475351,188.55554490,47.89756574,-0.9860,1.1079,1.4831,318.33,0.1236,0.1448,-0.152,0.372,10.462,11.055,,,,
ICRF J123505.8+362119,188.77419363,36.35536701,-0.0953,0.2283,0.2474,337.34,0.1902,0.2447,0.060,0.043,1.084,1.059,,,,
ICRF J123736.4+192440,189.40175149,19.41128335,-0.0406,0.2172,0.2209,349.41,0.2650,0.2452,-0.164,-0.378,0.895,0.899,,,,
ICRF J123824.3-195913,189.60162273,-19.98713469,-0.1451,0.2640,0.3013,331.22,0.1491,0.3152,-0.046,-0.445,1.246,1.284,,,,
ICRF J123852.7-382556,189.71971486,-38.43249541,-0.5390,1.0936,1.2192,333.76,0.3174,0.8234,-0.163,-0.040,2.014,2.156,,,,
ICRF J123924.5+073017,189.85245138,7.50477474,-0.3366,0.4323,0.5479,322.10,0.1177,0.0846,-0.038,-0.508,5.153,5.856,297.0,2.0,25.10,25.10
ICRF J123932.7+044305,189.88648200,4.71812028,-0.3424,-0.0425,0.3450,262.93,0.2236,0.2186,-0.019,-0.461,1.717,1.543,280.0,13.0,17.07,17.07
ICRF J123943.0-102328,189.92942284,-10.39130350,0.5743,-0.4758,0.7458,129.64,0.1112,0.0812,0.011,-0.382,7.003,7.811,,,,
ICRF J123946.6-684530,189.94438083,-68.75858127,0.3627,-2.1330,2.1636,170.35,0.8922,1.0928,-0.296,-0.287,1.959,1.994,,,,
ICRF J123959.4-113722,189.99763275,-11.62305449,-23.6377,7.9152,24.9277,288.51,1.2661,1.0136,-0.789,-0.198,18.870,20.237,,,,
ICRF J124034.7+695830,190.14458494,69.97516954,0.0286,-0.3156,0.3169,174.83,0.1316,0.1351,-0.001,0.150,2.355,2.346,,,,
ICRF J124037.3-112124,190.15559196,-11.35689103,-0.4820,0.2020,0.5226,292.74,0.2954,0.3776,-0.114,-0.342,1.655,1.717,,,,
ICRF J124129.5+602041,190.37329418,60.34481171,0.6038,-0.1890,0.6327,107.38,0.2700,0.2718,-0.232,0.168,2.249,2.342,,,,
ICRF J124209.8+372005,190.54088494,37.33491449,0.4340,0.9601,1.0537,24.32,0.2960,0.3070,0.042,0.018,3.426,3.454,,,,
ICRF J124251.3+375100,190.71403779,37.85000702,-0.2384,0.1818,0.2998,307.32,0.1062,0.1029,-0.116,0.029,2.860,2.856,,,,
ICRF J124310.6-294322,190.79442472,-29.72291805,-0.1996,0.2365,0.3095,319.83,0.1453,0.3034,0.167,-0.116,1.684,1.580,,,,
ICRF J124311.2+731559,190.79673793,73.26645829,-1.6189,3.4666,3.8260,334.97,0.4793,0.3975,-0.310,0.066,9.396,9.352,,,,
ICRF J124345.0+744237,190.93763887,74.71030967,0.8340,-0.3603,0.9085,113.37,0.2669,0.2404,-0.027,-0.103,3.355,3.466,,,,
ICRF J124357.6+162253,190.99020505,16.38149807,0.0828,0.1518,0.1729,28.60,0.1480,0.1746,0.048,-0.208,1.052,1.034,,,,
ICRF J124410.8+172104,191.04510403,17.35125150,-3.1249,4.6136,5.5723,325.89,0.3498,0.5891,-0.454,-0.191,9.893,11.880,,,,
ICRF J124449.1+404806,191.20494811,40.80171178,-1.2180,-0.6527,1.3819,241.82,0.3058,0.4135,-0.056,0.039,4.274,4.284,,,,
ICRF J124509.9+570954,191.29166486,57.16510404,0.0020,0.2882,0.2882,0.40,0.2463,0.2959,0.049,0.165,0.975,0.974,,,,
ICRF J124553.7-161645,191.47392613,-16.27936256,-0.7036,0.4134,0.8161,300.44,0.5612,0.3107,0.014,-0.358,1.571,1.828,,,,
ICRF J124557.6-412845,191.49012962,-41.47921979,1.5420,0.4858,1.6167,72.51,0.9474,2.5485,0.518,0.044,1.787,1.639,,,,
ICRF J124559.9+434626,191.49999870,43.77416002,1.6218,-1.0813,1.9492,123.69,1.2151,1.8860,-0.721,0.442,1.445,1.453,,,,
ICRF J124604.2-073046,191.51763382,-7.51293742,-0.1021,-0.2557,0.2753,201.77,0.5138,0.2784,-0.007,-0.674,1.427,0.940,267.0,31.0,65.23,65.23
ICRF J124646.8-254749,191.69500850,-25.79702472,0.1132,0.0390,0.1197,70.98,0.0827,0.0527,-0.127,0.037,1.563,1.557,133.0,21.0,62.02,62.02
ICRF J124707.5+704645,191.78146918,70.77920037,0.1904,0.0108,0.1907,86.74,0.2355,0.2130,-0.024,0.118,0.809,0.810,,,,
ICRF J124720.7+320900,191.83654210,32.15018667,2.7621,1.0285,2.9473,69.58,1.3152,1.5490,0.507,0.026,2.150,2.203,,,,
ICRF J124733.3+672316,191.88887331,67.38790246,-12.6851,10.4112,16.4106,309.38,2.7936,1.9907,-0.194,0.274,8.096,6.926,,,,
ICRF J124759.3-234859,191.99729681,-23.81646540,0.4279,0.0906,0.4374,78.05,0.1879,0.3053,-0.073,-0.316,2.351,2.297,,,,
ICRF J124818.7+582028,192.07826988,58.34131030,-0.1279,-0.0245,0.1302,259.16,0.2150,0.2306,0.038,0.154,0.601,0.604,354.0,12.0,85.16,94.84
ICRF J124822.9-063209,192.09573192,-6.53606052,3.4777,4.6978,5.8449,36.51,3.1020,1.0755,-0.062,-0.426,5.455,4.510,,,,
ICRF J124828.4-455947,192.11872979,-45.99643880,-0.1374,-0.3443,0.3707,201.75,0.1135,0.2162,0.180,0.029,1.871,2.001,,,,
ICRF J124850.9+483953,192.21228528,48.66476705,0.1946,0.1082,0.2227,60.93,0.3046,0.3543,-0.045,0.246,0.678,0.708,,,,
ICRF J124918.4+281743,192.32670535,28.29544854,-0.0917,0.1610,0.1853,330.32,0.1886,0.2346,-0.147,-0.077,0.795,0.841,,,,
ICRF J125006.8+015804,192.52850695,1.96781774,-0.2154,0.4182,0.4704,332.75,0.3248,0.4727,0.549,-0.365,1.513,1.106,,,,
ICRF J125009.2+162121,192.53844606,16.35596166,0.8215,0.8654,1.1932,43.51,0.1663,0.2194,0.154,-0.220,6.156,6.321,,,,
ICRF J125028.2+134340,192.61757516,13.72788474,0.2298,-0.2205,0.3185,133.82,0.1172,0.1876,0.011,-0.373,2.244,2.287,,,,
ICRF J125032.5+021632,192.63575340,2.27560368,-1.7179,0.6514,1.8372,290.76,0.4644,0.3085,-0.117,-0.488,3.761,4.259,,,,
ICRF J125114.4-171713,192.81031304,-17.28698899,-0.0634,0.4121,0.4170,351.26,0.1855,0.2823,-0.257,-0.468,1.463,1.499,,,,
ICRF J125139.2-351839,192.91343775,-35.31099497,2.1595,-1.0425,2.3979,115.77,1.5451,0.9048,-0.139,-0.179,1.677,1.811,,,,
ICRF J125226.4-115807,193.11016913,-11.96875463,4.6384,-4.5509,6.4981,134.45,0.9709,0.5381,-0.032,-0.561,8.977,9.714,,,,
ICRF J125243.2-673738,193.18005008,-67.62742968,-0.1841,0.1747,0.2538,313.51,0.2346,0.3034,0.067,0.070,1.006,0.973,,,,
ICRF J125258.3-331959,193.24332232,-33.33321155,0.1700,-0.1395,0.2199,129.36,0.5729,0.5853,-0.141,-0.109,0.362,0.381,,,,
ICRF J125306.4+290513,193.27670275,29.08718996,0.1930,0.2336,0.3030,39.57,0.3256,0.5337,0.031,-0.131,0.729,0.737,,,,
ICRF J125311.9+530111,193.29966899,53.01992699,-0.2068,-0.2064,0.2922,225.06,0.1106,0.1122,-0.103,0.121,2.743,2.623,246.0,8.0,20.94,20.94
ICRF J125339.0+410724,193.41291130,41.12346587,-0.3184,0.0265,0.3196,274.76,0.2972,0.3262,-0.157,0.342,1.078,1.075,,,,
ICRF J125359.5-405930,193.49805713,-40.99185718,1.4283,1.2951,1.9281,47.80,1.0088,0.8879,-0.353,0.045,2.067,2.033,,,,
ICRF J125428.8+453604,193.62011956,45.60120199,-0.0274,0.2648,0.2662,354.08,0.1931,0.2841,0.228,0.442,1.023,0.943,,,,
ICRF J125437.2-200056,193.65523175,-20.01566852,1.1600,-0.4293,1.2369,110.31,0.9186,1.0556,-0.145,-0.460,1.277,1.327,,,,
ICRF J125438.2+114105,193.65939839,11.68497085,0.1945,-0.0343,0.1975,100.01,0.0711,0.0529,-0.027,-0.365,2.735,2.811,,,,
ICRF J125445.4+023328,193.68944391,2.55804543,-0.0883,-0.6541,0.6600,187.69,0.5597,0.3788,0.022,-0.540,2.021,1.734,,,,
ICRF J125457.5-442456,193.73963833,-44.41572248,3.1516,-2.1737,3.8285,124.60,0.4036,0.6822,-0.427,0.186,8.041,8.433,,,,
ICRF J125459.9-713818,193.74967286,-71.63845462,0.0254,-0.0602,0.0654,157.12,0.2380,0.2027,0.284,0.229,0.348,0.316,,,,
ICRF J125531.7+181750,193.88233302,18.29747511,-0.4418,0.3395,0.5572,307.54,0.4198,0.3220,0.021,-0.243,1.371,1.490,,,,
ICRF J125604.8-591944,194.02038005,-59.32889269,-0.2270,1.2035,1.2247,349.32,1.3094,1.4885,0.561,0.172,1.102,0.827,,,,
ICRF J125611.1-054721,194.04652741,-5.78931254,-0.4552,-0.2970,0.5435,236.87,0.0567,0.0487,0.138,-0.518,11.200,10.083,224.0,38.0,12.87,12.87
ICRF J125614.2+565225,194.05930838,56.87367719,0.9168,-0.1839,0.9350,101.34,0.1199,0.1172,0.023,0.050,7.841,7.804,,,,
ICRF J125625.5-215521,194.10629580,-21.92253946,-16.3427,27.9555,32.3820,329.69,4.1722,3.2000,-0.531,-0.376,8.763,9.574,,,,
ICRF J125731.7+795802,194.38219418,79.96736302,-0.0027,0.0210,0.0212,352.68,0.3183,0.3274,-0.042,0.018,0.064,0.065,,,,
ICRF J125736.4+834231,194.40177123,83.70868979,-0.5483,0.6243,0.8309,318.71,0.3010,0.3157,0.268,0.044,3.060,2.689,,,,
ICRF J125757.2+322929,194.48846602,32.49147958,0.0706,-0.1683,0.1825,157.23,0.1349,0.1415,-0.134,-0.147,1.243,1.299,,,,
ICRF J125759.0-315516,194.49608680,-31.92134768,-0.5838,-0.8038,0.9934,215.99,0.0780,0.0657,0.207,-0.136,14.773,14.338,,,,
ICRF J125834.9+003832,194.64547975,0.64226808,-0.6388,0.8351,1.0514,322.59,0.3426,0.4075,-0.218,-0.517,2.383,2.771,,,,
ICRF J125838.3-180003,194.65959044,-18.00086790,-2.2314,2.1189,3.0772,313.52,1.7552,1.4579,0.019,-0.779,1.470,1.931,,,,
ICRF J125854.4-221931,194.72699492,-22.32531251,-0.1400,0.1647,0.2161,319.62,0.1663,0.1619,-0.183,-0.162,1.230,1.320,,,,
ICRF J125908.4-231038,194.78525851,-23.17740399,-0.0118,0.1170,0.1176,354.26,0.1385,0.1828,-0.237,-0.245,0.643,0.646,,,,
ICRF J125912.6-243605,194.80260691,-24.60152880,-0.9336,-0.7015,1.1677,233.08,0.3817,0.6571,-0.110,-0.231,2.824,2.669,,,,
ICRF J125931.1+514056,194.87989162,51.68229478,-2.4970,-2.2672,3.3728,227.76,1.3641,1.8484,-0.087,0.279,1.977,2.203,,,,
ICRF J130001.9+120622,195.00807866,12.10614391,-1.5696,-0.4712,1.6388,253.29,0.6329,0.5112,-0.301,-0.378,3.160,2.646,,,,
ICRF J130020.9+141718,195.08716176,14.28848101,0.0503,-0.0536,0.0735,136.81,0.1556,0.1485,0.090,-0.402,0.438,0.485,,,,
ICRF J130028.5+283010,195.11887487,28.50283018,-0.1056,0.1036,0.1480,314.46,0.1317,0.1722,0.074,-0.010,1.033,1.002,,,,
ICRF J130036.4+082802,195.15182812,8.46746213,0.0628,0.2067,0.2160,16.89,0.1930,0.2430,-0.166,-0.360,0.996,0.911,,,,
ICRF J130041.2+502936,195.17186273,50.49354593,6.1405,-5.7757,8.4300,133.25,5.2963,4.2839,-0.154,0.257,2.060,1.778,,,,
ICRF J130042.4-325312,195.17677509,-32.88669829,0.0186,0.2232,0.2240,4.77,0.2527,0.5304,-0.030,-0.128,0.431,0.427,,,,
ICRF J130132.6+463402,195.38585953,46.56748322,138.2856,-95.7108,168.1769,124.69,11.9991,12.7812,0.118,0.171,14.996,13.744,,,,
ICRF J130217.1+481917,195.57165028,48.32154842,-0.0361,0.1927,0.1960,349.37,0.1005,0.1213,0.025,0.217,1.658,1.628,,,,
ICRF J130237.9+690251,195.65802075,69.04766731,-0.3829,1.2788,1.3349,343.33,0.1926,0.1716,-0.040,0.197,8.035,7.712,,,,
ICRF J130252.4+574837,195.71860535,57.81044703,0.1342,0.2457,0.2800,28.64,0.5568,0.4956,-0.017,-0.040,0.560,0.551,,,,
ICRF J130349.2-554031,195.95506637,-55.67544665,0.2736,-0.0079,0.2737,91.66,0.2799,0.4881,0.260,0.470,1.023,0.977,,,,
ICRF J130443.6-034602,196.18184253,-3.76737522,0.3174,-0.8656,0.9219,159.86,0.2629,0.3448,-0.419,-0.479,2.526,2.785,,,,
ICRF J130447.3+635347,196.19737621,63.89649797,0.3634,0.0053,0.3635,89.17,0.3767,0.3489,0.118,-0.012,0.965,0.965,,,,
ICRF J130459.0-210642,196.24612229,-21.11179397,6.5778,0.5382,6.5998,85.32,0.5781,0.5404,-0.338,-0.232,11.963,11.422,,,,
ICRF J130500.0+785435,196.25005953,78.90994343,1.4092,-0.8270,1.6340,120.41,0.5899,0.5681,-0.138,-0.019,2.764,2.798,,,,
ICRF J130531.0-313252,196.37947268,-31.54783841,0.1229,0.1514,0.1950,39.06,0.2455,0.3716,-0.221,-0.176,0.708,0.645,,,,
ICRF J130533.0-103319,196.38756265,-10.55539672,-0.3686,-0.0676,0.3747,259.61,0.0621,0.0974,-0.188,-0.549,6.265,5.980,32.0,21.0,47.61,132.39
ICRF J130603.3+552943,196.51396298,55.49551574,0.3110,0.2688,0.4111,49.17,0.1262,0.1433,0.043,0.164,2.951,3.097,,,,
ICRF J130605.7+800820,196.52381896,80.13904617,0.0538,0.1224,0.1337,23.75,0.1279,0.1337,0.419,-0.011,0.921,1.008,,,,
ICRF J130632.6-171858,196.63608560,-17.31621941,-0.6645,-0.7182,0.9785,222.78,0.7973,0.7231,-0.054,-0.269,1.488,1.297,,,,
ICRF J130715.1-320758,196.81324511,-32.13295581,-0.0943,0.2915,0.3063,342.08,0.2155,0.3651,-0.128,-0.122,0.873,0.910,,,,
ICRF J130807.9+495753,197.03301768,49.96485287,0.1071,0.1228,0.1629,41.10,0.1927,0.2165,0.059,0.284,0.720,0.794,,,,
ICRF J130823.7+354637,197.09878806,35.77699000,-0.3590,0.4636,0.5864,322.24,0.1938,0.1371,-0.206,-0.009,3.828,3.856,,,,
ICRF J130832.7-245832,197.13636419,-24.97566941,-0.4981,-0.0822,0.5049,260.63,0.3209,0.4282,-0.379,-0.345,1.699,1.564,,,,
ICRF J130838.1-825934,197.15914416,-82.99299867,0.0165,-0.3508,0.3512,177.30,2.9825,4.3086,-0.026,0.035,0.081,0.082,,,,
ICRF J130842.0-242257,197.17504691,-24.38276072,228.3743,48.3785,233.4423,78.04,17.2994,17.8850,0.617,-0.157,13.411,13.476,,,,
ICRF J130909.7+555738,197.29064404,55.96060947,0.1225,0.2290,0.2597,28.15,0.1022,0.1194,0.002,0.045,2.246,2.262,,,,
ICRF J130917.8-041516,197.32430353,-4.25449912,-0.4030,0.2587,0.4789,302.70,0.3306,0.6216,-0.306,-0.347,1.221,1.288,,,,
ICRF J130925.5+430505,197.35635973,43.08488288,-0.2522,-0.1397,0.2882,241.02,0.2892,0.3336,0.128,0.478,0.924,0.967,,,,
ICRF J130933.9+115424,197.39138522,11.90682029,0.3291,0.8338,0.8964,21.54,0.1392,0.1203,0.114,-0.541,9.179,7.325,37.0,7.0,15.46,15.46
ICRF J131028.5+004408,197.61876805,0.73580135,0.4305,0.1534,0.4570,70.38,0.6867,0.5817,-0.114,-0.415,0.816,0.680,,,,
ICRF J131028.6+322043,197.61943273,32.34549523,-0.4860,0.0163,0.4863,271.92,0.2550,0.1529,-0.076,0.099,1.928,1.909,307.0,87.0,35.08,35.08
ICRF J131043.3-555211,197.68064853,-55.86986940,-0.6226,0.5673,0.8424,312.34,0.8828,1.2998,0.053,0.478,0.850,0.829,,,,
ICRF J131053.5+465352,197.72329834,46.89783895,11.1899,-9.3223,14.5643,129.80,5.4077,19.3909,-0.058,-0.490,2.158,2.124,,,,
ICRF J131059.4+323334,197.74751139,32.55956932,-0.1386,0.0269,0.1412,281.00,0.1939,0.1143,-0.010,0.304,0.851,0.753,,,,
ICRF J131103.2+551354,197.76337836,55.23175623,-0.1858,0.5170,0.5493,340.23,0.1798,0.1785,-0.122,0.052,3.115,3.075,,,,
ICRF J131107.8+141746,197.78260093,14.29629118,1.4218,3.8997,4.1508,20.03,0.3657,0.3469,-0.172,-0.410,14.018,11.895,,,,
ICRF J131217.7+351521,198.07396943,35.25585737,1.1073,-0.7035,1.3119,122.43,0.6552,0.8620,-0.265,-0.035,1.733,1.877,,,,
ICRF J131250.9-042449,198.21208848,-4.41385892,-0.1814,-0.0041,0.1815,268.70,0.3047,0.2613,-0.214,-0.412,0.648,0.596,,,,
ICRF J131301.4-272258,198.25592283,-27.38301298,-0.1870,0.2607,0.3208,324.35,1.5638,1.4997,-0.169,-0.339,0.186,0.211,,,,
ICRF J131443.8+234826,198.68252569,23.80743913,0.0928,0.5673,0.5748,9.29,0.1882,0.2616,-0.095,-0.243,2.282,2.224,,,,
ICRF J131501.8+122052,198.75772032,12.34795468,0.3564,-1.2115,1.2629,163.61,0.4759,0.4336,-0.335,-0.512,2.839,2.893,,,,
ICRF J131504.1-533435,198.76742139,-53.57663169,-0.2773,-0.4251,0.5075,213.11,0.2746,0.3912,0.121,0.198,1.372,1.483,,,,
ICRF J131513.4+284053,198.80621467,28.68157481,0.3360,0.2368,0.4110,54.82,0.3818,0.3347,-0.052,-0.167,1.216,1.129,,,,
ICRF J131607.9-333859,199.03327478,-33.64977019,-0.3976,0.1420,0.4222,289.65,0.0794,0.0842,-0.144,-0.079,5.158,5.286,,,,
ICRF J131624.5+194704,199.10236581,19.78457244,0.4008,-0.3968,0.5639,134.71,0.2714,0.3664,-0.146,-0.327,1.693,1.831,,,,
ICRF J131627.2+672624,199.11333954,67.44007297,1.1869,0.0380,1.1875,88.17,0.4640,0.4924,-0.006,-0.169,2.601,2.559,,,,
ICRF J131726.1-203138,199.35895335,-20.52725649,0.9024,-0.8025,1.2076,131.65,0.3823,0.4277,-0.425,-0.241,2.701,3.015,,,,
ICRF J131736.4+342515,199.40205910,34.42109234,0.2751,0.1295,0.3041,64.80,0.1103,0.0976,0.056,0.157,2.703,2.825,,,,
ICRF J131736.5-134532,199.40224043,-13.75907022,-1.0328,-0.5414,1.1661,242.34,0.7300,0.6585,-0.057,-0.348,1.957,1.636,,,,
ICRF J131739.1+411545,199.41330738,41.26267158,-8.7864,-1.7188,8.9529,258.93,2.8095,2.5877,0.281,0.281,3.135,3.197,,,,
ICRF J131833.7-060723,199.64045595,-6.12328343,0.3267,-0.1904,0.3782,120.23,0.2245,0.3522,-0.433,-0.604,1.457,1.552,,,,
ICRF J131903.2+103935,199.76370788,10.65977398,-47.1228,36.2455,59.4499,307.57,42.6001,22.0593,-0.094,-0.804,1.682,1.981,,,,
ICRF J131912.0-121732,199.80030030,-12.29225803,-0.0676,0.0318,0.0747,295.16,0.1921,0.2147,-0.033,-0.238,0.368,0.382,,,,
ICRF J131931.6-123925,199.88195679,-12.65696570,2.0897,-9.9383,10.1556,168.13,33.4555,69.5393,-0.064,-0.995,0.844,0.156,,,,
ICRF J131938.7-004939,199.91152575,-0.82776093,-0.1920,0.5637,0.5955,341.19,0.1513,0.2099,-0.096,-0.434,2.823,2.971,,,,
ICRF J131946.1+514805,199.94249217,51.80160485,0.0218,-0.0541,0.0583,158.05,0.1037,0.1107,-0.254,0.084,0.500,0.532,,,,
ICRF J132026.7+014036,200.11164532,1.67689210,-10.4203,-16.0033,19.0968,213.07,0.5803,0.4466,0.130,-0.270,44.686,40.084,,,,
ICRF J132111.2+221612,200.29667733,22.27003008,-0.1742,-0.0768,0.1904,246.22,0.1241,0.1143,0.008,-0.205,1.637,1.556,72.0,21.0,5.78,174.22
ICRF J132112.8-434216,200.30351966,-43.70467922,5.7067,3.6228,6.7595,57.59,1.9347,1.7699,0.003,0.292,3.293,3.590,,,,
ICRF J132114.0-263610,200.30848718,-26.60290684,0.9562,0.5327,1.0946,60.88,0.9618,0.7570,-0.069,0.161,1.142,1.218,,,,
ICRF J132211.4+214812,200.54751504,21.80341096,-0.5249,0.0620,0.5285,276.73,0.2192,0.2201,-0.234,-0.166,2.400,2.410,,,,
ICRF J132236.9-093737,200.65380263,-9.62716674,-0.3968,0.3206,0.5101,308.94,0.2167,0.2072,-0.120,-0.392,2.085,2.397,,,,
ICRF J132255.6+391207,200.73193527,39.20220869,-0.2544,0.1424,0.2915,299.24,0.1403,0.1756,0.134,0.360,2.126,1.987,,,,
ICRF J132304.1-384900,200.76728548,-38.81685307,-1.0447,2.0785,2.3263,333.32,0.3425,1.0335,-0.024,0.097,3.636,3.653,,,,
ICRF J132304.2-445233,200.76771020,-44.87606653,5.0504,33.4522,33.8312,8.59,1.0371,2.4578,0.140,0.031,13.940,14.456,,,,
ICRF J132317.1-340712,200.82141160,-34.12009723,-0.1965,-0.1227,0.2317,238.03,0.3242,0.4816,-0.345,-0.091,0.717,0.658,,,,
ICRF J132319.4-303806,200.83111382,-30.63518479,-0.1460,-0.1855,0.2361,218.21,0.3042,0.4241,-0.429,-0.189,0.754,0.649,,,,
ICRF J132351.5+794251,200.96487493,79.71440198,5.1532,-2.4261,5.6957,115.21,2.6237,4.4983,0.009,0.075,2.081,2.037,,,,
ICRF J132400.9+573916,201.00377612,57.65454289,-1.1326,0.1231,1.1393,276.20,0.7873,0.7326,-0.337,0.040,1.460,1.448,,,,
ICRF J132411.8-323535,201.04941977,-32.59322028,-0.4660,0.4877,0.6745,316.31,0.3101,0.4286,-0.212,-0.070,1.787,1.885,,,,
ICRF J132429.3+474320,201.12226027,47.72239567,-0.3759,0.3841,0.5374,315.62,0.4937,0.5640,-0.137,0.179,1.110,1.022,,,,
ICRF J132451.4+362242,201.21433790,36.37854794,75.9130,86.2011,114.8625,41.37,5.0714,3.7813,0.062,0.472,23.293,27.272,,,,
ICRF J132509.6-080448,201.29006477,-8.08010867,0.1595,0.0834,0.1800,62.38,0.1767,0.2675,-0.130,-0.244,1.005,0.955,,,,
ICRF J132513.2-111739,201.30508161,-11.29418937,0.9336,0.5142,1.0659,61.15,0.4887,0.4398,-0.238,-0.239,2.504,2.240,,,,
ICRF J132608.8-165104,201.53668590,-16.85116394,1.4428,-1.7138,2.2403,139.91,1.7550,1.6155,-0.131,-0.387,1.153,1.342,,,,
ICRF J132616.5+315409,201.56880118,31.90264303,15.9000,-20.2031,25.7095,141.80,1.6133,1.5028,-0.059,-0.175,15.714,16.669,,,,
ICRF J132626.6+032627,201.61117538,3.44104819,-0.3956,0.6037,0.7218,326.76,0.3611,0.5698,-0.122,-0.161,1.439,1.524,,,,
ICRF J132649.2-525623,201.70512133,-52.93989811,-0.3263,-0.0720,0.3341,257.56,0.2485,0.2684,-0.132,0.295,1.314,1.340,,,,
ICRF J132654.6-050058,201.72755812,-5.01638147,-0.2871,0.0780,0.2975,285.20,0.2851,0.2654,-0.027,-0.008,1.045,1.049,,,,
ICRF J132700.8+221050,201.75358880,22.18060079,0.0227,-0.1695,0.1710,172.37,0.1511,0.1179,-0.033,-0.083,1.438,1.445,10.0,89.0,17.63,162.37
ICRF J132720.9+432627,201.83741229,43.44110800,0.0680,0.1906,0.2024,19.64,0.1700,0.1912,0.080,0.154,1.036,1.074,,,,
ICRF J132725.1+500849,201.85468206,50.14699272,-0.1219,-0.0408,0.1286,251.48,0.2088,0.2365,-0.121,0.118,0.600,0.609,,,,
ICRF J132742.0-133600,201.92509887,-13.60004475,-0.0078,0.1610,0.1612,357.23,0.2298,0.4294,-0.198,-0.251,0.377,0.376,,,,
ICRF J132754.6+122309,201.97784583,12.38588288,0.2257,0.8959,0.9239,14.14,0.9560,0.8464,-0.213,-0.339,1.232,1.084,,,,
ICRF J132840.5+622137,202.16901763,62.36028777,0.2214,0.2012,0.2991,47.74,0.2200,0.2002,-0.000,0.004,1.421,1.422,,,,
ICRF J132901.1-560802,202.25477047,-56.13407376,-0.0537,0.0411,0.0676,307.44,0.1015,0.1861,0.414,0.070,0.614,0.573,,,,
ICRF J132905.8+500926,202.27417796,50.15733358,-0.0403,0.0179,0.0441,293.97,0.2822,0.3040,-0.118,0.115,0.161,0.155,,,,
ICRF J132952.8+315411,202.47027048,31.90307068,0.2506,-0.1325,0.2834,117.86,0.2176,0.1881,-0.167,0.267,1.527,1.350,,,,
ICRF J133011.0-700313,202.54615343,-70.05363280,0.0620,0.5132,0.5169,6.89,0.3062,0.3014,-0.020,0.263,1.704,1.714,,,,
ICRF J133019.0-312259,202.57951688,-31.38309324,-0.8092,0.0596,0.8113,274.22,0.2131,0.2984,-0.283,-0.129,3.822,3.802,,,,
ICRF J133037.6+250910,202.65706331,25.15304012,7.3706,39.7963,40.4731,10.49,0.5192,0.8099,0.049,-0.095,50.563,51.149,,,,
ICRF J133108.2+303032,202.78453359,30.50915532,3.1645,2.8304,4.2456,48.19,0.2005,0.2240,0.168,-0.041,18.832,20.216,,,,
ICRF J133111.6-263909,202.79872093,-26.65267214,0.2058,-0.3997,0.4496,152.76,0.1407,0.2677,-0.114,-0.054,2.001,2.090,,,,
ICRF J133129.1-034114,202.87150611,-3.68725389,-0.3519,-0.3232,0.4778,227.44,0.2313,0.2828,0.000,-0.431,2.158,1.903,,,,
ICRF J133153.8+060823,202.97457139,6.13983097,-0.0567,0.9272,0.9289,356.50,0.6383,0.4887,-0.062,-0.201,1.916,1.899,,,,
ICRF J133204.4-050943,203.01860283,-5.16202939,0.0796,0.0386,0.0884,64.15,0.1969,0.1557,-0.202,-0.070,0.495,0.474,5.0,11.0,59.15,59.15
ICRF J133230.9-140213,203.12886765,-14.03699634,3.3873,0.7221,3.4634,77.97,7.1599,2.6920,-0.039,-0.867,1.416,0.544,,,,
ICRF J133239.2-125615,203.16354752,-12.93759543,0.2633,0.8529,0.8926,17.16,0.3345,0.4715,-0.191,-0.424,2.425,1.973,107.0,37.0,89.84,89.84
ICRF J133242.5+071938,203.17726915,7.32724143,18.2214,16.1339,24.3377,48.48,3.4336,6.3624,0.550,-0.357,5.432,5.882,,,,
ICRF J133245.2+472222,203.18852677,47.37296327,0.0885,0.2431,0.2587,20.01,0.1001,0.1110,-0.063,0.220,2.255,2.362,,,,
ICRF J133253.2+020045,203.22196057,2.01269421,-2.8292,1.4736,3.1899,297.51,0.2853,0.2121,-0.033,-0.303,10.778,12.109,,,,
ICRF J133304.9+065231,203.27082064,6.87554724,-0.7615,0.5560,0.9429,306.14,0.4752,0.3778,-0.089,-0.100,2.086,2.176,,,,
ICRF J133307.4+272518,203.28121137,27.42177295,-0.2815,0.0111,0.2817,272.27,0.3840,0.2351,-0.110,-0.278,0.744,0.734,,,,
ICRF J133335.7+164904,203.39909431,16.81778186,-0.1020,-0.3435,0.3583,196.54,0.0961,0.1540,0.147,-0.107,2.361,2.469,22.0,6.0,5.46,174.54
ICRF J133338.9-235625,203.41219177,-23.94043921,0.0079,-0.1633,0.1635,177.22,0.2315,0.2907,-0.047,0.076,0.563,0.563,,,,
ICRF J133345.1-195042,203.43823204,-19.84509542,-2.4854,0.0732,2.4865,271.69,1.0661,0.4059,-0.201,0.147,2.367,2.338,,,,
ICRF J133353.7+505735,203.47409949,50.95997661,-0.1263,0.0292,0.1297,283.00,0.2802,0.3125,-0.029,0.268,0.482,0.460,,,,
ICRF J133511.9+025309,203.79960368,2.88597435,0.0343,-0.0349,0.0489,135.45,0.2073,0.3726,0.067,-0.300,0.194,0.190,,,,
ICRF J133521.9+454238,203.84150917,45.71062008,0.7576,-0.5748,0.9510,127.19,0.1076,0.1159,-0.102,0.230,8.541,8.614,,,,
ICRF J133608.2-082951,204.03441594,-8.49772168,11.4693,-62.0556,63.1066,169.53,5.2618,3.6007,-0.279,-0.162,17.245,17.371,,,,
ICRF J133631.4+031423,204.13103240,3.23987353,0.1353,0.2559,0.2895,27.87,0.2672,0.3546,0.122,-0.306,0.900,0.881,,,,
ICRF J133634.0-152948,204.14203818,-15.49668636,-1.3385,0.7055,1.5130,297.79,0.3937,0.3479,-0.175,-0.295,3.579,3.959,,,,
ICRF J133634.3-185241,204.14330562,-18.87824282,-0.6591,-0.6776,0.9453,224.20,0.1819,0.2334,-0.089,-0.189,4.934,4.642,,,,
ICRF J133635.6-171727,204.14851939,-17.29086147,0.3475,2.1975,2.2248,8.99,0.8606,0.6198,0.053,-0.179,3.627,3.568,,,,
ICRF J133716.0+653246,204.31691523,65.54619905,0.6053,-0.0181,0.6055,91.72,0.3293,0.2856,0.215,-0.125,1.838,1.839,,,,
ICRF J133739.6+020657,204.41514098,2.11597310,6.1686,0.6476,6.2025,84.01,0.3295,0.5276,0.130,-0.252,18.752,18.764,,,,
ICRF J133739.7-125724,204.41576159,-12.95685928,0.2756,-0.1009,0.2935,110.11,0.1660,0.0895,-0.029,0.166,2.168,2.007,148.0,53.0,37.89,37.89
ICRF J133749.6+550102,204.45684276,55.01725489,-0.3499,-0.2222,0.4145,237.59,0.1080,0.1154,-0.032,0.150,3.712,3.768,,,,
ICRF J133901.7-240114,204.75727665,-24.02055728,-0.1690,-0.1113,0.2023,236.64,0.1708,0.1925,-0.056,-0.065,1.174,1.146,,,,
ICRF J133907.1-063704,204.77977323,-6.61802189,0.2248,2.6772,2.6867,4.80,0.9775,0.8876,-0.631,-0.318,3.290,3.025,,,,
ICRF J133919.8-262030,204.83287825,-26.34180441,-1.4356,0.5460,1.5359,290.82,0.6520,0.7419,-0.114,-0.298,2.204,2.322,,,,
ICRF J133923.7+632858,204.84909520,63.48289553,1.3612,0.0004,1.3612,89.98,0.2100,0.1777,0.287,-0.142,6.505,6.482,,,,
ICRF J134004.6-013746,205.01922944,-1.62959549,0.0136,0.0623,0.0638,12.27,0.2115,0.2064,-0.298,-0.238,0.331,0.309,,,,
ICRF J134022.9+375443,205.09563259,37.91217592,-1.2327,-2.4782,2.7679,206.45,0.1638,0.2673,-0.146,0.252,12.484,11.941,,,,
ICRF J134048.0+692322,205.20003124,69.38964483,0.3496,-0.0760,0.3578,102.27,0.3270,0.2824,0.074,0.031,1.113,1.103,,,,
ICRF J134100.8-164313,205.25363781,-16.72039492,-0.0788,-0.5296,0.5354,188.47,0.3622,0.4687,0.177,-0.169,1.139,1.151,,,,
ICRF J134115.2+281605,205.31367821,28.26807695,0.2489,0.1589,0.2953,57.44,0.4564,0.4042,-0.058,-0.319,0.792,0.672,,,,
ICRF J134159.9+370710,205.49963113,37.11948419,2.8517,-5.7773,6.4428,153.73,1.9593,2.9549,0.182,0.155,2.686,2.437,,,,
ICRF J134204.6+124249,205.51932483,12.71388036,1.4848,-0.5584,1.5863,110.61,1.3495,1.1516,-0.183,-0.328,1.109,1.202,,,,
ICRF J134204.7-205129,205.51974813,-20.85820595,0.2922,0.2674,0.3961,47.54,0.2025,0.2375,-0.278,-0.182,2.034,1.830,,,,
ICRF J134208.3+270930,205.53490291,27.15850476,-0.0343,-0.2016,0.2045,189.65,0.1174,0.1533,0.060,-0.233,1.357,1.347,,,,
ICRF J134215.3-290041,205.56394012,-29.01161986,-3.2615,7.4226,8.1075,336.28,2.5946,5.4610,-0.082,-0.717,1.419,1.851,,,,
ICRF J134300.5+685517,205.75230687,68.92143240,-0.0521,-0.0264,0.0584,243.09,0.1579,0.1522,-0.029,0.011,0.377,0.373,,,,
ICRF J134345.9+660225,205.94149826,66.04048475,-0.4122,0.2592,0.4869,302.16,0.3039,0.2285,0.045,-0.255,1.585,1.768,,,,
ICRF J134408.6+660611,206.03616506,66.10323438,-0.4439,-0.1860,0.4814,247.26,0.2287,0.2036,0.033,-0.090,2.224,2.146,,,,
ICRF J134414.4-172340,206.06001022,-17.39455435,-0.4074,0.0510,0.4106,277.14,0.6094,0.5592,0.007,-0.306,0.678,0.675,306.0,84.0,28.86,28.86
ICRF J134533.1+445259,206.38821866,44.88321460,-0.3277,-0.0053,0.3277,269.08,0.1804,0.2407,-0.104,0.284,1.850,1.817,223.0,92.0,46.08,46.08
ICRF J134536.9+382312,206.40392598,38.38680686,0.2798,-3.9108,3.9208,175.91,0.2190,0.5346,0.092,0.322,7.582,7.426,,,,
ICRF J134549.3+070631,206.45547821,7.10864448,-0.2236,-0.2085,0.3057,227.00,0.2987,0.3046,0.090,-0.160,1.054,1.014,,,,
ICRF J134649.0-602429,206.70434368,-60.40815428,-8.6674,-3.9253,9.5148,245.64,1.9376,2.0704,0.482,0.572,4.509,4.858,,,,
ICRF J134704.5-181959,206.76904298,-18.33325455,-0.1094,-0.0828,0.1372,232.87,0.8757,0.7047,-0.101,0.239,0.156,0.171,,,,
ICRF J134723.4+183537,206.84787579,18.59377050,0.2760,0.0373,0.2785,82.31,0.1673,0.1865,-0.138,-0.094,1.692,1.662,,,,
ICRF J134731.4+055233,206.88101975,5.87605663,-4.2894,-2.7982,5.1215,236.88,2.0676,1.4914,0.237,-0.115,2.945,2.797,,,,
ICRF J134733.3+121724,206.88900674,12.29006664,15.7810,-23.1574,28.0233,145.73,0.3987,0.3864,-0.297,-0.183,66.310,71.825,167.0,9.0,21.27,21.27
ICRF J134740.4-375036,206.91845413,-37.84350559,-0.1040,-0.1386,0.1733,216.87,0.3982,0.4350,-0.116,-0.113,0.432,0.412,,,,
ICRF J134804.3+284025,207.01812129,28.67371284,-0.1723,0.4462,0.4783,338.89,0.2464,0.5216,-0.074,-0.079,1.068,1.105,,,,
ICRF J134839.9-164001,207.16628725,-16.66708811,-0.7154,-0.5526,0.9040,232.32,0.7380,0.8036,-0.260,-0.086,1.271,1.189,,,,
ICRF J134859.2-170406,207.24679311,-17.06834950,0.1818,0.1477,0.2342,50.90,0.3732,0.6252,-0.301,0.033,0.581,0.541,,,,
ICRF J134903.1-111000,207.26330436,-11.16689425,0.4792,-1.1073,1.2066,156.60,0.2585,0.3213,-0.200,-0.276,3.612,3.914,,,,
ICRF J134920.3-305624,207.33499368,-30.94005437,0.2720,0.4506,0.5263,31.11,0.6088,0.5441,-0.454,0.112,0.933,0.941,,,,
ICRF J134931.4-113253,207.38101360,-11.54828617,0.0094,0.0964,0.0968,5.59,0.1841,0.2838,-0.222,-0.135,0.357,0.343,,,,
ICRF J134934.6+534117,207.39440256,53.68806669,0.2299,-0.0889,0.2465,111.14,0.0674,0.0710,-0.144,0.140,3.635,3.636,,,,
ICRF J135022.1+094010,207.59223332,9.66962638,-36.6382,-24.8285,44.2585,235.88,11.0529,11.7659,0.124,-0.586,5.997,3.929,,,,
ICRF J135036.1-163449,207.65059980,-16.58042054,1.0745,-0.2689,1.1076,104.05,0.3374,0.4104,0.058,-0.395,3.187,3.252,,,,
ICRF J135045.6+233145,207.69024325,23.52921089,-0.2847,-0.3056,0.4176,222.97,0.2185,0.3418,0.108,-0.584,1.527,1.580,,,,
ICRF J135052.7+303453,207.71973427,30.58155297,-0.3067,0.1228,0.3304,291.83,0.1679,0.1316,-0.013,-0.043,2.020,2.052,293.0,15.0,1.17,1.17
ICRF J135116.9+083039,207.82049611,8.51108426,-0.0607,0.2385,0.2461,345.73,0.1122,0.1472,-0.001,-0.242,1.664,1.708,,,,
ICRF J135146.8-291217,207.94516181,-29.20490316,-2.5682,3.3805,4.2454,322.78,0.4765,0.4987,-0.319,-0.144,8.072,8.660,,,,
ICRF J135228.0-274507,208.11685880,-27.75198111,0.5401,-0.7082,0.8906,142.67,0.6151,0.5458,-0.227,-0.073,1.512,1.567,,,,
ICRF J135256.5-441240,208.23556228,-44.21121878,0.0957,-0.1084,0.1446,138.58,0.1005,0.1032,-0.101,0.099,1.425,1.418,,,,
ICRF J135323.1+753257,208.34653368,75.54937105,-0.0105,-0.2205,0.2208,182.73,0.1182,0.1205,-0.011,0.063,1.831,1.832,,,,
ICRF J135351.5+015153,208.46493506,1.86496926,-0.1731,0.4318,0.4651,338.16,0.2039,0.3076,0.037,0.034,1.664,1.640,,,,
ICRF J135406.8-020603,208.52873053,-2.10088625,0.0304,0.0547,0.0625,29.07,0.3822,0.2826,-0.010,-0.083,0.216,0.209,,,,
ICRF J135446.5-104102,208.69382786,-10.68407117,-0.2116,0.0178,0.2123,274.82,0.1053,0.0886,-0.008,-0.049,2.013,2.020,,,,
ICRF J135606.9-172431,209.02897085,-17.40883826,1.0111,-0.4490,1.1063,113.94,0.3976,0.4611,-0.145,-0.214,2.593,2.723,,,,
ICRF J135640.3+243100,209.16825000,24.51672530,-0.8041,0.5962,1.0010,306.55,0.4159,0.9551,-0.165,-0.530,1.957,2.032,,,,
ICRF J135646.8-110129,209.19513258,-11.02478530,0.3026,0.6866,0.7504,23.78,0.2043,0.3292,-0.109,-0.078,2.678,2.558,,,,
ICRF J135704.4+191907,209.26848609,19.31871454,-0.2214,0.2973,0.3707,323.33,0.0552,0.0602,-0.274,-0.259,5.671,6.358,,,,
ICRF J135706.0-174401,209.27530920,-17.73386250,-0.7185,-0.3173,0.7854,246.17,0.2309,0.2447,-0.094,-0.306,3.800,3.371,,,,
ICRF J135711.2-152728,209.29685409,-15.45799635,0.2294,0.3143,0.3891,36.12,0.2416,0.2763,-0.070,-0.403,1.903,1.482,,,,
ICRF J135801.3+834021,209.50561684,83.67276708,-0.6344,-0.4534,0.7798,234.45,0.6180,0.4737,-0.103,-0.024,1.456,1.403,,,,
ICRF J135822.4+111932,209.59341544,11.32581097,0.7190,-0.7278,1.0231,135.35,0.4647,0.4120,-0.146,-0.001,2.311,2.348,,,,
ICRF J135840.6+473758,209.66944362,47.63286432,-3.0780,1.6783,3.5058,298.60,1.4362,1.6173,-0.043,0.343,2.851,2.381,,,,
ICRF J135900.1-415252,209.75077093,-41.88128855,-0.0611,1.2557,1.2572,357.21,0.8378,1.5668,-0.443,-0.260,0.861,0.805,,,,
ICRF J135905.7+554429,209.77393096,55.74149549,0.0584,-0.1608,0.1711,160.06,0.1612,0.1791,-0.029,0.066,0.973,0.968,,,,
ICRF J135927.1+015954,209.86312227,1.99848976,-0.1192,-0.1005,0.1559,229.88,0.1624,0.1615,-0.125,0.172,0.942,0.962,,,,
ICRF J135938.0+401138,209.90872609,40.19395852,0.2016,2.3272,2.3359,4.95,0.1530,0.1877,-0.109,0.227,12.402,12.471,,,,
ICRF J140003.8-185811,210.01610831,-18.96974599,-0.2083,0.0167,0.2090,274.58,0.1999,0.2324,-0.251,-0.045,1.043,1.045,,,,
ICRF J140020.4-102341,210.08524785,-10.39472483,-9.6211,1.8920,9.8054,281.13,6.3461,9.6258,-0.713,-0.752,2.074,1.529,,,,
ICRF J140048.4+042530,210.20185045,4.42524460,0.0708,-0.1993,0.2115,160.44,0.6697,0.7025,0.068,-0.325,0.285,0.303,,,,
ICRF J140105.3-091631,210.27221601,-9.27543664,1.2429,-1.8720,2.2471,146.42,0.3363,0.3287,-0.417,-0.108,6.377,6.790,,,,
ICRF J140134.9-300436,210.39558098,-30.07690884,-0.1002,0.1401,0.1722,324.43,0.6536,0.5572,-0.038,0.257,0.328,0.294,,,,
ICRF J140145.6+583542,210.44041669,58.59507414,-0.3472,-0.1320,0.3715,249.19,0.5617,0.4890,-0.039,-0.170,0.718,0.675,,,,
ICRF J140202.4-282225,210.51000694,-28.37365118,-0.0222,1.1439,1.1441,358.89,1.4724,2.3952,-0.214,-0.433,0.522,0.478,,,,
ICRF J140244.5+155956,210.68547313,15.99907381,3.8363,-0.2912,3.8474,94.34,0.1886,0.2369,-0.097,0.097,20.354,20.374,,,,
ICRF J140245.7-182556,210.69064814,-18.43234072,0.1895,0.0442,0.1945,76.87,0.4452,0.5683,-0.128,-0.135,0.447,0.433,,,,
ICRF J140248.5-184047,210.70210223,-18.67985824,-0.1573,0.2652,0.3083,329.33,0.2607,0.3093,-0.278,-0.101,0.987,1.048,,,,
ICRF J140313.2+061008,210.80539181,6.16898789,-7.1915,1.2440,7.2983,279.81,1.6898,1.2123,-0.236,0.005,4.363,4.378,,,,
ICRF J140412.1-001325,211.05051658,-0.22363642,0.2341,-0.2520,0.3440,137.10,0.1897,0.1920,-0.205,-0.165,1.671,1.802,,,,
ICRF J140432.9+072846,211.13746805,7.47971239,-0.0738,0.7051,0.7089,354.02,0.2403,0.3540,0.342,-0.339,2.059,2.015,,,,
ICRF J140445.8-013021,211.19123105,-1.50609643,0.9899,0.2405,1.0187,76.34,0.1785,0.1557,-0.077,-0.017,5.812,5.757,,,,
ICRF J140501.1+041535,211.25466591,4.25994969,0.3977,-0.3167,0.5084,128.53,0.2424,0.1976,-0.188,-0.029,2.249,2.294,336.0,9.0,27.47,152.53
ICRF J140507.7+405657,211.28248101,40.94939754,-0.1327,-0.1597,0.2076,219.73,0.1648,0.2002,-0.087,0.114,1.104,1.133,,,,
ICRF J140532.8-144018,211.38694732,-14.67174909,-0.1061,-0.1116,0.1541,223.55,0.1400,0.2548,-0.316,-0.152,0.993,0.876,,,,
ICRF J140600.5-105849,211.50237966,-10.98053888,0.0661,-1.3953,1.3968,177.29,0.5090,1.2741,-0.808,-0.215,1.555,1.103,,,,
ICRF J140600.7-084806,211.50292455,-8.80191144,-1.2922,-0.0117,1.2922,269.48,0.2557,0.2411,-0.255,-0.130,5.113,5.054,,,,
ICRF J140636.5+782810,211.65236247,78.46955689,0.0675,0.1350,0.1510,26.55,0.2322,0.2321,-0.102,-0.003,0.666,0.650,,,,
ICRF J140653.8+343337,211.72436360,34.56036280,0.1513,-0.2987,0.3348,153.14,0.1224,0.1723,-0.261,0.175,2.001,2.129,,,,
ICRF J140700.3+282714,211.75164340,28.45408059,0.8767,0.3866,0.9581,66.20,0.0566,0.0547,-0.079,-0.002,17.200,17.031,,,,
ICRF J140701.9+762813,211.75826292,76.47042401,-0.2091,0.2192,0.3029,316.36,0.2268,0.2479,0.021,0.043,1.299,1.278,,,,
ICRF J140729.7-270104,211.87400954,-27.01785880,3.9253,0.2144,3.9312,86.87,0.3280,0.4245,-0.087,-0.008,12.004,11.976,,,,
ICRF J140754.9-343128,211.97882096,-34.52451783,0.2663,0.8046,0.8475,18.32,0.2685,0.6809,-0.072,-0.069,1.600,1.543,,,,
ICRF J140812.9+561332,212.05394268,56.22569016,-0.0611,-0.0593,0.0852,225.85,0.1386,0.1562,-0.273,0.028,0.629,0.582,,,,
ICRF J140819.0+685450,212.07948320,68.91411910,0.0312,0.0970,0.1019,17.82,0.3661,0.3183,-0.425,-0.022,0.357,0.316,,,,
ICRF J140848.8+650528,212.20338058,65.09112162,-1.0206,0.3772,1.0881,290.29,0.8139,0.6326,0.484,0.015,1.857,1.389,,,,
ICRF J140849.6-290023,212.20672396,-29.00655788,-0.3285,0.1700,0.3699,297.37,0.1350,0.2689,0.028,-0.325,2.484,2.514,,,,
ICRF J140856.4-075226,212.23533836,-7.87407404,-0.8487,-0.0251,0.8490,268.31,0.2133,0.1807,0.033,-0.158,4.050,3.981,272.0,32.0,3.69,3.69
ICRF J140911.9-231549,212.29990062,-23.26378086,1.3536,-0.6362,1.4957,115.17,2.3394,1.9450,-0.111,-0.050,0.651,0.665,,,,
ICRF J140950.1-265736,212.45904077,-26.96027235,6.2028,-4.6152,7.7314,126.65,4.4255,3.9650,0.161,-0.447,1.525,1.822,,,,
ICRF J141004.6+020306,212.51939986,2.05192014,-0.4032,0.2597,0.4796,302.79,0.2270,0.2469,-0.244,-0.260,1.890,2.064,,,,
ICRF J141019.6-190310,212.58206325,-19.05283405,2.8280,0.6387,2.8993,77.27,1.9510,1.1248,0.052,0.459,1.452,1.557,,,,
ICRF J141107.8+003607,212.78264003,0.60200793,0.0594,-0.0223,0.0634,110.56,0.2598,0.5895,-0.607,0.019,0.249,0.232,,,,
ICRF J141134.6+742429,212.89440916,74.40825719,-1.1928,-0.5716,1.3227,244.39,2.6063,1.6721,-0.384,0.126,0.723,0.571,,,,
ICRF J141154.8+213423,212.97859255,21.57317702,-0.7698,1.6150,1.7891,334.51,1.1128,0.8949,-0.119,0.362,2.302,1.933,,,,
ICRF J141509.9+083205,213.79132677,8.53482474,-1.5385,0.9509,1.8087,301.72,0.5403,0.6319,-0.431,-0.570,2.848,3.221,,,,
ICRF J141520.8-095558,213.83680806,-9.93286960,0.0397,-0.3914,0.3934,174.22,0.2518,0.3680,-0.088,-0.363,1.071,1.075,,,,
ICRF J141528.4+370621,213.86861165,37.10587834,-0.4422,0.7836,0.8997,330.57,0.1464,0.1710,-0.367,0.233,4.894,5.488,,,,
ICRF J141533.5+650123,213.88968265,65.02330676,1.2381,-0.2188,1.2573,100.02,1.4124,0.8697,-0.554,0.020,0.920,0.912,,,,
ICRF J141536.7+483030,213.90333338,48.50845825,-0.0060,1.0720,1.0721,359.68,0.5213,0.8995,0.066,0.107,1.195,1.192,,,,
ICRF J141628.6+124213,214.11940160,12.70377147,-0.5955,-0.1021,0.6042,260.27,0.3511,0.5803,-0.034,-0.264,1.715,1.705,,,,
ICRF J141634.3-170545,214.14320718,-17.09603689,-0.2437,0.0808,0.2568,288.34,0.5183,0.4521,-0.136,-0.128,0.486,0.503,,,,
ICRF J141708.1+460705,214.28400623,46.11818030,-0.0168,-0.1299,0.1310,187.39,0.1201,0.1314,-0.137,0.130,1.015,0.998,,,,
ICRF J141740.4+381821,214.41852410,38.30587288,0.7368,-0.5076,0.8947,124.56,0.2001,0.2511,-0.234,0.261,3.938,4.200,,,,
ICRF J141803.7+170324,214.51557754,17.05684241,-0.0189,-0.5283,0.5286,182.05,0.4608,1.0145,-0.148,-0.036,0.534,0.522,,,,
ICRF J141850.7+154106,214.71133853,15.68509444,0.0533,-0.5325,0.5351,174.28,0.2562,0.4897,0.122,-0.251,1.133,1.107,,,,
ICRF J141858.9-350942,214.74548720,-35.16180777,0.1825,0.4509,0.4864,22.03,0.1908,0.2534,-0.051,0.010,2.033,2.020,,,,
ICRF J141908.1+062834,214.78408394,6.47633428,0.0203,-0.2430,0.2439,175.24,0.1277,0.1844,-0.122,-0.223,1.318,1.328,,,,
ICRF J141935.2-515458,214.89685506,-51.91626948,-0.0734,-0.4608,0.4666,189.05,0.3947,0.5683,0.051,0.172,0.819,0.832,,,,
ICRF J141946.5+542314,214.94415587,54.38744086,0.0571,-0.0949,0.1107,148.98,0.0392,0.0386,-0.062,0.137,2.879,2.860,130.0,30.0,18.98,18.98
ICRF J141946.6+382148,214.94422401,38.36346529,-0.0043,0.2292,0.2292,358.92,0.1767,0.2284,-0.044,0.207,1.030,1.004,197.0,174.0,18.08,161.92
ICRF J141949.7-192825,214.95724457,-19.47368560,-0.8723,-1.2898,1.5571,214.07,0.1205,0.2236,0.089,-0.229,9.195,9.256,,,,
ICRF J141959.2+270625,214.99707116,27.10709799,-0.0924,0.2893,0.3037,342.29,0.2430,0.3676,0.030,-0.634,0.797,0.874,,,,
ICRF J142000.3+372134,215.00142111,37.35962771,0.3884,-0.3012,0.4915,127.79,0.1633,0.2194,0.151,0.272,3.003,2.746,,,,
ICRF J142020.8+170329,215.08704648,17.05810423,0.1421,0.0440,0.1488,72.78,0.2877,0.2762,-0.097,-0.126,0.541,0.519,,,,
ICRF J142107.7-064356,215.28231503,-6.73232105,0.0562,0.0720,0.0913,37.94,0.2759,0.2856,0.161,0.086,0.309,0.324,,,,
ICRF J142114.0+282452,215.30856561,28.41466270,-0.6637,0.7018,0.9659,316.60,0.6504,1.0619,-0.542,-0.138,1.029,1.216,,,,
ICRF J142123.0+464547,215.34613712,46.76332974,0.9008,-1.8842,2.0885,154.45,0.1407,0.1629,-0.189,0.168,12.686,13.222,,,,
ICRF J142136.9-193118,215.40399214,-19.52190309,-0.0770,0.8915,0.8948,355.06,0.7201,0.6871,-0.266,-0.362,1.350,1.302,,,,
ICRF J142143.3-200143,215.43081354,-20.02885670,0.3058,0.3552,0.4687,40.73,0.3375,0.3677,0.191,0.078,1.221,1.324,,,,
ICRF J142230.3+322310,215.62657900,32.38623335,-0.0425,0.0232,0.0484,298.61,0.1237,0.1546,-0.286,0.343,0.362,0.375,135.0,15.0,16.39,163.61
ICRF J142237.1-230830,215.65460973,-23.14170447,-1.1025,0.4820,1.2033,293.61,0.6798,0.7732,-0.022,-0.198,1.657,1.738,,,,
ICRF J142242.4+041439,215.67704373,4.24420010,-0.3412,0.6055,0.6950,330.60,0.2339,0.4888,-0.517,-0.013,1.580,1.914,,,,
ICRF J142306.1+480210,215.77565266,48.03634595,0.4531,-0.3957,0.6015,131.13,0.2801,0.2820,0.027,0.086,2.221,2.141,,,,
ICRF J142314.1+505537,215.80910987,50.92702395,-1.9089,1.1417,2.2242,300.88,0.1883,0.2054,-0.258,0.003,10.945,11.563,,,,
ICRF J142330.1+115951,215.87541685,11.99756968,-2.4725,0.7061,2.5714,285.94,0.3461,0.5569,-0.335,-0.252,7.238,7.257,,,,
ICRF J142340.8-221817,215.92004251,-22.30486561,0.4587,-0.3770,0.5937,129.41,0.4365,0.4335,0.017,-0.094,1.317,1.364,,,,
ICRF J142343.5-782934,215.93145573,-78.49302769,-0.9035,0.5657,1.0660,302.05,0.5004,0.5879,-0.306,-0.013,1.887,2.046,,,,
ICRF J142409.5+043452,216.03958718,4.58113425,0.5276,-0.2816,0.5980,118.09,0.1784,0.2993,-0.457,0.013,2.958,3.104,,,,
ICRF J142416.0-140702,216.06681319,-14.11749835,-3.4539,2.0869,4.0354,301.14,2.4336,2.6379,-0.229,-0.333,1.459,1.625,,,,
ICRF J142437.0+470556,216.15449936,47.09908233,-0.0257,-0.0368,0.0449,214.96,0.2020,0.2403,0.126,0.028,0.192,0.199,,,,
ICRF J142440.5+263730,216.16886750,26.62513157,-5.2967,-5.8341,7.8799,222.24,13.4145,12.4137,0.125,-0.098,0.579,0.614,,,,
ICRF J142455.5+361536,216.23129822,36.26001150,-0.0207,0.4266,0.4271,357.22,0.3180,0.4522,-0.235,0.273,0.952,0.946,,,,
ICRF J142523.0-251306,216.34598904,-25.21860304,-0.2406,-0.8621,0.8950,195.59,0.3672,0.4683,-0.326,0.122,1.989,1.954,,,,
ICRF J142549.0+142456,216.45424172,14.41580607,0.0835,-0.0084,0.0840,95.76,0.1830,0.2125,-0.087,-0.292,0.466,0.458,,,,
ICRF J142637.0+362509,216.65453126,36.41932598,-0.4437,-0.7688,0.8877,209.99,0.2305,0.2815,0.073,0.280,2.995,3.342,,,,
ICRF J142700.3+234800,216.75163240,23.80001042,0.1533,-0.2210,0.2690,145.25,0.0499,0.0475,0.015,-0.036,5.604,5.573,144.0,22.0,1.25,1.25
ICRF J142735.6+263214,216.89836491,26.53737243,-0.6763,0.0843,0.6815,277.11,0.8551,0.9776,0.030,0.029,0.798,0.796,,,,
ICRF J142741.3-330531,216.92233801,-33.09208505,0.2598,0.4021,0.4787,32.87,0.1549,0.2559,0.009,-0.130,2.329,2.298,,,,
ICRF J142756.2-420619,216.98457319,-42.10539934,0.1899,0.1605,0.2487,49.80,0.0818,0.0696,0.007,0.075,3.173,3.272,,,,
ICRF J142828.5-155308,217.11878494,-15.88578866,0.1263,-0.1702,0.2120,143.41,0.4285,0.4423,-0.093,-0.188,0.456,0.485,,,,
ICRF J142831.7+272432,217.13234031,27.40895342,-19.5327,18.9575,27.2197,314.14,0.7036,0.8427,0.179,0.313,42.735,35.731,,,,
ICRF J142846.4+210336,217.19338625,21.06020985,-0.0621,-0.0667,0.0912,222.94,0.1813,0.2744,-0.110,-0.181,0.451,0.420,,,,
ICRF J142905.3+631604,217.27211244,63.26795942,-0.0769,0.0998,0.1260,322.37,0.2587,0.2675,-0.066,-0.046,0.465,0.477,,,,
ICRF J142921.8+540611,217.34116163,54.10308967,0.1324,-0.0933,0.1620,125.16,0.3129,0.3718,-0.154,0.116,0.515,0.492,,,,
ICRF J142934.4-205513,217.39359853,-20.92044403,-2.5218,-6.8996,7.3460,200.08,1.2442,1.3623,0.138,-0.424,6.660,5.455,,,,
ICRF J143009.7+104326,217.54057835,10.72412842,0.0563,-0.4015,0.4055,172.02,0.2042,0.2556,-0.120,-0.003,1.588,1.595,,,,
ICRF J143023.7+420436,217.59892348,42.07680307,1.0920,-0.8982,1.4139,129.44,0.7010,0.8132,0.127,0.039,1.948,1.910,,,,
ICRF J143031.3-000907,217.63042433,-0.15211572,0.1048,-0.0342,0.1103,108.09,0.7821,0.9162,0.027,-0.300,0.135,0.139,,,,
ICRF J143040.5+364903,217.66909872,36.81774688,-0.0664,-0.3461,0.3525,190.87,0.2380,0.2508,0.025,0.392,1.405,1.408,,,,
ICRF J143120.5+395241,217.83557652,39.87820246,-0.1555,1.0097,1.0216,351.24,0.1033,0.1596,0.062,0.340,6.630,6.503,,,,
ICRF J143125.8+244220,217.85785293,24.70575139,0.5088,-0.0852,0.5159,99.50,0.1801,0.2951,-0.381,0.097,2.916,2.840,,,,
ICRF J143239.8+361807,218.16595662,36.30220353,11.7792,37.1966,39.0171,17.57,1.1581,1.4169,-0.067,-0.026,28.419,28.154,,,,
ICRF J143257.6-180135,218.24037762,-18.02645800,-0.2487,0.4119,0.4812,328.88,0.2674,0.2595,-0.498,0.165,1.783,1.840,,,,
ICRF J143328.4-834108,218.36846985,-83.68575298,0.5561,-0.0041,0.5561,90.42,0.3702,0.4023,-0.121,0.224,1.508,1.502,,,,
ICRF J143405.6+420315,218.52372705,42.05444211,-0.2858,-0.5691,0.6369,206.66,0.5268,0.8220,-0.005,-0.084,0.916,0.880,,,,
ICRF J143421.1-114619,218.58806607,-11.77208644,-0.1723,0.1243,0.2124,305.82,0.1679,0.2246,-0.115,-0.101,1.122,1.166,,,,
ICRF J143439.7+195200,218.66580568,19.86687104,0.2150,-0.1029,0.2383,115.57,0.1311,0.1313,0.028,-0.195,1.717,1.818,,,,
ICRF J143539.9-041455,218.91626862,-4.24869440,81.4016,31.4476,87.2649,68.88,0.2718,0.4948,0.333,-0.122,301.361,306.122,,,,
ICRF J143640.9+232103,219.17075456,23.35090543,0.0905,-0.0321,0.0960,109.52,0.1536,0.2290,-0.195,-0.257,0.589,0.605,,,,
ICRF J143645.8+633637,219.19084233,63.61051843,1.2172,0.9422,1.5392,52.26,0.0586,0.0583,0.090,-0.020,25.781,26.314,232.0,6.0,0.26,179.74
ICRF J143708.9-294718,219.28737223,-29.78850764,-0.0099,-0.6031,0.6032,180.94,0.5118,1.1145,-0.418,-0.252,0.591,0.541,,,,
ICRF J143719.8+511249,219.33251834,51.21371358,0.4708,-0.1063,0.4827,102.72,0.2497,0.2744,0.150,0.159,2.007,1.925,,,,
ICRF J143809.4-220454,219.53945584,-22.08187457,-0.0768,0.2026,0.2166,339.25,0.1824,0.1476,0.014,0.031,1.447,1.436,,,,
ICRF J143810.7-312228,219.54494050,-31.37459076,0.4773,-0.1124,0.4904,103.25,0.2766,0.4445,0.012,-0.026,1.743,1.744,,,,
ICRF J143828.5+441812,219.61876880,44.30335340,-0.1507,0.6518,0.6690,346.98,0.2849,0.3207,0.408,0.153,2.394,2.100,,,,
ICRF J143844.7+621154,219.68659549,62.19845496,5.1459,-23.7621,24.3129,167.78,0.2729,0.2529,-0.384,-0.059,94.590,95.847,,,,
ICRF J143853.6+371035,219.72337906,37.17650464,-0.0754,-0.1841,0.1990,202.27,0.2688,0.2767,-0.003,0.295,0.676,0.722,,,,
ICRF J143920.5+371202,219.83574108,37.20078784,0.2428,-0.5122,0.5668,154.64,0.1063,0.1647,-0.075,0.289,3.772,3.859,,,,
ICRF J143923.6+325354,219.84856012,32.89856232,-0.5373,0.2518,0.5934,295.11,0.4352,0.5592,-0.126,0.462,1.280,1.314,,,,
ICRF J143946.9+495805,219.94573430,49.96818219,-0.1099,-0.1538,0.1890,215.54,0.1261,0.1439,0.051,0.126,1.329,1.379,,,,
ICRF J143956.8-153150,219.98696686,-15.53070964,0.0651,0.0259,0.0701,68.30,0.1851,0.2234,-0.028,0.162,0.365,0.371,,,,
ICRF J144017.9+055634,220.07493754,5.94280280,-1.1838,-4.4803,4.6341,194.80,0.7500,0.6940,-0.183,-0.050,6.748,6.646,,,,
ICRF J144033.6+012705,220.14019593,1.45144695,-0.7984,0.2676,0.8421,288.53,0.9147,1.0407,-0.448,0.218,0.947,0.910,,,,
ICRF J144059.4+015744,220.24789948,1.96226452,-0.0881,-0.0411,0.0972,245.01,0.2666,0.3419,-0.352,-0.127,0.381,0.352,,,,
ICRF J144115.0-391348,220.31287095,-39.23003749,18.6859,84.9562,86.9869,12.40,1.0797,1.8821,0.253,-0.295,48.476,48.342,,,,
ICRF J144119.8-330324,220.33288975,-33.05677752,0.1335,0.2414,0.2758,28.94,0.5421,0.5358,-0.110,0.091,0.503,0.513,,,,
ICRF J144123.9-345645,220.34987490,-34.94609446,-1.6042,8.4729,8.6234,349.28,0.2097,0.4819,-0.013,-0.044,19.078,19.174,,,,
ICRF J144200.1+323420,220.50057914,32.57230597,0.1827,-0.3433,0.3890,151.98,0.1927,0.2898,-0.069,0.398,1.660,1.518,,,,
ICRF J144212.2+062526,220.55099063,6.42392610,-0.0886,-0.5823,0.5890,188.65,0.4313,0.5365,-0.621,-0.156,1.209,1.105,,,,
ICRF J144302.7+520137,220.76150288,52.02702737,-0.9806,-0.1572,0.9931,260.89,0.1987,0.1924,-0.094,0.011,5.015,5.002,,,,
ICRF J144312.9-221516,220.80387443,-22.25461062,-0.2548,6.1348,6.1401,357.62,2.3883,2.1387,-0.136,-0.163,2.888,2.870,,,,
ICRF J144356.8+250144,220.98705085,25.02902520,-0.1615,0.1330,0.2092,309.47,0.0800,0.1072,-0.146,-0.460,2.064,2.368,280.0,18.0,29.47,29.47
ICRF J144358.6+633226,220.99416996,63.54065693,-0.3249,-0.4302,0.5391,217.06,0.1319,0.1446,-0.002,0.037,3.855,3.862,,,,
ICRF J144431.7+025753,221.13236126,2.96486545,0.4363,-0.2676,0.5118,121.53,0.2976,0.5417,-0.518,0.296,1.467,1.547,,,,
ICRF J144450.7+113156,221.21139899,11.53233051,-0.2726,-0.0391,0.2754,261.84,0.2405,0.3561,-0.310,0.167,1.166,1.139,,,,
ICRF J144458.3-085942,221.24295010,-8.99514476,0.5229,0.4920,0.7179,46.75,0.3795,0.3392,-0.219,-0.077,2.111,2.000,,,,
ICRF J144516.4+095836,221.31860521,9.97668687,0.0560,0.3996,0.4035,7.97,0.1194,0.1265,0.153,-0.046,3.189,3.193,,,,
ICRF J144544.2-244541,221.43421468,-24.76155339,0.1410,0.2943,0.3263,25.59,0.2224,0.3295,-0.009,0.098,1.077,1.095,,,,
ICRF J144553.3-162901,221.47240126,-16.48378309,0.5049,0.2048,0.5448,67.92,0.3480,0.3206,-0.225,-0.193,1.727,1.585,,,,
ICRF J144635.3+172107,221.64727625,17.35210582,0.0628,-0.1516,0.1641,157.50,0.2431,0.3759,-0.046,-0.156,0.451,0.479,,,,
ICRF J144815.0-162024,222.06272559,-16.34015246,0.0946,0.3167,0.3305,16.63,0.4357,0.4940,-0.496,-0.167,0.725,0.677,,,,
ICRF J144850.3+040219,222.20983795,4.03885887,1.5017,0.6325,1.6295,67.16,0.4796,0.5694,-0.079,0.022,3.307,3.322,,,,
ICRF J144851.1-112215,222.21316733,-11.37103717,0.5885,-0.2577,0.6424,113.65,0.1999,0.3246,0.400,-0.222,3.294,3.049,,,,
ICRF J144939.9-213924,222.41655943,-21.65687097,-3.5535,5.6642,6.6866,327.90,2.8549,4.0124,0.509,-0.852,1.442,1.882,,,,
ICRF J145031.1+091027,222.62987054,9.17443187,-2.4835,-1.0229,2.6859,247.61,1.8498,1.0167,-0.274,0.502,1.403,1.678,,,,
ICRF J145102.5-232931,222.76045606,-23.49197595,-1.3606,6.5772,6.7164,348.31,0.2319,0.5424,-0.030,-0.191,13.291,13.469,,,,
ICRF J145147.4-012735,222.94755124,-1.45980772,-0.3394,-0.1328,0.3644,248.63,0.1188,0.1931,-0.064,0.057,2.972,2.939,,,,
ICRF J145157.3+635719,222.98901000,63.95533373,-0.6611,-0.5417,0.8547,230.67,0.6768,0.5474,-0.079,-0.103,1.452,1.391,,,,
ICRF J145224.6+452223,223.10280957,45.37324166,0.4402,-0.2772,0.5202,122.20,0.1358,0.1692,-0.112,0.125,3.509,3.632,,,,
ICRF J145304.5-220429,223.26907332,-22.07480093,-1.6660,1.9563,2.5695,319.58,1.0019,0.9205,-0.327,-0.080,2.590,2.698,,,,
ICRF J145318.5+350539,223.32727188,35.09426759,-0.1430,-0.5021,0.5220,195.90,0.2211,0.2972,-0.010,0.266,1.736,1.809,,,,
ICRF J145344.2-252247,223.43424554,-25.37986182,0.1993,0.0186,0.2002,84.66,0.1941,0.3079,-0.353,-0.168,1.079,1.029,,,,
ICRF J145344.2+102557,223.43433809,10.43265633,-0.6250,0.4350,0.7615,304.84,0.3492,0.3451,-0.057,0.091,2.256,2.189,,,,
ICRF J145353.6+264833,223.47333605,26.80928046,0.3036,-0.9558,1.0029,162.38,0.2440,0.2664,-0.282,0.174,3.949,3.798,,,,
ICRF J145359.7+091543,223.49888370,9.26203571,0.9421,-0.2611,0.9776,105.49,0.3144,0.3269,-0.202,0.231,3.209,3.101,,,,
ICRF J145402.4-340057,223.51030556,-34.01589181,23.1516,0.4942,23.1569,88.78,7.4973,9.1005,0.080,-0.690,4.309,3.088,,,,
ICRF J145420.8+162424,223.58689606,16.40676973,-0.1119,-0.5525,0.5638,191.45,0.2634,0.3260,0.067,-0.087,1.772,1.747,,,,
ICRF J145427.4-374733,223.61420735,-37.79254023,0.3256,0.0418,0.3283,82.68,0.0965,0.0812,0.072,0.155,3.374,3.413,,,,
ICRF J145432.2+295558,223.63457450,29.93279342,-1.2974,-0.5214,1.3982,248.11,0.3279,0.4983,-0.414,0.269,4.078,4.093,,,,
ICRF J145432.9-401232,223.63713490,-40.20903177,-0.3600,0.0085,0.3601,271.35,0.2576,0.2244,0.064,-0.012,1.398,1.398,,,,
ICRF J145446.6-250512,223.69457922,-25.08680268,0.6243,-0.4542,0.7721,126.04,0.4370,0.4019,-0.318,0.147,1.886,1.822,,,,
ICRF J145502.8-170013,223.76171107,-17.00387592,-1.9902,-1.4837,2.4824,233.30,2.6971,5.0961,-0.181,-0.770,1.520,0.793,,,,
ICRF J145531.8+213139,223.88269290,21.52754864,1.2755,2.2631,2.5978,29.41,4.7545,8.1781,-0.226,0.305,0.337,0.385,,,,
ICRF J145554.1+443137,223.97556582,44.52712631,-0.0238,-0.0842,0.0875,195.77,0.2104,0.2503,-0.268,0.101,0.361,0.355,,,,
ICRF J145641.3-061743,224.17246940,-6.29533444,-0.4038,0.2020,0.4515,296.58,0.1737,0.1524,0.269,-0.146,2.765,2.676,,,,
ICRF J145726.7-353909,224.36129881,-35.65276989,-0.5887,0.1660,0.6117,285.75,0.2740,0.2381,0.165,-0.276,2.191,2.259,,,,
ICRF J145738.1+074954,224.40886956,7.83186530,0.6441,0.9031,1.1092,35.50,0.8908,0.8543,-0.054,-0.424,1.584,1.281,,,,
ICRF J145757.3+343950,224.48876231,34.66399603,0.1927,0.0537,0.2000,74.42,0.3317,0.4233,-0.221,0.258,0.620,0.595,,,,
ICRF J145844.7+372021,224.68664354,37.33933960,-0.0797,-0.2189,0.2329,200.00,0.1260,0.1743,-0.161,0.143,1.441,1.406,,,,
ICRF J145859.3+041613,224.74731756,4.27050567,-0.7885,0.7467,1.0860,313.44,0.3489,0.3615,-0.136,-0.259,2.734,3.062,,,,
ICRF J145907.5+714019,224.78159962,71.67218522,0.3250,-1.0348,1.0846,162.56,0.0571,0.0569,-0.146,-0.083,18.556,19.044,167.0,36.0,4.44,4.44
ICRF J145915.7-365547,224.81568249,-36.92998325,-3.6134,1.0232,3.7555,285.81,0.3864,0.7800,-0.298,0.174,9.356,9.442,,,,
ICRF J145935.4+444207,224.89774206,44.70219999,-0.0601,-0.1861,0.1956,197.91,0.2911,0.3340,-0.082,-0.038,0.603,0.594,,,,
ICRF J150048.6+475115,225.20272597,47.85431615,0.2306,0.1053,0.2535,65.47,0.1093,0.1121,-0.018,0.172,2.202,2.310,,,,
ICRF J150225.0-150852,225.60423930,-15.14792222,-0.3720,0.4178,0.5594,318.31,0.4184,0.4093,-0.299,0.103,1.372,1.354,,,,
ICRF J150328.8+041948,225.87036552,4.33027570,-0.4452,-0.0496,0.4479,263.64,0.1657,0.2346,-0.236,0.072,2.723,2.695,,,,
ICRF J150407.2+040709,226.03030058,4.11929272,0.0443,-0.3384,0.3413,172.54,0.1868,0.2830,-0.222,-0.024,1.197,1.219,,,,
ICRF J150407.5-024816,226.03132904,-2.80461757,-87.3832,19.3241,89.4944,282.47,14.8286,14.6968,-0.515,-0.292,5.908,6.038,,,,
ICRF J150424.9+102939,226.10408243,10.49422181,-0.0028,-0.0154,0.0157,190.24,0.0910,0.0969,-0.074,0.142,0.160,0.162,102.0,26.0,88.24,88.24
ICRF J150426.6+285430,226.11123575,28.90848402,0.0553,0.0961,0.1109,29.93,0.1031,0.1645,-0.160,0.193,0.814,0.793,,,,
ICRF J150502.3-343256,226.25987646,-34.54911666,-0.0537,-0.9412,0.9428,183.26,0.6652,0.7362,-0.198,0.083,1.279,1.281,,,,
ICRF J150506.4+032630,226.27698817,3.44189238,0.4417,0.0096,0.4418,88.75,0.3024,0.2616,-0.023,0.085,1.463,1.461,299.0,12.0,30.25,149.75
ICRF J150603.0-091912,226.51264230,-9.32001568,-5.2197,-6.8810,8.6368,217.18,0.5937,0.8170,0.328,-0.565,12.330,12.175,,,,
ICRF J150624.7+831928,226.60297988,83.32445442,-0.3467,-0.6940,0.7758,206.55,0.2748,0.2556,0.064,-0.151,3.146,2.994,,,,
ICRF J150653.0+423923,226.72100770,42.65639874,-0.1993,0.3070,0.3660,327.01,0.2680,0.3457,-0.015,0.277,1.344,1.158,,,,
ICRF J150704.7-165230,226.76994568,-16.87507421,-3.1217,0.4141,3.1490,277.56,1.6247,0.8100,-0.213,0.418,2.402,1.988,201.0,20.0,76.56,76.56
ICRF J150711.6+511716,226.79839830,51.28801729,-0.1361,0.2216,0.2600,328.44,0.3524,0.3881,-0.035,0.037,0.696,0.689,,,,
ICRF J150721.7+123629,226.84065872,12.60807667,1.3567,-1.6975,2.1730,141.37,0.2836,0.3270,0.004,0.058,7.197,7.058,,,,
ICRF J150759.7+041511,226.99888513,4.25332910,0.3704,0.2972,0.4749,51.26,0.2204,0.3006,0.032,-0.112,1.995,1.950,,,,
ICRF J150835.7-154831,227.14875667,-15.80875880,3.3454,-0.6769,3.4132,101.44,1.4320,1.4685,-0.378,-0.348,2.363,2.381,,,,
ICRF J150838.9-495302,227.16226947,-49.88397531,0.2364,0.3800,0.4475,31.89,0.2740,0.3298,-0.310,-0.079,1.659,1.439,,,,
ICRF J150852.9-303629,227.22080484,-30.60817522,0.5605,-0.5257,0.7684,133.17,0.4416,0.5290,-0.071,-0.243,1.494,1.612,,,,
ICRF J150910.1+161127,227.29213271,16.19103762,-0.1138,0.4036,0.4194,344.26,0.2586,0.3711,-0.112,-0.034,1.151,1.173,,,,
ICRF J151002.9+570243,227.51217656,57.04538220,-0.2717,-0.6080,0.6660,204.07,0.6231,0.5047,0.138,0.264,1.211,1.281,,,,
ICRF J151041.6-245159,227.67361005,-24.86637912,71.7235,-99.7092,122.8258,144.27,8.7731,25.9893,-0.929,0.441,8.616,9.031,,,,
ICRF J151053.5-054307,227.72329760,-5.71872708,0.6920,-0.0514,0.6939,94.25,0.0996,0.0878,-0.041,-0.055,6.954,6.975,82.0,20.0,12.25,12.25
ICRF J151141.2+051809,227.92194324,5.30257197,5.5403,-10.7900,12.1293,152.82,0.3280,0.3898,-0.014,0.000,32.406,32.427,89.0,3.0,63.82,63.82
ICRF J151150.4-324257,227.96001238,-32.71605288,-0.0682,0.2315,0.2413,343.60,0.2016,0.4585,-0.045,0.014,0.598,0.608,,,,
ICRF J151215.7+020316,228.06559062,2.05471644,0.0492,-0.2173,0.2228,167.23,0.1357,0.2234,-0.201,0.067,1.004,1.038,,,,
ICRF J151250.5-090559,228.21055388,-9.09995272,0.0069,0.1500,0.1501,2.63,0.0578,0.0526,0.008,-0.021,2.853,2.852,324.0,43.0,38.63,38.63
ICRF J151321.7-320932,228.34073854,-32.15908132,-0.3199,0.1825,0.3683,299.70,0.2314,0.3490,-0.469,-0.115,1.389,1.478,,,,
ICRF J151330.6-422156,228.37759169,-42.36558481,0.7874,-0.3569,0.8645,114.38,3.5129,1.3056,0.096,-0.544,0.297,0.354,,,,
ICRF J151344.8-101200,228.43705596,-10.20007357,-0.1292,0.1159,0.1735,311.91,0.1271,0.1055,-0.053,0.095,1.560,1.496,,,,
ICRF J151434.7+025248,228.64472698,2.88014143,0.1302,-0.1065,0.1682,129.28,0.2143,0.2740,0.046,0.056,0.738,0.721,,,,
ICRF J151440.0-474829,228.66676918,-47.80829379,0.0138,0.2140,0.2144,3.69,0.1897,0.2718,0.442,-0.105,0.796,0.791,,,,
ICRF J151440.8-361704,228.67030802,-36.28468768,-1.9621,0.7717,2.1084,291.47,1.1218,0.7095,-0.046,-0.007,2.050,2.060,,,,
ICRF J151443.0+365050,228.67945118,36.84732129,0.0623,-0.5439,0.5475,173.46,0.4660,0.6244,-0.321,0.135,0.884,0.881,,,,
ICRF J151640.2+001501,229.16757940,0.25053030,-1.3266,2.8809,3.1716,335.27,0.1323,0.1452,-0.209,0.036,21.941,22.233,332.0,7.0,3.27,3.27
ICRF J151656.7+193212,229.23665069,19.53694221,-0.1691,0.3821,0.4178,336.13,0.1195,0.1396,-0.072,-0.027,3.046,3.082,333.0,36.0,3.13,3.13
ICRF J151726.6-261818,229.36092648,-26.30527180,0.1859,-0.0982,0.2102,117.84,0.5070,0.4828,-0.463,-0.126,0.394,0.419,,,,
ICRF J151741.8-242219,229.42422140,-24.37207669,0.4837,-0.6943,0.8462,145.14,0.0449,0.0507,-0.257,-0.127,15.933,17.435,168.0,12.0,22.86,22.86
ICRF J151942.5-241152,229.92743680,-24.19795689,0.1460,0.5538,0.5727,14.77,0.9854,0.5901,-0.096,-0.080,0.968,0.950,,,,
ICRF J151944.7-115144,229.93660002,-11.86236853,-0.1457,0.6305,0.6471,346.99,3.3734,2.1259,-0.089,0.865,0.654,0.300,,,,
ICRF J152037.0+160126,230.15442117,16.02406432,0.1391,0.2213,0.2614,32.15,0.1949,0.3407,-0.064,0.143,0.987,0.965,,,,
ICRF J152040.4-384532,230.16868265,-38.75899660,-1.1252,2.9274,3.1362,338.98,1.4550,2.9320,-0.778,-0.416,0.998,1.263,,,,
ICRF J152047.6+722505,230.19850323,72.41821423,-0.3446,-0.0635,0.3504,259.56,0.7401,0.8638,-0.054,0.092,0.476,0.471,,,,
ICRF J152102.7+785830,230.26165832,78.97507232,-0.7003,-0.3655,0.7900,242.44,0.2160,0.1988,-0.007,-0.099,3.829,3.728,,,,
ICRF J152117.5+175601,230.32324563,17.93362976,2.0211,-1.0506,2.2779,117.47,0.2585,0.4276,-0.289,-0.198,7.830,8.196,,,,
ICRF J152122.5+042030,230.34393166,4.34170466,6.3196,57.7765,58.1211,6.24,6.7820,8.7738,0.049,-0.289,7.219,6.651,,,,
ICRF J152149.6+433639,230.45672449,43.61090782,0.1746,-0.0358,0.1783,101.58,0.1482,0.1614,-0.042,0.079,1.218,1.199,,,,
ICRF J152209.9+314414,230.54163222,31.73732832,0.2375,0.3680,0.4380,32.84,0.1351,0.1612,-0.056,0.323,2.541,2.882,8.0,134.0,24.84,24.84
ICRF J152237.6-273010,230.65698331,-27.50299598,-0.2720,-0.0632,0.2792,256.91,0.2239,0.1671,-0.027,-0.122,1.324,1.272,280.0,32.0,23.09,23.09
ICRF J152258.9+664506,230.74558424,66.75187203,0.4123,0.5895,0.7194,34.97,0.9373,0.7915,0.347,-0.057,0.772,0.865,,,,
ICRF J152354.0-333845,230.97516578,-33.64589912,0.9602,-1.3854,1.6856,145.27,0.5424,1.3710,-0.581,-0.130,1.771,2.038,,,,
ICRF J152433.4-301221,231.13922621,-30.20592988,-5.9259,-19.3920,20.2773,196.99,0.8734,0.7986,0.086,0.021,25.054,25.214,,,,
ICRF J152441.6+152121,231.17338117,15.35584737,0.0844,-0.6189,0.6246,172.23,0.1340,0.1625,-0.177,0.153,3.859,3.860,,,,
ICRF J152502.9+110744,231.26222596,11.12890646,1.1754,-0.0078,1.1754,90.38,0.4000,0.3100,0.087,0.231,3.002,2.939,,,,
ICRF J152615.0-042510,231.56256108,-4.41946050,0.2441,-0.4045,0.4724,148.89,0.2177,0.3153,-0.054,-0.026,1.672,1.704,,,,
ICRF J152625.1-172557,231.60465805,-17.43274557,-0.0746,-0.0147,0.0760,258.88,0.3144,0.3936,0.065,-0.505,0.244,0.240,,,,
ICRF J152642.8+665054,231.67864261,66.84851168,1.8796,1.2367,2.2500,56.66,0.1163,0.1268,0.160,0.045,18.020,18.874,,,,
ICRF J152659.4-135100,231.74767808,-13.85007343,-2.0789,7.1699,7.4652,343.83,0.4582,0.6738,-0.413,-0.238,10.766,11.568,,,,
ICRF J152718.7+311524,231.82807067,31.25677356,0.7505,-0.2085,0.7789,105.53,0.1309,0.1854,-0.143,0.273,5.894,5.844,,,,
ICRF J152914.5+693459,232.31079091,69.58316443,0.1708,0.0402,0.1755,76.76,0.2996,0.2386,0.104,-0.035,0.582,0.595,,,,
ICRF J153016.2+375831,232.56771736,37.97532404,-38.6252,74.6385,84.0405,332.64,6.7554,7.0581,-0.203,0.321,14.297,12.022,,,,
ICRF J153028.8-195039,232.62026654,-19.84422020,-4.5749,2.2144,5.0826,295.83,3.9811,5.8240,-0.651,-0.645,1.243,1.210,,,,
ICRF J153036.3+235236,232.65134164,23.87686634,-4.4195,-2.6445,5.1503,239.11,5.8834,3.6404,0.248,0.112,0.936,1.045,,,,
ICRF J153133.5+720641,232.88991081,72.11145222,-0.3086,0.0138,0.3089,272.55,0.1346,0.1234,-0.176,0.085,2.292,2.295,,,,
ICRF J153202.5-271637,233.01071511,-27.27719941,0.4791,0.5266,0.7119,42.30,0.1960,0.2640,-0.391,0.019,3.467,3.155,,,,
ICRF J153231.5-231032,233.13136812,-23.17568436,-0.8543,1.1637,1.4437,323.72,0.8283,0.5748,0.123,-0.103,2.250,2.272,,,,
ICRF J153246.3+234405,233.19310505,23.73479666,0.0814,-0.3285,0.3384,166.08,0.2614,0.3316,-0.037,0.251,1.112,1.038,,,,
ICRF J153314.2-042116,233.30918876,-4.35461959,0.8415,-0.5444,1.0023,122.90,0.4596,0.5041,-0.102,-0.348,1.904,2.126,,,,
ICRF J153334.4-683719,233.39370128,-68.62212556,-1.1701,-0.5946,1.3125,243.06,1.0592,0.6130,-0.313,0.297,1.360,1.470,,,,
ICRF J153422.8-224357,233.59500530,-22.73267509,-0.2878,1.2210,1.2545,346.74,0.2883,0.4859,0.094,0.039,2.771,2.704,,,,
ICRF J153452.4+013104,233.71855701,1.51783514,0.0968,-0.2842,0.3003,161.20,0.2522,0.2449,-0.056,-0.093,1.194,1.222,122.0,30.0,39.20,39.20
ICRF J153454.6-352623,233.72786493,-35.43986036,-0.0899,-0.2001,0.2194,204.20,0.2541,0.2697,0.154,-0.025,0.810,0.822,,,,
ICRF J153514.6+483659,233.81105542,48.61658195,0.3949,-0.1247,0.4141,107.53,0.1550,0.1737,-0.108,0.007,2.593,2.646,,,,
ICRF J153552.0+495739,233.96682939,49.96085531,-0.0021,-0.1356,0.1356,180.88,0.1441,0.1704,-0.294,0.012,0.807,0.796,,,,
ICRF J153613.8+383328,234.05769235,38.55794602,0.4664,0.5214,0.6995,41.81,0.3197,0.3559,-0.046,0.291,1.876,2.067,,,,
ICRF J153654.4-315115,234.22707596,-31.85420413,0.3522,0.1496,0.3827,66.98,0.4595,0.4988,-0.283,-0.149,0.878,0.823,,,,
ICRF J153714.5+230040,234.31042038,23.01125318,-0.4440,0.1141,0.4584,284.42,0.1718,0.2784,0.034,0.276,2.659,2.617,,,,
ICRF J153717.5-125942,234.32314760,-12.99523773,-3.0094,0.4700,3.0458,278.88,0.4779,0.3831,-0.253,-0.030,6.356,6.416,,,,
ICRF J153741.5-152712,234.42322130,-15.45347203,-0.0786,0.5915,0.5967,352.43,0.1570,0.2276,-0.216,-0.061,2.605,2.647,,,,
ICRF J153811.9-652551,234.54964685,-65.43088780,1.7742,3.0470,3.5259,30.21,1.5086,2.2832,0.685,0.363,1.478,1.779,,,,
ICRF J153905.2+053438,234.77169205,5.57734271,0.3427,-0.3253,0.4725,133.50,0.2345,0.3633,0.027,0.155,1.751,1.714,,,,
ICRF J153910.1+043051,234.79210410,4.51423037,-1.3231,0.4399,1.3943,288.39,0.5544,0.5426,-0.160,-0.204,2.412,2.521,,,,
ICRF J153925.0+160400,234.85457950,16.06676116,-0.3597,-0.2132,0.4182,239.34,0.2258,0.2727,0.016,0.212,1.695,1.774,,,,
ICRF J153934.8+473531,234.89504344,47.59201781,-0.6751,-0.2838,0.7323,247.20,0.2251,0.2793,0.059,0.104,3.115,3.167,,,,
ICRF J153939.1+274438,234.91307141,27.74394760,0.8243,0.7050,1.0847,49.46,0.4335,0.4289,-0.272,0.818,1.957,2.513,142.0,16.0,87.46,92.54
ICRF J154003.1-082325,235.01313519,-8.39041733,-0.4629,0.4509,0.6462,314.25,0.3880,0.6957,-0.010,0.045,1.355,1.358,,,,
ICRF J154015.8+815505,235.06615728,81.91827373,1.8546,-2.7542,3.3204,146.04,5.0981,3.2511,-0.470,-0.066,0.848,0.922,,,,
ICRF J154034.5-390617,235.14396275,-39.10492733,7.6115,11.3603,13.6744,33.82,1.9445,1.5321,0.120,-0.457,10.463,8.385,,,,
ICRF J154049.4+144745,235.20621466,14.79607908,-4.7958,4.8720,6.8364,315.45,0.1679,0.1371,-0.143,0.149,48.960,45.596,324.0,11.0,8.55,8.55
ICRF J154202.8-163430,235.51199379,-16.57520145,0.1808,-0.5980,0.6247,163.18,0.3021,0.4588,-0.142,-0.176,1.369,1.434,,,,
ICRF J154207.4-092743,235.53110986,-9.46200244,51.2681,134.7775,144.1992,20.83,17.4591,14.8140,-0.493,-0.000,12.463,9.560,,,,
ICRF J154256.9+612955,235.73726537,61.49870737,-0.0439,0.0253,0.0506,300.00,0.1430,0.1221,0.004,0.140,0.371,0.370,134.0,16.0,14.00,166.00
ICRF J154301.6-075706,235.75702895,-7.95184427,1.2394,2.8183,3.0788,23.74,15.8636,12.2323,0.453,-0.040,0.246,0.243,,,,
ICRF J154333.9+045219,235.89135731,4.87203318,-0.2040,-3.1511,3.1577,183.70,0.2077,0.3472,-0.229,0.036,9.382,9.130,181.0,2.0,2.70,2.70
ICRF J154343.8+184719,235.93251886,18.78882663,0.4364,0.0634,0.4409,81.74,0.3161,0.4740,-0.427,0.398,1.453,1.387,,,,
ICRF J154405.6+324048,236.02356946,32.68008891,0.0142,0.3603,0.3606,2.25,0.1446,0.2274,-0.034,0.153,1.590,1.587,,,,
ICRF J154414.1-231201,236.05907596,-23.20037310,-1.2225,0.6481,1.3837,297.93,0.9580,0.5562,-0.096,0.173,1.873,1.728,,,,
ICRF J154459.4+040746,236.24761367,4.12954335,0.1243,-0.1608,0.2032,142.28,0.1903,0.2904,-0.157,0.078,0.821,0.856,,,,
ICRF J154502.8+513500,236.26176537,51.58357586,0.0009,0.6192,0.6192,0.08,0.1367,0.1809,-0.192,-0.033,3.470,3.423,,,,
ICRF J154543.8+540042,236.43260783,54.01187742,0.0429,0.0266,0.0505,58.21,0.3030,0.3059,-0.128,-0.050,0.171,0.166,,,,
ICRF J154741.2-094333,236.92202397,-9.72583353,-0.5094,0.5981,0.7856,319.57,0.4260,0.3962,-0.304,-0.365,1.679,1.926,,,,
ICRF J154743.5+205216,236.93140737,20.87128163,-0.3702,-0.1805,0.4119,244.01,0.2151,0.4984,0.137,0.182,1.726,1.759,,,,
ICRF J154830.3-640134,237.12665098,-64.02633343,0.4399,-0.9103,1.0110,154.21,0.4418,0.5560,0.563,0.276,2.586,1.916,,,,
ICRF J154917.4+503805,237.32278566,50.63494113,-0.1567,-0.0402,0.1618,255.62,0.1273,0.1388,0.021,0.161,1.236,1.264,,,,
ICRF J154929.4+023701,237.37265353,2.61698979,0.1139,-0.0011,0.1139,90.55,0.0849,0.0691,-0.004,0.101,1.348,1.342,191.0,47.0,79.55,100.45
ICRF J155029.8-053811,237.62436457,-5.63639359,-0.3184,-0.1031,0.3347,252.05,0.2500,0.2404,-0.073,0.070,1.340,1.344,,,,
ICRF J155035.2+052710,237.64695518,5.45290232,0.2010,0.2732,0.3392,36.34,0.1744,0.1460,-0.051,0.097,2.116,2.198,349.0,12.0,47.34,47.34
ICRF J155043.5+112047,237.68164492,11.34651530,0.0818,-0.3106,0.3211,165.25,0.1270,0.2331,-0.465,0.035,1.337,1.480,,,,
ICRF J155056.5-200415,237.73558222,-20.07091469,-0.4698,0.3101,0.5629,303.43,0.4455,0.3998,0.061,0.097,1.355,1.309,,,,
ICRF J155059.1-825806,237.74642680,-82.96856815,1.8056,-1.2297,2.1846,124.26,0.8616,0.7206,-0.115,-0.148,2.531,2.702,,,,
ICRF J155114.5-175502,237.81082629,-17.91731270,0.2047,-0.6943,0.7238,163.57,0.2320,0.3255,-0.017,0.099,2.320,2.308,,,,
ICRF J155158.2+580644,237.99253265,58.11234849,-0.0307,0.1406,0.1440,347.67,0.1309,0.1271,-0.049,0.072,1.124,1.131,173.0,16.0,5.33,174.67
ICRF J155203.2+085047,238.01359012,8.84648203,0.0290,0.1732,0.1756,9.52,0.1756,0.3080,-0.116,-0.090,0.607,0.586,220.0,16.0,30.48,149.52
ICRF J155331.6-242206,238.38178256,-24.36834335,0.2321,0.1253,0.2638,61.64,0.1437,0.1403,-0.017,-0.148,1.912,1.845,,,,
ICRF J155332.6+125651,238.38624112,12.94769859,0.0987,-0.4303,0.4414,167.08,0.1245,0.2119,-0.271,0.155,2.080,2.180,3.0,28.0,15.92,164.08
ICRF J155402.4-270440,238.51029075,-27.07784266,-0.0011,-0.3256,0.3256,180.20,0.2602,0.2291,-0.059,-0.129,1.427,1.421,,,,
ICRF J155429.3+300118,238.62249131,30.02193963,-0.7339,-0.0853,0.7388,263.37,0.9641,1.1716,-0.312,0.280,0.828,0.765,,,,
ICRF J155518.1-415031,238.82549166,-41.84213736,-0.0528,0.0042,0.0530,274.55,0.5071,0.6891,0.021,-0.141,0.104,0.104,,,,
ICRF J155543.0+111124,238.92935009,11.19010175,0.1104,-0.3693,0.3855,163.36,0.1019,0.1909,-0.333,-0.078,1.991,2.217,85.0,78.0,78.36,78.36
ICRF J155602.9+742058,239.01246049,74.34948358,-0.3361,-1.6465,1.6805,191.54,2.3441,1.7347,-0.073,-0.030,0.965,0.960,,,,
ICRF J155658.8-791404,239.24529081,-79.23452270,29.4111,2.4435,29.5124,85.25,0.4320,0.4529,0.279,0.057,68.092,68.298,,,,
ICRF J155704.3-272445,239.26807796,-27.41270992,-0.0836,-0.1166,0.1434,215.63,0.2362,0.3010,-0.116,0.010,0.545,0.525,,,,
ICRF J155718.9+452221,239.32916521,45.37264927,2.1947,-0.0379,2.1950,90.99,0.7653,0.8430,-0.058,0.138,2.898,2.868,,,,
ICRF J155751.4-000150,239.46430821,-0.03067050,-0.0766,-0.1884,0.2034,202.13,0.3906,0.2919,-0.083,0.031,0.669,0.675,,,,
ICRF J155752.7+025327,239.46984713,2.89107848,-0.0536,0.6851,0.6871,355.53,0.3611,0.4362,-0.186,-0.143,1.573,1.578,,,,
ICRF J155848.2+562514,239.70120385,56.42058865,0.2624,-0.0283,0.2639,96.16,0.1554,0.1530,-0.077,0.047,1.691,1.699,129.0,4.0,32.84,32.84
ICRF J155850.2-643229,239.70951814,-64.54156591,-2.8347,8.5503,9.0079,341.66,0.1143,0.1845,0.022,0.085,53.223,52.559,,,,
ICRF J155855.1+332318,239.72994280,33.38850173,0.0509,0.3407,0.3444,8.49,0.1566,0.2531,0.049,0.150,1.370,1.385,,,,
ICRF J155901.7+592421,239.75709138,59.40606506,25.8588,7.8375,27.0204,73.14,1.2192,1.2599,-0.019,-0.127,22.978,22.103,,,,
ICRF J155930.9+030448,239.87905258,3.08007131,-0.2376,1.0218,1.0490,346.91,0.6289,0.6831,-0.064,-0.399,1.514,1.543,,,,
ICRF J155941.4-244238,239.92253784,-24.71078673,0.3245,0.3300,0.4629,44.52,0.2233,0.1587,-0.200,0.068,2.589,2.538,,,,
ICRF J155949.6-053122,239.95684267,-5.52293503,0.3272,0.0986,0.3418,73.23,0.1984,0.2947,0.065,0.048,1.667,1.683,,,,
ICRF J160012.3-581102,240.05157088,-58.18415838,1.0416,3.2267,3.3907,17.89,4.4750,2.4364,0.645,-0.139,1.545,1.345,,,,
ICRF J160056.4-072205,240.23531910,-7.36811717,0.2185,0.2166,0.3076,45.24,0.1051,0.1820,0.119,-0.129,2.321,2.395,,,,
ICRF J160154.5+135710,240.47723799,13.95298961,12.1753,-23.3282,26.3143,152.44,0.2008,0.3384,-0.233,0.233,85.458,91.813,,,,
ICRF J160213.8+241837,240.55766062,24.31049831,-5.2435,1.5400,5.4650,286.37,0.2413,0.3445,-0.300,0.405,21.772,22.184,,,,
ICRF J160316.5-293355,240.81904767,-29.56539560,-1.7593,0.3370,1.7913,280.84,0.8665,0.8304,-0.206,-0.651,2.257,2.070,,,,
ICRF J160318.6+694557,240.82758962,69.76595636,1.2435,0.0824,1.2462,86.21,0.1653,0.1453,-0.157,0.029,7.695,7.546,,,,
ICRF J160318.7-100721,240.82824267,-10.12258189,0.0661,-0.4675,0.4722,171.95,0.2269,0.3502,0.069,-0.033,1.378,1.366,,,,
ICRF J160332.0+171155,240.88368056,17.19869719,39.9513,15.2502,42.7630,69.11,8.1954,8.2739,-0.370,0.075,5.096,5.212,,,,
ICRF J160341.9+110548,240.92471356,11.09685531,0.1798,0.0878,0.2001,63.97,0.0931,0.0752,0.128,0.484,2.000,2.256,,,,
ICRF J160355.9+573054,240.98304771,57.51511457,-0.3923,0.8138,0.9034,334.26,0.1190,0.1293,-0.161,0.009,6.760,7.105,162.0,7.0,7.74,172.26
ICRF J160431.0-444131,241.12925312,-44.69221485,1.6338,0.2625,1.6547,80.87,0.8252,0.7046,0.114,-0.338,2.126,2.015,,,,
ICRF J160437.3+571436,241.15564432,57.24351687,-0.0428,0.0003,0.0428,270.39,0.1045,0.1202,-0.015,0.121,0.410,0.410,270.0,47.0,0.39,0.39
ICRF J160517.5-113926,241.32304857,-11.65745309,0.2050,0.8769,0.9006,13.16,0.3989,0.2362,-0.007,-0.010,3.754,3.749,,,,
ICRF J160533.0+300129,241.38770021,30.02491744,-0.1499,-0.3579,0.3880,202.72,0.3181,0.3723,-0.103,0.177,1.024,1.071,,,,
ICRF J160616.0+181459,241.56678255,18.24994998,0.7434,-1.8284,1.9738,157.87,0.2635,0.3226,-0.402,0.189,6.377,6.331,,,,
ICRF J160623.5+540555,241.59819148,54.09882301,1.1426,-0.7409,1.3618,122.96,0.9203,0.6328,-0.492,0.101,1.400,1.707,,,,
ICRF J160649.7-192908,241.70729640,-19.48579193,-0.2153,-0.6412,0.6764,198.56,0.4975,0.5125,-0.325,0.248,1.315,1.324,,,,
ICRF J160658.3+271705,241.74291808,27.28488427,0.0926,0.1638,0.1882,29.47,0.1224,0.1872,-0.293,0.237,1.251,1.157,,,,
ICRF J160706.4+155134,241.77679359,15.85957933,2.1957,0.9017,2.3736,67.67,0.2323,0.2411,-0.217,0.230,9.825,10.165,61.0,6.0,6.67,6.67
ICRF J160723.3+850151,241.84734388,85.03083395,0.0827,0.8452,0.8493,5.59,0.1361,0.1279,-0.052,-0.192,6.727,6.634,,,,
ICRF J160734.7-333108,241.89484312,-33.51914263,0.0893,0.3885,0.3987,12.94,0.2793,0.1710,-0.316,-0.142,2.371,2.294,,,,
ICRF J160756.9-203942,241.98719548,-20.66176980,0.2744,1.9897,2.0085,7.85,0.3202,0.3982,-0.086,-0.043,5.137,5.070,,,,
ICRF J160820.5+601828,242.08559328,60.30783298,0.0842,0.3270,0.3377,14.43,0.4884,0.5691,0.029,0.101,0.595,0.600,,,,
ICRF J160820.7+561356,242.08646872,56.23232469,0.0432,-0.3051,0.3081,171.93,0.1351,0.1631,-0.067,-0.142,1.876,1.897,,,,
ICRF J160822.1+401217,242.09232372,40.20495375,0.6027,1.2883,1.4223,25.07,0.9808,0.9160,-0.387,0.270,1.430,1.535,,,,
ICRF J160846.2+102907,242.19251328,10.48549326,-0.1144,-0.2008,0.2311,209.67,0.1148,0.1016,-0.005,0.316,2.025,2.213,305.0,46.0,84.67,95.33
ICRF J160934.9-220546,242.39555318,-22.09627907,-0.7161,0.8697,1.1265,320.53,0.3239,0.6929,-0.511,-0.282,2.221,2.542,,,,
ICRF J161005.2+181143,242.52202391,18.19539407,-0.4440,-0.8495,0.9585,207.60,0.4937,0.9003,-0.643,0.341,2.084,1.303,,,,
ICRF J161021.8-395858,242.59116288,-39.98286929,0.3375,0.4049,0.5271,39.82,0.3581,0.2643,-0.016,-0.149,1.898,1.799,,,,
ICRF J161042.0+241449,242.67511157,24.24694766,0.0872,-0.1075,0.1384,140.96,0.1711,0.1728,-0.073,0.430,1.032,0.804,,,,
ICRF J161050.6+780900,242.71085289,78.15015053,0.2577,-0.3096,0.4028,140.23,0.2637,0.2769,-0.206,-0.225,1.347,1.485,,,,
ICRF J161149.0+185638,242.95436476,18.94391873,-0.0373,0.1762,0.1801,348.07,0.2773,0.2817,-0.260,0.172,0.655,0.640,,,,
ICRF J161341.0+341247,243.42110101,34.21330801,0.1584,-0.4313,0.4595,159.83,0.0561,0.0661,0.007,0.127,7.393,7.114,164.0,95.0,4.17,4.17
ICRF J161343.5-275056,243.43136113,-27.84912688,0.3441,-0.4160,0.5399,140.40,0.7845,0.8440,0.534,-0.308,0.889,0.660,,,,
ICRF J161446.9+374607,243.69565887,37.76868852,0.0944,0.9561,0.9607,5.64,0.2381,0.3811,0.192,0.045,2.510,2.540,,,,
ICRF J161531.0+213011,243.87955754,21.50307972,-0.3394,-0.3890,0.5162,221.11,0.2418,0.3772,-0.058,0.162,1.658,1.742,,,,
ICRF J161603.7+463225,244.01569478,46.54034442,0.0946,-0.0058,0.0948,93.48,0.2623,0.2869,-0.201,0.269,0.368,0.361,,,,
ICRF J161630.6-710831,244.12767293,-71.14207061,0.1574,0.0426,0.1630,74.86,0.1990,0.2262,0.302,0.029,0.800,0.813,,,,
ICRF J161637.5+045932,244.15648675,4.99242683,-0.1384,0.2234,0.2628,328.22,0.2416,0.1572,-0.088,0.130,1.606,1.532,,,,
ICRF J161643.0-350941,244.17918865,-35.16162257,-0.0279,0.8060,0.8065,358.02,0.2486,0.4766,-0.231,-0.207,1.706,1.695,,,,
ICRF J161655.5+362134,244.23158384,36.35958330,0.1765,0.4575,0.4903,21.10,0.2129,0.2560,0.045,0.129,1.928,1.970,,,,
ICRF J161713.5+040841,244.30661970,4.14491628,-5.0177,-3.0269,5.8600,238.90,17.9438,8.3410,0.181,0.919,0.385,0.458,,,,
ICRF J161717.8-584807,244.32454690,-58.80218337,0.0110,0.0348,0.0365,17.52,0.0904,0.0863,0.189,0.264,0.404,0.421,,,,
ICRF J161727.0-194132,244.36288782,-19.69222632,0.1073,0.0623,0.1241,59.88,0.5965,0.4669,-0.117,0.028,0.223,0.224,,,,
ICRF J161749.2-771718,244.45531852,-77.28846321,0.1823,-0.3040,0.3545,149.05,0.0866,0.0837,0.033,-0.038,4.156,4.199,,,,
ICRF J161749.9+024643,244.45795048,2.77864022,-0.1603,-0.2691,0.3132,210.78,0.0778,0.0860,0.037,0.261,3.587,3.747,,,,
ICRF J161902.4+303051,244.76039136,30.51432932,0.6279,1.5059,1.6315,22.64,0.8966,1.3307,0.055,0.182,1.299,1.331,,,,
ICRF J161903.6+061302,244.76536532,6.21728967,0.6191,-0.1524,0.6376,103.83,0.1596,0.1281,-0.179,0.114,4.160,4.058,,,,
ICRF J161914.8+224747,244.81176917,22.79662525,0.2081,0.1703,0.2689,50.70,0.2317,0.2653,-0.191,0.232,1.005,1.104,152.0,3.0,78.70,101.30
ICRF J161942.3+525613,244.92661977,52.93705502,-0.6526,-0.9770,1.1749,213.74,0.1837,0.2472,-0.027,0.132,5.371,5.313,,,,
ICRF J162031.2+490153,245.13010495,49.03146014,0.1968,-0.1136,0.2273,120.00,0.1235,0.1449,-0.125,0.113,1.771,1.776,,,,
ICRF J162159.6-400334,245.49870542,-40.05958026,0.7350,1.1729,1.3842,32.07,0.8092,0.8911,-0.080,0.178,1.547,1.599,,,,
ICRF J162233.9+142620,245.64164920,14.43905488,-0.4182,-0.6695,0.7894,211.99,1.0680,0.9570,0.074,0.041,0.788,0.802,,,,
ICRF J162304.5+662401,245.76884040,66.40029964,4.0705,-0.0183,4.0706,90.26,0.3763,0.3367,-0.101,-0.094,10.862,10.818,,,,
ICRF J162307.6+390932,245.78176001,39.15900302,0.2723,-0.2915,0.3989,136.95,0.1686,0.2759,-0.129,0.133,1.835,1.930,,,,
ICRF J162358.2+074130,245.99271633,7.69181964,-0.1576,0.1472,0.2156,313.04,0.1403,0.2264,-0.286,-0.051,1.199,1.298,,,,
ICRF J162407.7+054324,246.03222457,5.72340133,0.1947,-0.2405,0.3095,141.01,0.2182,0.2654,-0.194,0.031,1.234,1.272,,,,
ICRF J162418.4-680912,246.07682085,-68.15347127,-0.2930,0.7859,0.8387,339.56,0.0490,0.0588,0.058,0.137,15.098,14.648,,,,
ICRF J162424.8+574116,246.10336487,57.68785582,-1.9595,-0.8159,2.1226,247.39,0.3549,0.3486,-0.018,0.130,5.762,5.997,,,,
ICRF J162432.1+565228,246.13408126,56.87444480,-0.1548,0.1875,0.2432,320.44,0.1525,0.1913,0.060,0.033,1.449,1.411,347.0,4.0,26.56,26.56
ICRF J162432.9-064949,246.13719476,-6.83045178,0.1431,-0.3908,0.4161,159.89,0.7566,0.6224,0.087,-0.137,0.638,0.656,,,,
ICRF J162459.6-321324,246.24841511,-32.22345515,0.0882,0.1416,0.1668,31.92,0.2485,0.4097,-0.303,-0.264,0.573,0.495,,,,
ICRF J162546.8-252738,246.44538185,-25.46064635,0.0869,0.7480,0.7531,6.63,1.1123,0.6557,0.000,-0.400,1.281,1.143,351.0,179.0,15.63,15.63
ICRF J162555.5-310808,246.48126640,-31.13571664,-0.1767,1.4933,1.5038,353.25,0.2004,0.4392,0.169,-0.048,3.674,3.513,,,,
ICRF J162606.0-295126,246.52508683,-29.85749203,-0.1224,0.1041,0.1606,310.38,0.1614,0.1204,-0.014,-0.169,1.074,1.150,292.0,47.0,18.38,18.38
ICRF J162637.2+580917,246.65515248,58.15490738,-0.2447,0.1828,0.3054,306.76,0.1390,0.1881,-0.268,-0.012,1.848,2.011,,,,
ICRF J162833.0+770649,247.13771489,77.11386863,0.5078,0.1975,0.5448,68.74,0.3286,0.3210,0.361,0.028,1.548,1.663,,,,
ICRF J162837.5+473410,247.15627145,47.56956248,-0.9844,-1.0773,1.4593,222.42,0.3912,0.4042,-0.031,-0.004,3.718,3.665,,,,
ICRF J162838.2+393304,247.15935292,39.55117598,-0.7306,1.7182,1.8670,336.96,1.1383,1.2188,-0.049,0.026,1.558,1.549,,,,
ICRF J162846.6-141541,247.19424900,-14.26163517,0.2022,-0.3956,0.4442,152.93,0.4476,0.3747,-0.088,-0.372,1.076,1.148,,,,
ICRF J162848.4-004139,247.20194906,-0.69436212,0.0306,0.3163,0.3178,5.52,0.2593,0.3948,0.235,0.296,0.803,0.810,,,,
ICRF J162854.6-615236,247.22787418,-61.87677723,0.4799,-0.2931,0.5624,121.41,0.1895,0.1756,0.092,0.260,3.450,3.033,,,,
ICRF J162916.7-172042,247.31987127,-17.34521096,-0.7945,0.4801,0.9283,301.14,1.9142,0.8436,-0.169,-0.052,0.688,0.704,,,,
ICRF J162951.8+675714,247.46599219,67.95416186,-0.6759,1.8401,1.9603,339.83,0.4741,0.4008,-0.060,0.031,4.743,4.807,,,,
ICRF J163041.8+070109,247.67423856,7.01919636,-0.1638,0.0979,0.1908,300.85,0.2815,0.2664,-0.184,0.004,0.678,0.688,,,,
ICRF J163055.4+001539,247.73104230,0.26099597,1.3076,0.2731,1.3358,78.20,0.8415,0.5962,-0.067,0.105,1.592,1.620,,,,
ICRF J163116.5+492739,247.81891638,49.46097634,-0.0703,-0.2222,0.2330,197.55,0.1955,0.2445,-0.175,-0.099,1.022,0.977,,,,
ICRF J163231.9+823216,248.13320789,82.53788886,-4.0287,0.9748,4.1450,283.60,0.2299,0.1890,-0.249,-0.012,18.186,18.270,301.0,21.0,17.40,17.40
ICRF J163250.1-105231,248.20879089,-10.87555464,0.2256,-0.3702,0.4335,148.64,0.4836,0.7054,-0.466,-0.546,0.588,0.702,,,,
ICRF J163258.1+161557,248.24211097,16.26584999,-0.0527,0.2156,0.2220,346.26,0.2973,0.3225,0.019,0.289,0.736,0.692,,,,
ICRF J163328.8-255735,248.37037750,-25.95985539,0.6991,0.6902,0.9824,45.37,2.2560,1.1119,-0.113,0.414,0.625,0.694,,,,
ICRF J163412.7+320335,248.55329094,32.05984025,-0.1176,-0.2437,0.2705,205.76,0.1530,0.3118,0.120,0.135,1.035,1.096,,,,
ICRF J163430.3-205825,248.62634899,-20.97387172,0.5926,-0.4569,0.7483,127.63,0.9379,0.6485,0.161,0.125,1.008,0.946,,,,
ICRF J163515.4+380804,248.81455408,38.13458350,-0.0498,-0.1631,0.1705,196.97,0.0565,0.0686,-0.095,-0.044,2.585,2.535,295.0,101.0,81.97,98.03
ICRF J163537.6+595515,248.90686980,59.92085467,0.0311,-0.4760,0.4770,176.26,0.3202,0.3596,-0.017,0.147,1.350,1.327,,,,
ICRF J163539.1+183103,248.91315912,18.51769371,-0.2764,-0.2553,0.3763,227.27,0.2030,0.3811,0.172,0.159,1.434,1.518,,,,
ICRF J163615.8-131532,249.06608718,-13.25908196,-2.6016,2.4693,3.5869,313.51,2.9019,1.1075,-0.480,0.053,2.435,2.403,,,,
ICRF J163638.1+211255,249.15909773,21.21544299,0.1193,-0.2542,0.2808,154.86,0.1815,0.2367,-0.109,0.351,1.329,1.259,,,,
ICRF J163736.5-330904,249.40223354,-33.15134592,-4.4207,5.6812,7.1985,322.11,2.3610,1.4849,-0.122,0.056,4.276,4.260,,,,
ICRF J163745.1+471733,249.43804398,47.29273086,-0.5022,0.4569,0.6790,312.29,0.1952,0.2194,-0.092,0.005,3.315,3.310,350.0,4.0,37.71,37.71
ICRF J163813.4+572023,249.55606792,57.33999416,-0.0019,0.0930,0.0930,358.82,0.0481,0.0506,0.017,0.092,1.844,1.838,196.0,45.0,17.18,162.82
ICRF J163845.2-141550,249.68868733,-14.26395466,0.0847,-0.5534,0.5598,171.30,0.1821,0.4611,-0.441,0.020,1.200,1.287,,,,
ICRF J163939.8+535747,249.91601268,53.96308830,0.0324,0.0590,0.0673,28.83,0.2088,0.2293,-0.015,-0.014,0.302,0.300,,,,
ICRF J164010.5-001147,250.04410893,-0.19653961,0.4881,0.0452,0.4902,84.71,0.2448,0.2482,-0.126,-0.117,2.031,2.002,,,,
ICRF J164029.6+394646,250.12346988,39.77945234,-0.2619,-0.4051,0.4824,212.89,0.1675,0.2061,0.004,0.077,2.426,2.512,281.0,129.0,68.11,68.11
ICRF J164058.8+114404,250.24538582,11.73450344,-10.0709,-0.0042,10.0709,269.98,0.2639,0.2880,-0.140,0.137,38.162,38.155,270.0,6.0,0.02,0.02
ICRF J164125.2+225704,250.35511485,22.95112022,0.0809,-0.2507,0.2634,162.12,0.1011,0.1302,-0.065,0.161,2.212,2.085,,,,
ICRF J164202.1-062123,250.50907381,-6.35658195,-1.1408,0.2439,1.1666,282.07,0.5453,0.2667,0.049,-0.163,2.172,2.283,,,,
ICRF J164205.2-200724,250.52204554,-20.12356929,-1.4427,0.4073,1.4991,285.76,5.0909,1.8641,0.176,0.276,0.418,0.358,,,,
ICRF J164207.8+685639,250.53270214,68.94437677,-0.8643,-3.3129,3.4238,194.62,1.0525,0.7949,0.004,-0.523,5.453,4.248,193.0,76.0,1.62,1.62
ICRF J164221.9+665549,250.59136412,66.93041421,-2.7109,-0.4196,2.7432,261.20,1.0327,0.4345,-0.131,-0.001,2.938,2.797,,,,
ICRF J164240.4+252307,250.66838261,25.38546729,0.0749,-0.0961,0.1218,142.08,0.1024,0.1545,-0.149,0.056,0.928,0.960,,,,
ICRF J164257.3-810835,250.73893985,-81.14307506,-0.0536,-0.2896,0.2945,190.49,0.1847,0.2157,0.266,0.006,1.349,1.374,,,,
ICRF J164258.8+394836,250.74504154,39.81027610,-3.8649,3.0478,4.9221,308.26,0.0967,0.1069,-0.129,0.146,52.100,49.103,264.0,71.0,44.26,44.26
ICRF J164326.5-040253,250.86050691,-4.04826330,-0.0661,-0.6722,0.6755,185.61,0.6917,0.4728,-0.154,-0.187,1.464,1.425,,,,
ICRF J164333.3-231607,250.88912705,-23.26884968,0.1141,0.2601,0.2841,23.69,0.1759,0.3062,-0.313,0.145,1.215,1.069,,,,
ICRF J164416.1-771548,251.06716813,-77.26355921,-0.3406,-1.6735,1.7078,191.50,0.6212,0.6331,-0.707,0.147,3.990,2.699,,,,
ICRF J164416.3+072033,251.06804062,7.34271075,-0.1214,-0.2508,0.2786,205.83,0.3029,0.3115,-0.327,0.012,0.929,0.899,,,,
ICRF J164435.7-180432,251.14894470,-18.07568249,0.3107,-0.4479,0.5452,145.25,0.2397,0.5129,-0.377,0.144,1.406,1.563,,,,
ICRF J164452.4+181317,251.21846829,18.22145517,0.2247,1.4576,1.4748,8.76,0.4726,0.6090,-0.594,0.236,2.472,2.440,,,,
ICRF J164558.5+633010,251.49396952,63.50303412,0.1465,0.1162,0.1870,51.57,0.2409,0.2665,-0.058,-0.048,0.766,0.748,,,,
ICRF J164606.9+004227,251.52905109,0.70757776,0.1609,-0.4899,0.5156,161.81,0.1182,0.2035,-0.159,-0.100,2.616,2.765,,,,
ICRF J164656.8+405917,251.73691127,40.98810337,0.1647,-0.0917,0.1885,119.10,0.2137,0.2289,-0.094,0.066,0.886,0.869,,,,
ICRF J164733.5+270558,251.88999329,27.09952592,11.7298,4.3602,12.5140,69.61,45.7075,56.9006,0.152,-0.009,0.268,0.268,,,,
ICRF J164734.9+495000,251.89546623,49.83349665,0.2953,-0.1248,0.3206,112.92,0.1319,0.1791,-0.159,-0.055,2.278,2.344,,,,
ICRF J164737.7-643800,251.90725583,-64.63340813,-0.0475,0.3016,0.3054,351.06,0.1501,0.3363,-0.101,0.010,0.927,0.951,,,,
ICRF J164741.8+172011,251.92433125,17.33662803,-15.9019,-7.5589,17.6070,244.58,1.5754,1.4051,0.211,0.188,10.704,11.438,,,,
ICRF J164753.7-192619,251.97407648,-19.43873513,-0.7175,1.1118,1.3232,327.16,2.1200,1.3485,-0.110,0.563,1.200,0.891,,,,
ICRF J164757.8-291244,251.99114455,-29.21234860,0.1551,0.1144,0.1928,53.60,0.3354,0.2577,-0.018,0.180,0.618,0.641,,,,
ICRF J164817.0+214105,252.07112201,21.68497440,-1.2063,3.3540,3.5643,340.22,1.0462,1.8339,-0.311,0.287,1.939,2.162,,,,
ICRF J164829.2+410405,252.12190848,41.06820905,-7.8719,-3.6857,8.6920,244.91,9.8049,4.9473,-0.156,0.612,0.864,1.095,,,,
ICRF J164842.3-330148,252.17646298,-33.03025882,-0.3819,0.8512,0.9329,335.84,0.4768,0.3706,0.044,0.040,2.459,2.432,,,,
ICRF J164904.3-262008,252.26798048,-26.33572606,-0.0254,-0.2692,0.2704,185.40,0.2588,0.4620,-0.083,0.110,0.595,0.591,,,,
ICRF J164927.6+041203,252.36533103,4.20110778,-0.6025,-0.6154,0.8612,224.40,0.6686,0.6234,-0.212,-0.230,1.521,1.337,,,,
ICRF J164940.9+744244,252.42064001,74.71239482,-0.1175,0.0452,0.1259,291.02,0.2245,0.2401,0.246,0.033,0.595,0.556,,,,
ICRF J164950.4+062653,252.46038066,6.44818031,0.4436,-0.4907,0.6615,137.89,0.1578,0.1932,-0.039,0.146,3.842,3.789,,,,
ICRF J165016.6-504448,252.56927962,-50.74672519,-0.5599,-0.3402,0.6551,238.72,0.6894,0.5906,-0.139,0.592,0.907,0.996,,,,
ICRF J165037.5+082452,252.65651131,8.41450879,0.5507,-0.1464,0.5698,104.89,0.2728,0.2732,-0.075,0.599,2.512,2.089,,,,
ICRF J165039.5-294346,252.66476719,-29.72970966,-0.5880,0.3417,0.6801,300.17,0.8174,0.2948,-0.446,0.283,1.553,1.364,,,,
ICRF J165103.6+012923,252.76525987,1.48984947,1.8247,-1.1662,2.1655,122.58,1.0605,0.6442,-0.291,-0.074,2.407,2.498,,,,
ICRF J165137.5+400218,252.90635872,40.03860337,-0.2388,-0.3975,0.4637,210.99,0.2901,0.4600,-0.293,-0.058,1.414,1.194,,,,
ICRF J165137.8+213524,252.90768384,21.59018167,-0.6792,-0.9900,1.2006,214.45,2.2233,3.0048,-0.063,-0.195,0.500,0.449,,,,
ICRF J165201.4+061855,253.00583366,6.31537611,0.9541,-0.8231,1.2601,130.79,0.7624,0.5301,-0.209,0.575,2.939,1.994,,,,
ICRF J165258.5+390249,253.24378992,39.04717283,-0.5019,-0.1067,0.5131,258.00,0.3222,0.3933,-0.022,-0.034,1.591,1.581,,,,
ICRF J165329.9+310756,253.37462772,31.13246456,-0.2946,-0.0813,0.3056,254.58,0.0846,0.1233,-0.171,0.178,3.616,3.543,,,,
ICRF J165334.2-155129,253.39252677,-15.85830226,0.3633,0.2365,0.4335,56.93,0.6130,0.4014,-0.210,0.361,0.744,0.836,,,,
ICRF J165352.2+394536,253.46756952,39.76016913,5.9859,-2.3048,6.4143,111.06,0.0489,0.0539,-0.062,0.048,129.687,129.675,164.0,53.0,52.94,52.94
ICRF J165503.2-183131,253.76336093,-18.52528822,0.1787,-0.1469,0.2313,129.42,0.5442,0.4007,0.125,0.056,0.525,0.492,,,,
ICRF J165518.7+423339,253.82831238,42.56106200,2.8943,5.5593,6.2676,27.50,1.2392,1.8382,-0.204,0.279,3.406,3.821,,,,
ICRF J165616.8-330210,254.07025455,-33.03633238,0.3018,0.3528,0.4642,40.55,0.8427,1.0781,-0.259,0.652,0.456,0.485,,,,
ICRF J165634.0+182626,254.14203808,18.44065192,0.0338,-0.6003,0.6012,176.78,0.2098,0.2573,-0.170,0.073,2.336,2.339,,,,
ICRF J165639.6+532148,254.16510102,53.36354745,0.0166,0.0016,0.0167,84.50,0.2519,0.2951,-0.036,-0.137,0.067,0.066,,,,
ICRF J165648.2+601216,254.20102068,60.20456514,0.3754,-0.1372,0.3997,110.07,0.2706,0.3084,-0.111,0.146,1.500,1.457,,,,
ICRF J165720.7+570553,254.33628733,57.09819546,-0.4684,0.1693,0.4981,289.87,0.1198,0.1330,-0.116,-0.023,4.043,4.112,,,,
ICRF J165733.3-200434,254.38889473,-20.07638427,-35.9769,-3.6775,36.1644,264.16,34.3482,4.1699,-0.078,0.936,1.080,1.369,,,,
ICRF J165746.8+480833,254.44532897,48.14251133,0.8563,-0.1897,0.8770,102.49,0.6962,0.4881,-0.142,-0.037,1.276,1.290,274.0,18.0,8.49,171.51
ICRF J165801.4+344328,254.50591333,34.72455614,0.1769,-0.1361,0.2232,127.57,0.1200,0.1289,-0.106,0.230,1.839,1.814,,,,
ICRF J165802.7+473749,254.51158163,47.63034190,0.3697,-0.4438,0.5776,140.20,0.0826,0.1003,-0.010,0.071,6.448,6.292,7.0,5.0,46.80,133.20
ICRF J165809.0+074127,254.53754778,7.69098346,-1.1880,1.5065,1.9186,321.74,0.3963,0.3330,-0.108,0.328,6.518,5.427,320.0,31.0,1.74,1.74
ICRF J165833.4+051516,254.63936386,5.25456777,-0.0613,-0.0613,0.0866,225.00,0.0720,0.0708,-0.007,-0.064,1.233,1.213,62.0,15.0,17.00,163.00
ICRF J165844.0-073917,254.68359152,-7.65491513,-1.0023,-0.4869,1.1143,244.09,0.2687,0.1385,-0.045,-0.361,6.314,5.126,,,,
ICRF J165924.1+262936,254.85062269,26.49359531,0.4125,-0.0121,0.4127,91.68,0.1215,0.1815,0.060,0.051,3.405,3.396,,,,
ICRF J165944.9+021307,254.93748860,2.21862335,-0.0379,-0.3621,0.3641,185.98,0.1656,0.2676,-0.179,0.024,1.409,1.372,,,,
ICRF J170009.2+683006,255.03872022,68.50193309,0.1016,0.4029,0.4155,14.16,0.1334,0.1548,-0.127,-0.075,2.797,2.712,142.0,13.0,52.16,127.84
ICRF J170023.9+052244,255.09981661,5.37891538,0.4212,0.3068,0.5211,53.93,0.3560,0.3078,-0.063,0.036,1.536,1.547,,,,
ICRF J170053.1-261051,255.22147527,-26.18103483,-0.2024,0.1818,0.2720,311.93,0.1323,0.0725,-0.177,0.244,3.242,2.937,,,,
ICRF J170121.3+033851,255.33907578,3.64754872,-2.1687,1.1906,2.4741,298.77,11.4394,2.8907,-0.076,-0.914,0.609,0.453,,,,
ICRF J170124.6+395437,255.35264506,39.91030321,0.1343,-0.1819,0.2261,143.56,0.0608,0.0696,0.068,0.034,3.510,3.421,,,,
ICRF J170144.8-562155,255.43690887,-56.36552852,0.9940,-0.9257,1.3583,132.96,0.2865,0.2417,0.042,0.186,5.691,5.168,,,,
ICRF J170214.2-241508,255.55934251,-24.25242898,-1.0855,-0.9751,1.4592,228.07,1.0807,0.5893,-0.226,0.272,1.791,1.936,,,,
ICRF J170221.7+150206,255.59049154,15.03502193,0.4853,-0.6062,0.7765,141.32,0.4805,0.5004,0.040,0.095,1.639,1.577,,,,
ICRF J170232.6+315752,255.63587563,31.96454471,-1.2592,1.8228,2.2155,325.36,0.7083,1.8890,-0.487,0.152,1.782,2.023,,,,
ICRF J170336.5-621240,255.90225506,-62.21111349,0.0916,0.1621,0.1862,29.48,0.0889,0.0962,0.420,0.066,1.818,1.976,,,,
ICRF J170405.0-131634,256.02119517,-13.27617682,0.4174,0.4355,0.6032,43.78,0.2427,0.2804,-0.213,0.195,2.318,2.317,,,,
ICRF J170407.4+013408,256.03120481,1.56902053,2.9370,3.0073,4.2036,44.32,1.1707,0.7018,-0.007,-0.469,6.397,4.966,,,,
ICRF J170446.9+713817,256.19573785,71.63822420,0.5435,0.0522,0.5460,84.51,0.6306,0.3771,-0.307,-0.059,0.955,0.873,,,,
ICRF J170525.2+775601,256.35516251,77.93369241,0.3179,0.4005,0.5113,38.45,0.2617,0.2815,0.013,-0.131,1.875,1.871,,,,
ICRF J170526.4+510935,256.36005658,51.15983220,0.9167,0.6441,1.1204,54.91,0.3847,0.4459,-0.112,0.007,2.795,2.787,,,,
ICRF J170620.4+120859,256.58540603,12.14994290,-0.0534,0.1141,0.1260,334.94,0.2049,0.2884,0.026,0.033,0.480,0.474,,,,
ICRF J170636.7+095359,256.65303050,9.89989943,-0.5218,-0.1097,0.5332,258.13,0.2210,0.2535,-0.174,-0.009,2.435,2.401,,,,
ICRF J170717.7+453610,256.82397253,45.60293134,0.1979,0.1526,0.2499,52.36,0.0695,0.0757,-0.013,0.032,3.481,3.490,,,,
ICRF J170734.4+014845,256.89339696,1.81269425,-0.3114,0.1245,0.3354,291.79,0.1238,0.0822,0.036,-0.216,2.729,2.936,,,,
ICRF J170745.6+133105,256.94015530,13.51812020,0.0790,-0.1831,0.1994,156.67,0.0981,0.1337,0.183,0.103,1.721,1.588,,,,
ICRF J170753.7+184639,256.97394785,18.77750597,-0.1196,0.2998,0.3227,338.26,0.1943,0.2603,-0.319,-0.164,1.212,1.306,,,,
ICRF J170801.2+334646,257.00521441,33.77954906,-0.1499,-0.4008,0.4279,200.51,0.1798,0.3307,0.081,0.013,1.425,1.471,,,,
ICRF J170844.6+003509,257.18603100,0.58597643,-10.3501,6.6117,12.2817,302.57,2.8131,2.4670,-0.184,-0.602,3.726,4.552,,,,
ICRF J170918.6-352522,257.32777657,-35.42283401,26.5502,13.4916,29.7815,63.06,43.3431,15.4729,0.206,0.968,1.172,1.066,,,,
ICRF J170928.2-222650,257.36786521,-22.44736821,4.4917,-11.2950,12.1553,158.31,9.1525,11.8205,-0.955,-0.192,1.029,1.074,,,,
ICRF J170934.3-172853,257.39310580,-17.48149029,1.2929,0.0195,1.2930,89.13,0.8007,0.5479,-0.168,0.331,1.697,1.615,,,,
ICRF J170941.0+431844,257.42119410,43.31237015,-0.0756,-0.2716,0.2820,195.55,0.2385,0.2393,-0.169,-0.060,1.204,1.178,99.0,17.0,83.45,96.55
ICRF J171017.2-035550,257.57168904,-3.93059130,0.4275,-0.3754,0.5690,131.29,0.9603,0.6949,0.034,-0.128,0.663,0.700,,,,
ICRF J171123.1-250901,257.84625953,-25.15043420,-0.0606,-0.4830,0.4868,187.15,10.5971,4.9486,-0.331,0.960,0.315,0.098,,,,
ICRF J171331.2-265852,258.38031504,-26.98125743,0.9984,0.8238,1.2944,50.47,0.7714,0.4717,-0.123,0.391,1.888,2.174,,,,
ICRF J171350.7-322612,258.46162598,-32.43672473,1.1571,-1.8906,2.2166,148.53,0.4327,0.4529,-0.241,0.029,4.767,4.958,,,,
ICRF J171440.2-210041,258.66775829,-21.01148733,0.1709,-1.2522,1.2638,172.23,3.8379,1.6577,0.134,-0.122,0.757,0.757,,,,
ICRF J171611.1+215213,259.04662802,21.87046320,0.3899,-1.2243,1.2849,162.34,0.2144,0.3153,-0.311,0.203,4.323,4.287,,,,
ICRF J171613.9+683638,259.05807494,68.61076256,-0.3835,0.3442,0.5153,311.91,0.1194,0.1310,-0.162,-0.106,3.904,4.149,343.0,19.0,31.09,31.09
ICRF J171626.4-045211,259.11036697,-4.86998473,-0.2196,-0.1957,0.2942,228.29,0.3134,0.3153,-0.348,0.373,0.854,0.936,,,,
ICRF J171653.6+230553,259.22356787,23.09814414,0.2696,-0.3839,0.4691,144.92,0.4524,0.6074,-0.113,0.092,0.824,0.869,,,,
ICRF J171701.1+191740,259.25485811,19.29462663,0.3435,-0.2808,0.4437,129.27,0.2525,0.3499,-0.224,-0.393,1.403,1.580,,,,
ICRF J171849.3-285041,259.70574882,-28.84474992,-11.9219,-9.7506,15.4015,230.72,4.4828,8.2571,0.217,-0.061,2.979,2.910,,,,
ICRF J171902.0-142019,259.75841646,-14.33861403,0.1817,0.2305,0.2935,38.24,0.2037,0.2245,-0.239,-0.025,1.426,1.360,,,,
ICRF J171910.9+065815,259.79555572,6.97104062,-0.3681,0.5748,0.6825,327.37,0.2576,0.2428,-0.065,-0.328,2.519,2.765,,,,
ICRF J171913.0+174506,259.80436867,17.75178811,0.0578,-0.0013,0.0578,91.25,0.0496,0.0547,0.131,-0.105,1.165,1.165,215.0,15.0,56.25,123.75
ICRF J171914.4+485849,259.81038579,48.98039604,0.3741,-2.4491,2.4775,171.32,0.2024,0.2573,0.062,-0.079,9.743,9.698,,,,
ICRF J171938.2+480412,259.90937315,48.07006905,0.7430,-0.5029,0.8972,124.09,0.5395,0.7189,-0.244,0.010,1.427,1.545,,,,
ICRF J171952.2+081703,259.96752590,8.28432053,-0.1609,-0.6363,0.6563,194.19,0.0894,0.1487,-0.130,-0.054,4.865,4.642,,,,
ICRF J172010.3+382556,260.04306163,38.43226790,-0.3359,1.9937,2.0218,350.44,0.7439,0.6667,-0.103,-0.091,2.996,3.024,,,,
ICRF J172043.5-225824,260.18148746,-22.97356622,-0.0143,-0.2837,0.2841,182.88,0.2716,0.6540,-0.101,-0.081,0.444,0.437,,,,
ICRF J172109.4+354216,260.28954604,35.70446208,0.1759,0.6748,0.6974,14.61,0.1705,0.2438,-0.137,0.054,2.995,2.954,,,,
ICRF J172134.6-162855,260.39439959,-16.48209184,-0.0852,0.4419,0.4500,349.09,1.5078,1.0245,-0.165,-0.032,0.431,0.435,,,,
ICRF J172139.0-615443,260.41256904,-61.91194935,-0.0133,-0.9649,0.9650,180.79,0.7405,1.0626,-0.242,0.327,0.909,0.908,,,,
ICRF J172203.5-050325,260.51474371,-5.05694605,0.3292,0.4628,0.5679,35.43,0.5990,0.4675,-0.291,0.354,1.027,1.132,,,,
ICRF J172236.7+585622,260.65302748,58.93951686,-0.1435,-0.3744,0.4009,200.97,0.4218,0.4236,-0.083,0.269,0.893,0.947,,,,
ICRF J172240.0+610559,260.66691398,61.09994093,-0.0154,-0.1983,0.1989,184.44,0.2497,0.2595,-0.294,-0.156,0.790,0.766,,,,
ICRF J172242.1+281500,260.67567328,28.25002115,0.0470,-0.0610,0.0770,142.42,0.1211,0.1741,-0.115,-0.169,0.492,0.523,,,,
ICRF J172244.5+101335,260.68576159,10.22660379,-0.1230,0.2137,0.2466,330.07,0.2089,0.2145,-0.037,-0.267,1.074,1.157,,,,
ICRF J172252.9+245834,260.72079155,24.97630330,-0.0011,1.4706,1.4706,359.96,0.1223,0.2263,-0.093,0.070,6.513,6.497,,,,
ICRF J172314.1+654746,260.80890849,65.79616088,0.2212,-0.2890,0.3640,142.57,0.1286,0.1391,-0.098,-0.131,2.571,2.698,,,,
ICRF J172320.7+341757,260.83664965,34.29943499,-0.1049,0.2777,0.2969,339.31,0.2070,0.3412,-0.227,0.096,0.879,0.959,,,,
ICRF J172339.7+523648,260.91561024,52.61344324,0.0687,-0.1100,0.1297,147.99,0.1585,0.1885,-0.144,0.157,0.718,0.727,,,,
ICRF J172341.0-650036,260.92095558,-65.01016962,11.1583,-3.3453,11.6490,106.69,0.2424,0.2707,-0.073,-0.032,47.238,47.665,,,,
ICRF J172359.4+765311,260.99768801,76.88654218,0.0346,0.0154,0.0379,65.96,0.1476,0.1532,0.092,0.033,0.250,0.255,,,,
ICRF J172405.4+400436,261.02262008,40.07679363,-1.5030,0.5632,1.6050,290.54,0.7870,0.7520,-0.154,0.293,2.339,2.051,290.0,21.0,0.54,0.54
ICRF J172414.1+330303,261.05915759,33.05109423,-0.0888,2.3040,2.3057,357.79,0.3634,0.3550,-0.109,-0.111,6.508,6.495,,,,
ICRF J172428.9+022448,261.12081257,2.41351955,0.6462,0.8742,1.0871,36.47,0.8222,1.1133,0.271,-0.193,0.990,1.111,,,,
ICRF J172446.9-144359,261.19569394,-14.73326689,-0.5693,0.6045,0.8304,316.72,0.2830,0.2744,-0.253,0.026,2.942,2.983,,,,
ICRF J172504.3+115215,261.26808710,11.87096427,-0.0561,0.1377,0.1486,337.84,0.1234,0.2491,-0.211,-0.396,0.652,0.716,,,,
ICRF J172635.1+321323,261.64635276,32.22306175,0.1897,-0.0880,0.2091,114.88,0.1063,0.1541,-0.190,0.072,1.813,1.873,,,,
ICRF J172644.9+063918,261.68727203,6.65514166,0.6840,0.2134,0.7166,72.68,0.3605,0.3571,-0.077,-0.205,2.112,1.989,,,,
ICRF J172719.9-195146,261.83323524,-19.86296161,-0.5330,0.0156,0.5332,271.68,0.5955,0.8634,-0.561,0.024,0.937,0.895,,,,
ICRF J172723.4+551053,261.84778882,55.18153763,-1.7899,-0.7986,1.9600,245.96,1.3821,1.3043,-0.135,0.114,1.378,1.432,,,,
ICRF J172727.6+453039,261.86521168,45.51103646,0.1037,-0.0592,0.1194,119.72,0.0597,0.0598,0.054,-0.027,1.994,1.999,235.0,22.0,64.72,115.28
ICRF J172807.0+121539,262.02938006,12.26096821,0.2391,-0.0186,0.2398,94.46,0.1635,0.1327,-0.215,-0.320,1.499,1.469,325.0,4.0,50.54,129.46
ICRF J172818.6+501310,262.07759997,50.21957502,-0.6005,0.3663,0.7034,301.38,0.1939,0.1898,0.045,-0.035,3.721,3.650,277.0,15.0,24.38,24.38
ICRF J172824.9+042704,262.10396968,4.45136495,0.2243,0.1826,0.2893,50.85,0.0941,0.0910,-0.150,-0.021,3.226,3.116,115.0,30.0,64.15,64.15
ICRF J172850.2-035050,262.20931300,-3.84734310,0.2300,-0.1570,0.2785,124.31,0.1569,0.2497,0.027,0.235,1.638,1.595,,,,
ICRF J172859.1+383826,262.24642251,38.64068015,-0.0056,0.1671,0.1672,358.07,0.1037,0.1402,-0.039,0.038,1.192,1.193,,,,
ICRF J173034.9+002438,262.64583111,0.41074764,0.1996,-0.0862,0.2174,113.35,0.4532,0.4710,-0.181,0.273,0.526,0.477,,,,
ICRF J173052.7+602516,262.71963917,60.42131233,-0.1417,-0.0807,0.1631,240.35,0.1928,0.2195,-0.105,-0.035,0.855,0.822,,,,
ICRF J173302.7-130449,263.26127412,-13.08043006,0.1117,0.5760,0.5867,10.97,0.1243,0.0963,-0.013,0.146,5.983,6.049,6.0,92.0,4.97,4.97
ICRF J173340.7-793555,263.41958436,-79.59881016,0.1440,-0.0015,0.1440,90.59,0.1519,0.1539,0.164,-0.104,0.948,0.948,,,,
ICRF J173420.5+385751,263.58574390,38.96428975,0.2360,-0.6639,0.7046,160.43,0.1055,0.1374,-0.014,0.009,5.338,5.323,122.0,41.0,38.43,38.43
ICRF J173510.4+080831,263.79352282,8.14196191,0.0963,-0.0325,0.1016,108.64,0.1679,0.2343,-0.035,0.107,0.595,0.590,,,,
ICRF J173548.0+361645,263.95036092,36.27933652,0.4835,0.3112,0.5750,57.23,0.1891,0.2152,0.108,0.035,2.878,2.937,,,,
ICRF J173628.5+063147,264.11909880,6.52986853,-3.9458,-1.4146,4.1917,250.28,14.6394,9.4723,-0.353,-0.971,1.734,0.308,,,,
ICRF J173713.7+062103,264.30720430,6.35099229,-1.0795,-0.0109,1.0796,269.42,0.7771,0.5942,-0.097,-0.465,1.568,1.389,,,,
ICRF J173735.7-563403,264.39904305,-56.56754362,-2.0963,-0.7911,2.2406,249.33,3.1652,1.9594,0.757,0.022,0.675,0.776,,,,
ICRF J173811.6-150300,264.54848123,-15.05016546,-35.2117,460.5911,461.9351,355.63,0.9002,0.7079,-0.236,0.487,747.722,651.861,,,,
ICRF J173840.5+322409,264.66875759,32.40250709,0.0219,-0.0427,0.0480,152.85,0.0587,0.0679,0.042,-0.152,0.724,0.731,,,,
ICRF J173927.3+495503,264.86412706,49.91760232,0.5410,-0.2441,0.5935,114.28,0.1715,0.1779,0.073,0.237,3.817,3.441,28.0,14.0,86.28,86.28
ICRF J173935.3+335808,264.89734393,33.96894265,-1.5432,0.5631,1.6427,290.05,0.3909,0.4541,-0.295,0.050,4.116,4.138,,,,
ICRF J173957.1+473758,264.98803780,47.63287819,0.2567,-0.6841,0.7307,159.43,0.2109,0.2731,0.074,-0.037,2.749,2.785,223.0,24.0,63.57,63.57
ICRF J174001.5-081114,265.00652582,-8.18743938,-32.9022,-22.5875,39.9093,235.53,49.1232,36.0386,-0.066,0.069,0.887,0.917,,,,
ICRF J174005.8+221100,265.02442868,22.18360371,0.0043,-0.1105,0.1105,177.76,0.0854,0.1388,-0.137,-0.001,0.796,0.798,,,,
ICRF J174006.3+450650,265.02655264,45.11399192,0.1609,-1.0661,1.0782,171.42,0.1264,0.1762,-0.381,0.053,6.052,6.184,,,,
ICRF J174026.9+194319,265.11237709,19.72213326,-0.1787,0.1146,0.2123,302.68,0.1360,0.2291,0.050,0.066,1.433,1.406,,,,
ICRF J174036.9+521143,265.15407437,52.19539094,-0.0065,0.1136,0.1138,356.74,0.0696,0.0742,0.036,-0.073,1.531,1.534,,,,
ICRF J174037.1+031147,265.15499589,3.19662221,-4.3278,-0.9805,4.4374,257.24,0.2910,0.3880,-0.095,0.189,15.055,15.085,,,,
ICRF J174048.9+434816,265.20396061,43.80448631,-0.0377,0.0840,0.0921,335.80,0.2050,0.2360,-0.181,-0.103,0.383,0.401,,,,
ICRF J174122.8+722451,265.34524055,72.41443597,0.3394,0.0044,0.3394,89.26,0.4882,0.2795,-0.497,-0.022,0.770,0.695,,,,
ICRF J174203.6-334134,265.51537273,-33.69289372,-315.5845,165.4139,356.3079,297.66,2.2275,4.4835,0.211,0.365,157.311,146.399,,,,
ICRF J174211.6-151729,265.54859521,-15.29143304,0.1762,0.8598,0.8777,11.58,0.2110,0.3600,0.156,0.313,2.425,2.530,,,,
ICRF J174232.0+594506,265.63333368,59.75186995,1.3777,-0.0873,1.3805,93.62,0.2017,0.2057,-0.096,0.044,6.830,6.843,,,,
ICRF J174306.2-165815,265.77590962,-16.97110202,-3.2689,0.4753,3.3033,278.27,20.1756,20.3592,0.090,-0.994,1.303,0.164,,,,
ICRF J174347.6+374753,265.94852633,37.79828606,-0.5303,-0.6915,0.8714,217.49,0.3901,0.4911,-0.169,-0.037,2.001,1.957,,,,
ICRF J174356.4+275250,265.98515575,27.88065243,-0.3150,0.4191,0.5243,323.07,0.1096,0.1719,-0.157,0.044,3.551,3.769,,,,
ICRF J174357.8+193509,265.99096949,19.58583871,2.1713,0.7452,2.2956,71.06,0.1268,0.1987,-0.190,0.032,18.420,17.532,64.0,6.0,7.06,7.06
ICRF J174358.8-035004,265.99523390,-3.83461576,0.1272,-0.2328,0.2653,151.34,0.1280,0.1063,0.054,0.206,2.627,2.405,196.0,37.0,44.66,44.66
ICRF J174456.6+554217,266.23586276,55.70476696,-3.2543,-2.2484,3.9555,235.36,0.3208,0.3192,0.177,0.044,12.082,12.350,,,,
ICRF J174504.6+225248,266.26945356,22.88002145,-0.1934,-0.4116,0.4548,205.17,0.2539,0.3896,-0.015,0.024,1.297,1.302,,,,
ICRF J174527.1-075303,266.36293729,-7.88442995,-0.1441,-1.3231,1.3310,186.22,0.2476,0.2926,0.244,0.249,4.542,4.560,199.0,4.0,12.78,12.78
ICRF J174535.2+172001,266.39670074,17.33372870,0.1781,0.4328,0.4681,22.37,0.2287,0.2574,-0.062,-0.301,2.148,1.853,,,,
ICRF J174555.9+181450,266.48303081,18.24733822,-0.2086,0.2604,0.3337,321.30,0.1519,0.2523,-0.282,-0.146,1.558,1.718,,,,
ICRF J174614.0+622654,266.55847556,62.44853842,0.2942,-0.1065,0.3129,109.91,0.1736,0.2083,0.095,-0.054,1.748,1.770,,,,
ICRF J174648.2+260320,266.70116202,26.05565408,3.9556,-2.9480,4.9333,126.70,0.1964,0.2936,-0.185,-0.120,21.351,22.509,,,,
ICRF J174724.4-545021,266.85181293,-54.83932667,-0.0131,-1.0690,1.0691,180.70,0.3862,0.5042,-0.026,0.457,2.184,2.120,,,,
ICRF J174739.3+030449,266.91381203,3.08049920,2.7231,-9.3683,9.7560,163.79,2.3084,3.8331,-0.351,0.240,2.473,2.714,,,,
ICRF J174805.8+340401,267.02424868,34.06699463,-0.3956,-0.1474,0.4221,249.56,0.1526,0.2212,-0.132,0.140,2.650,2.676,,,,
ICRF J174832.8+700550,267.13683466,70.09743577,-0.1476,0.1462,0.2078,314.73,0.0534,0.0538,-0.079,0.023,3.780,3.877,297.0,32.0,17.73,17.73
ICRF J174900.3+432151,267.25150159,43.36424648,0.3014,-2.6553,2.6724,173.52,0.1559,0.1867,-0.137,0.234,14.746,14.351,,,,
ICRF J174905.4+194408,267.27280696,19.73578843,-0.4116,-0.4493,0.6093,222.49,0.1224,0.2039,-0.045,-0.004,4.097,4.020,,,,
ICRF J175131.6+471322,267.88180298,47.22291840,1.2964,-1.5104,1.9905,139.36,0.7210,0.7748,-0.636,-0.111,2.081,2.652,,,,
ICRF J175132.8+093900,267.88674406,9.65020234,0.0445,0.1227,0.1305,19.96,0.0588,0.0554,0.068,-0.455,2.681,2.342,13.0,84.0,6.96,6.96
ICRF J175142.6+292050,267.92784972,29.34727840,-0.0580,0.1504,0.1612,338.93,0.1731,0.2252,-0.348,0.175,0.744,0.747,,,,
ICRF J175211.6+731120,268.04871858,73.18904034,1.9084,2.9410,3.5059,32.98,1.3638,1.7401,0.454,-0.005,2.194,2.194,,,,
ICRF J175214.6+061148,268.06111977,6.19670981,-0.4719,0.8688,0.9887,331.49,0.4438,0.5920,0.021,-0.176,1.694,1.812,,,,
ICRF J175246.0+173420,268.19167877,17.57231946,0.0378,0.1752,0.1793,12.18,0.0905,0.1468,-0.128,0.209,1.296,1.265,,,,
ICRF J175322.6+440945,268.34436621,44.16269061,0.1331,-0.0133,0.1338,95.72,0.2389,0.2419,-0.032,0.073,0.565,0.560,,,,
ICRF J175342.4+284804,268.42697351,28.80137191,0.2921,-0.2353,0.3751,128.85,0.1449,0.2054,0.077,-0.003,2.318,2.319,6.0,34.0,57.15,122.85
ICRF J175407.5+645202,268.53162486,64.86739740,-2.5481,0.8376,2.6823,288.20,0.2235,0.2527,-0.023,-0.082,11.708,11.871,,,,
ICRF J175511.2+335059,268.79685362,33.84994355,0.2297,-1.4687,1.4865,171.11,0.5903,0.6789,-0.080,0.027,2.199,2.198,,,,
ICRF J175535.5+202357,268.89800409,20.39920477,-0.1494,-0.0256,0.1516,260.27,0.1418,0.2463,-0.405,-0.128,1.173,1.059,,,,
ICRF J175548.4+623644,268.95183220,62.61227400,-37.3678,-59.3852,70.1637,212.18,3.4093,2.6609,0.394,0.041,22.496,24.864,,,,
ICRF J175559.7+182021,268.99909245,18.33824093,5.4678,-25.0124,25.6030,167.67,1.7086,2.3707,0.273,-0.524,10.861,11.025,,,,
ICRF J175603.6+574847,269.01511786,57.81333256,-9.1536,-1.7511,9.3196,259.17,0.2217,0.1986,0.172,0.080,41.399,42.228,,,,
ICRF J175605.2+291416,269.02188127,29.23779394,-1.5547,-0.3594,1.5957,256.98,0.1795,0.2350,-0.192,0.025,9.082,8.797,,,,
ICRF J175633.7+155343,269.14052337,15.89550918,0.2687,1.6475,1.6692,9.26,0.1839,0.2394,-0.176,-0.120,7.270,7.034,,,,
ICRF J175653.1+153520,269.22125891,15.58911848,-0.7767,-0.5566,0.9556,234.38,0.4728,0.5441,0.068,-0.378,2.415,1.935,247.0,11.0,12.62,12.62
ICRF J175715.6-414918,269.31529767,-41.82185654,-0.7779,-0.8402,1.1450,222.80,0.3108,0.8949,0.512,0.269,2.525,2.673,,,,
ICRF J175746.3+753916,269.44316210,75.65449448,0.2602,0.2734,0.3774,43.59,0.1335,0.1710,-0.063,-0.028,2.597,2.521,,,,
ICRF J175758.8+053148,269.49510475,5.53000683,1.0743,-0.4405,1.1611,112.30,1.0440,1.1985,-0.195,0.521,1.323,1.093,,,,
ICRF J175834.1+061032,269.64215687,6.17582442,0.4456,-0.1753,0.4788,111.48,0.3099,0.4123,-0.321,-0.079,1.458,1.500,,,,
ICRF J175858.4-482112,269.74357184,-48.35347837,-1.1061,-0.0632,1.1079,266.73,0.6206,0.6793,0.149,0.485,1.883,1.785,,,,
ICRF J175900.3+234346,269.75149201,23.72970919,-0.4953,-0.9854,1.1029,206.68,0.1273,0.1837,0.052,-0.132,6.495,6.627,,,,
ICRF J180024.7+384830,270.10318900,38.80852707,-0.1168,-0.2974,0.3196,201.45,0.0711,0.0801,0.004,0.100,3.949,4.060,334.0,80.0,47.45,132.55
ICRF J180045.6+782804,270.19034962,78.46778289,-0.3074,-0.0736,0.3161,256.53,0.0405,0.0426,0.031,0.010,7.748,7.782,275.0,24.0,18.47,18.47
ICRF J180132.3+440421,270.38464508,44.07275007,0.0015,-0.3876,0.3876,179.78,0.0597,0.0652,0.094,0.019,5.954,5.948,207.0,35.0,27.22,27.22
ICRF J180225.1+455734,270.60476141,45.95962112,0.2455,-0.2957,0.3843,140.30,0.1829,0.2219,-0.081,-0.226,1.771,1.891,,,,
ICRF J180242.6-394007,270.67783355,-39.66886338,-0.0255,0.2959,0.2970,355.07,0.1524,0.1417,-0.034,0.260,2.202,2.096,,,,
ICRF J180323.4-650736,270.84790271,-65.12687814,-0.0270,0.1575,0.1598,350.26,0.1293,0.1408,0.192,0.401,1.315,1.138,,,,
ICRF J180333.6+093425,270.89021555,9.57386351,0.0597,-0.1057,0.1214,150.53,0.7974,0.9960,-0.029,0.250,0.148,0.130,,,,
ICRF J180335.8+760108,270.89925475,76.01913669,0.0284,-0.0929,0.0972,162.98,0.2906,0.2978,-0.233,0.081,0.319,0.327,,,,
ICRF J180356.2+034107,270.98451051,3.68544650,2.8401,-2.6507,3.8849,133.02,0.8197,0.7450,-0.145,-0.408,4.206,4.966,,,,
ICRF J180415.9+010132,271.06660195,1.02566871,0.7475,0.1488,0.7622,78.74,0.1961,0.3396,-0.404,0.024,4.280,3.837,,,,
ICRF J180619.9+614118,271.58310786,61.68842501,-0.1259,-0.1289,0.1802,224.34,0.1500,0.1512,0.061,0.001,1.180,1.196,,,,
ICRF J180650.6+694928,271.71116937,69.82447458,-0.5446,-0.1099,0.5556,258.59,0.0367,0.0373,0.054,0.122,14.970,15.149,252.0,13.0,6.59,6.59
ICRF J180731.7+310621,271.88232554,31.10599361,-1.8321,-20.8147,20.8952,185.03,4.0387,10.2847,-0.111,0.539,2.160,2.074,,,,
ICRF J180738.8+220456,271.91169221,22.08233648,0.0828,0.2607,0.2736,17.61,0.1271,0.2089,-0.096,-0.212,1.472,1.408,,,,
ICRF J180749.8+052819,271.95770066,5.47211869,-9.3625,10.2842,13.9075,317.69,4.5174,4.3490,-0.556,-0.424,2.643,3.144,,,,
ICRF J180754.0-641350,271.97513626,-64.23058722,-0.2365,-0.3029,0.3843,217.98,0.4092,0.6252,-0.067,0.287,0.727,0.754,,,,
ICRF J180813.8-501153,272.05764829,-50.19822521,-0.3522,-1.7058,1.7418,191.67,0.5078,0.6186,-0.191,0.585,2.779,2.843,,,,
ICRF J180821.8+454220,272.09119119,45.70579623,-1.1220,-0.8781,1.4248,231.95,0.6246,0.5576,0.017,-0.040,2.437,2.389,,,,
ICRF J180911.9+275811,272.29991079,27.96994439,0.1899,-0.2791,0.3376,145.76,0.1054,0.1698,-0.111,0.032,2.352,2.439,,,,
ICRF J180957.8-455241,272.49113226,-45.87805948,2.0071,-0.6048,2.0962,106.77,0.2390,0.2404,-0.076,0.603,11.733,8.767,,,,
ICRF J181143.1+170457,272.92993110,17.08257153,1.3385,0.1796,1.3505,82.36,2.2064,3.7921,-0.074,0.975,2.474,0.609,,,,
ICRF J181250.9-064825,273.21227831,-6.80702411,-3.6997,-0.9569,3.8215,255.50,0.9428,1.0648,-0.290,0.628,4.046,4.026,,,,
ICRF J181257.6+560349,273.24028954,56.06366668,0.3177,-0.9474,0.9993,161.46,0.3110,0.3076,-0.114,-0.229,3.101,3.245,,,,
ICRF J181314.6+430415,273.31120607,43.07102136,1.4808,1.9447,2.4443,37.29,0.5737,0.6312,-0.032,0.058,3.916,4.019,,,,
ICRF J181333.4+061542,273.38921495,6.26167609,-0.0612,0.0823,0.1025,323.37,0.1485,0.2296,-0.307,0.169,0.505,0.546,287.0,43.0,36.37,36.37
ICRF J181337.2+295237,273.40527837,29.87718634,0.1501,-1.1928,1.2022,172.83,0.2647,0.3951,-0.404,0.071,3.023,3.072,,,,
ICRF J181422.7+411305,273.59460910,41.21822454,2.7803,0.7108,2.8697,75.66,0.5179,0.5580,-0.300,-0.103,5.696,5.517,,,,
ICRF J181514.8+162346,273.81189360,16.39619312,0.3958,-0.3759,0.5459,133.52,0.2128,0.3017,-0.154,0.111,2.251,2.238,,,,
ICRF J181536.7+612711,273.90330107,61.45323543,0.0611,-3.5487,3.5492,179.01,0.4152,0.3619,0.173,0.174,9.985,9.806,,,,
ICRF J181623.9+345745,274.09958760,34.96270816,-3.6421,-0.5835,3.6885,260.90,2.2608,2.3962,-0.058,0.125,1.612,1.629,,,,
ICRF J181640.0-742907,274.16699279,-74.48537405,-0.4958,-0.4832,0.6923,225.74,0.2185,0.2819,0.240,0.176,2.618,2.843,,,,
ICRF J181830.5+501719,274.62716348,50.28881776,0.5704,-0.5114,0.7661,131.88,0.2367,0.2752,-0.192,0.143,3.067,3.043,,,,
ICRF J181910.0+551108,274.79202324,55.18570920,0.0293,0.4646,0.4655,3.60,0.1810,0.2067,-0.114,0.051,2.283,2.253,,,,
ICRF J181926.5+384501,274.86061400,38.75049612,-0.0806,1.8927,1.8944,357.56,1.1255,1.2833,-0.080,-0.097,1.477,1.477,,,,
ICRF J181935.0-634548,274.89584553,-63.76339161,30.1558,102.7327,107.0672,16.36,7.3619,11.0545,-0.579,0.566,9.389,10.156,,,,
ICRF J181938.2+154344,274.90953880,15.72909106,0.0761,-0.1744,0.1903,156.41,0.2447,0.3748,-0.021,-0.108,0.549,0.560,,,,
ICRF J182111.8-050220,275.29920651,-5.03891256,0.2549,-0.9175,0.9523,164.48,0.5540,0.5861,0.271,0.259,1.799,1.632,,,,
ICRF J182159.4+681843,275.49788200,68.31194691,-0.2605,-0.0673,0.2690,255.51,0.1835,0.1826,0.116,-0.194,1.515,1.466,,,,
ICRF J182159.7+394559,275.49875250,39.76657114,-14.3739,-23.8968,27.8867,211.03,0.4055,0.6455,-0.231,0.010,57.672,51.256,,,,
ICRF J182203.0+825720,275.51274193,82.95574318,-1.4578,-0.3264,1.4939,257.38,0.1885,0.1789,-0.203,-0.166,8.415,7.945,,,,
ICRF J182209.9+160014,275.54153742,16.00412313,-0.4356,0.3096,0.5344,305.40,0.1668,0.2933,0.007,-0.414,2.756,2.817,,,,
ICRF J182314.1+793849,275.80878563,79.64694496,-2.8310,3.6272,4.6012,322.03,0.4716,0.4870,0.319,0.010,9.662,9.567,,,,
ICRF J182332.8+685752,275.88689126,68.96461459,0.0890,0.1036,0.1365,40.67,0.2703,0.2560,0.112,-0.070,0.539,0.522,,,,
ICRF J182402.8+104423,276.01189687,10.73993721,0.1661,0.0269,0.1682,80.79,0.0765,0.0905,-0.235,0.058,2.217,2.192,,,,
ICRF J182403.9+112737,276.01644986,11.46047308,0.4357,-0.6567,0.7881,146.44,0.3738,0.4227,-0.137,-0.068,1.875,1.942,,,,
ICRF J182407.0+565101,276.02945155,56.85041412,-0.6420,-1.8425,1.9512,199.21,0.0810,0.0855,0.022,-0.139,23.978,22.972,199.0,17.0,0.21,0.21
ICRF J182513.8-523058,276.30753905,-52.51618937,-0.2843,-1.2512,1.2831,192.80,0.4546,0.8559,-0.633,0.399,1.758,1.590,,,,
ICRF J182541.5+575305,276.42332779,57.88498861,-0.0891,0.4189,0.4283,347.99,0.4603,0.4681,-0.020,0.177,0.932,0.916,,,,
ICRF J182608.1-365049,276.53389545,-36.84714614,1.2899,1.1719,1.7428,47.75,1.2114,1.0348,0.090,0.107,1.481,1.554,,,,
ICRF J182625.0+014940,276.60442143,1.82781096,-0.1960,1.5804,1.5925,352.93,0.4344,0.4765,-0.412,0.297,3.556,3.347,,,,
ICRF J182637.5+670644,276.65640935,67.11242116,0.2372,-0.0856,0.2522,109.84,0.4074,0.3798,0.221,-0.250,0.655,0.624,,,,
ICRF J182659.9+343114,276.74992842,34.52058888,-0.1153,-0.5115,0.5243,192.70,0.1581,0.2206,-0.311,0.081,2.559,2.430,,,,
ICRF J182710.2-453309,276.79265880,-45.55276809,-0.5752,1.1362,1.2735,333.15,0.2467,0.6435,-0.318,0.326,2.625,2.925,,,,
ICRF J182720.1+263824,276.83389399,26.64004222,0.3037,-0.3000,0.4269,134.65,0.1503,0.2529,-0.040,-0.002,2.308,2.343,,,,
ICRF J182809.8+643416,277.04107373,64.57112050,0.1849,1.0163,1.0330,10.31,0.5175,0.4572,0.603,-0.086,2.280,2.251,,,,
ICRF J182832.4+082010,277.13505536,8.33635578,10.1446,12.7979,16.3310,38.40,15.7862,15.6245,-0.198,-0.311,1.250,1.041,,,,
ICRF J182912.4-581355,277.30167647,-58.23198939,-0.1113,-0.3535,0.3706,197.48,0.1379,0.1236,0.414,0.087,2.864,2.970,,,,
ICRF J182931.7+484446,277.38242058,48.74615585,-0.2744,-0.0587,0.2806,257.93,0.0781,0.0972,-0.228,0.058,3.712,3.567,316.0,29.0,58.07,58.07
ICRF J183000.8-444111,277.50362423,-44.68657755,-1.0552,1.6477,1.9567,327.36,0.2908,0.7042,-0.514,0.528,3.874,4.318,,,,
ICRF J183005.9+061915,277.52474937,6.32109784,-0.5306,0.0295,0.5315,273.18,0.2943,0.3277,-0.326,-0.088,1.806,1.805,315.0,16.0,41.82,41.82
ICRF J183100.0-271406,277.75018659,-27.23505037,1.2907,-1.2334,1.7853,133.70,0.2774,0.3749,-0.093,0.365,6.248,5.699,,,,
ICRF J183118.8+220012,277.82871644,22.00342560,-2.3727,-0.0678,2.3736,268.36,0.6045,0.9338,-0.369,-0.239,4.106,3.925,,,,
ICRF J183123.1-184334,277.84642297,-18.72634564,0.8852,-0.6023,1.0707,124.23,2.8463,2.9047,0.447,0.227,0.495,0.374,,,,
ICRF J183205.0+804941,278.02086738,80.82827222,1.0157,2.6768,2.8630,20.78,1.4945,1.6435,0.308,0.034,1.731,1.765,,,,
ICRF J183211.0-203948,278.04602697,-20.66339004,-1.5222,1.2539,1.9721,309.48,0.3898,0.4844,0.488,0.288,5.951,4.685,,,,
ICRF J183241.9+073155,278.17495450,7.53197957,0.0300,-0.2769,0.2786,173.81,0.1273,0.1780,-0.226,0.194,1.577,1.574,,,,
ICRF J183243.4+135744,278.18112959,13.96233347,0.0067,-0.4032,0.4032,179.04,0.2374,0.3205,-0.233,0.421,1.324,1.258,,,,
ICRF J183250.1+283335,278.20910677,28.55998756,0.3133,-0.2207,0.3833,125.16,0.0654,0.0849,-0.350,0.073,5.187,5.448,,,,
ICRF J183412.1+205140,278.55059720,20.86134398,0.5764,2.1396,2.2159,15.08,1.2473,1.5851,-0.593,0.158,1.409,1.427,,,,
ICRF J183414.0-030119,278.55864438,-3.02211846,167.1561,462.0174,491.3260,19.89,0.8483,1.0129,0.008,0.474,456.346,496.884,,,,
ICRF J183427.3+050603,278.61379759,5.10110131,0.1303,-0.7104,0.7222,169.60,0.6834,0.7647,-0.094,0.499,1.177,0.948,,,,
ICRF J183427.4-585636,278.61446821,-58.94340931,-0.9729,-0.2783,1.0119,254.04,0.8966,0.6472,-0.067,0.005,1.194,1.167,,,,
ICRF J183453.1-731514,278.72165782,-73.25398168,-0.4884,1.0465,1.1548,334.98,1.0438,1.1445,-0.258,0.190,0.954,1.027,,,,
ICRF J183503.3+324146,278.76412341,32.69634913,-0.0958,0.1271,0.1592,322.99,0.1528,0.1927,0.147,-0.049,0.985,0.910,56.0,7.0,86.99,93.01
ICRF J183519.6+611940,278.83198020,61.32778193,-0.0315,0.1064,0.1110,343.50,0.1241,0.1453,0.198,0.116,0.827,0.775,,,,
ICRF J183546.2+240750,278.94280210,24.13078607,4.3539,-5.2780,6.8421,140.48,19.8648,37.3230,-0.206,-0.997,1.017,0.261,,,,
ICRF J183558.3+250645,278.99323022,25.11261307,0.5562,0.7371,0.9234,37.04,0.4461,0.5606,-0.562,0.004,2.735,1.812,,,,
ICRF J183705.5-691733,279.27318320,-69.29259164,-0.8148,-0.9477,1.2499,220.69,0.9094,1.4216,0.343,-0.005,0.978,1.117,,,,
ICRF J183728.7-710843,279.36964567,-71.14543184,-0.0394,-0.1073,0.1143,200.19,0.0545,0.0721,0.191,0.075,1.577,1.654,,,,
ICRF J183828.4-342741,279.61873740,-34.46159933,-2.0079,-0.9064,2.2030,245.70,0.4062,0.9163,0.500,0.283,5.023,5.041,,,,
ICRF J183837.6-183355,279.65704848,-18.56534988,24.6978,23.6904,34.2230,46.19,20.8586,19.3538,-0.118,0.994,1.258,1.703,,,,
ICRF J183845.1-185330,279.68795609,-18.89186121,-4.2256,-0.2264,4.2316,266.93,2.6462,4.8394,-0.531,-0.848,1.877,1.598,,,,
ICRF J183858.5+573539,279.74400763,57.59424598,1.6510,-2.0763,2.6527,141.51,0.2816,0.3063,-0.237,-0.096,8.289,8.961,,,,
ICRF J183905.8+410059,279.77418228,41.01641461,-0.4198,-0.1323,0.4401,252.50,0.1910,0.2267,-0.108,0.043,2.310,2.274,,,,
ICRF J184057.1+390045,280.23814260,39.01270114,-0.5079,0.0892,0.5157,279.96,0.3697,0.4272,0.013,0.111,1.419,1.390,,,,
ICRF J184057.3+545215,280.23906961,54.87108630,0.5269,-1.3861,1.4828,159.19,0.4655,0.5916,-0.090,0.082,2.656,2.602,,,,
ICRF J184208.9+794617,280.53745773,79.77142455,-0.0849,-0.0178,0.0868,258.13,0.0729,0.0730,-0.313,-0.051,1.310,1.191,322.0,13.0,63.87,63.87
ICRF J184233.6+680925,280.64017369,68.15700771,0.2552,-0.6191,0.6696,157.60,0.1127,0.1226,-0.088,0.015,5.549,5.535,133.0,10.0,24.60,24.60
ICRF J184307.9+444951,280.78298921,44.83097837,-1.3365,-0.8252,1.5707,238.31,1.6393,1.6241,-0.163,-0.672,1.626,0.961,,,,
ICRF J184418.0+114024,281.07507534,11.67344927,1.0317,-0.2127,1.0534,101.65,0.3965,0.6591,-0.529,-0.138,2.684,2.622,,,,
ICRF J184445.1-202944,281.18797410,-20.49561216,0.3879,-0.0122,0.3881,91.80,0.6106,1.2206,-0.045,0.249,0.635,0.635,,,,
ICRF J184551.3-285240,281.46403455,-28.87785450,-0.6655,0.1921,0.6927,286.10,0.4602,0.4829,-0.059,0.501,1.875,1.500,,,,
ICRF J184723.9-162302,281.84969974,-16.38398428,-2.0104,-3.4071,3.9560,210.54,1.5848,3.5939,0.192,0.287,1.464,1.584,,,,
ICRF J184822.0+321902,282.09203571,32.31738994,0.0573,-0.1310,0.1430,156.36,0.0753,0.0945,0.020,0.143,1.678,1.582,314.0,23.0,22.36,157.64
ICRF J184834.3+324400,282.14317142,32.73337219,0.0605,0.0468,0.0765,52.32,0.1169,0.1769,-0.233,-0.208,0.651,0.581,113.0,11.0,60.68,60.68
ICRF J184836.5+213158,282.15209785,21.53291909,-3.1212,4.6408,5.5928,326.08,1.5559,1.9724,-0.186,-0.581,2.494,3.092,,,,
ICRF J184916.0+670541,282.31696785,67.09491118,0.0547,-0.0858,0.1017,147.50,0.0715,0.0674,0.024,-0.042,1.466,1.485,321.0,42.0,6.50,173.50
ICRF J184920.1+302414,282.33376417,30.40395480,1.4669,0.8795,1.7104,59.06,0.5973,0.7322,-0.139,-0.355,3.283,2.734,,,,
ICRF J185022.2+495921,282.59266773,49.98929140,0.8729,0.0381,0.8737,87.50,0.2880,0.3216,0.039,-0.041,3.031,3.033,,,,
ICRF J185027.5+282513,282.61495771,28.42032096,-0.5011,0.2749,0.5715,298.75,0.0946,0.1295,-0.132,0.008,5.530,5.705,,,,
ICRF J185051.1-255542,282.71296123,-25.92852604,0.2840,0.0366,0.2864,82.66,0.5790,1.2368,-0.408,0.368,0.546,0.491,,,,
ICRF J185152.3+610038,282.96816970,61.01077161,0.1731,-0.0791,0.1903,114.55,0.2606,0.2002,0.332,-0.015,0.907,0.773,,,,
ICRF J185228.5+485547,283.11894923,48.92985597,0.2325,0.3418,0.4134,34.22,0.7812,0.6559,-0.002,-0.185,0.657,0.600,47.0,17.0,12.78,12.78
ICRF J185230.3+401906,283.12655225,40.31850231,-0.9491,-0.9375,1.3340,225.35,0.1940,0.2082,-0.123,-0.090,7.006,6.650,,,,
ICRF J185247.8-243343,283.19922725,-24.56199998,-9.5585,-2.9659,10.0081,252.76,1.1321,1.2025,-0.476,0.003,9.094,8.796,,,,
ICRF J185250.5+142639,283.21075204,14.44436087,-0.6072,0.0871,0.6134,278.16,0.3097,0.4383,-0.447,0.101,1.961,1.971,,,,
ICRF J185326.7+331056,283.36161316,33.18225944,0.1954,-0.3500,0.4008,150.83,0.1432,0.2269,-0.232,-0.067,1.884,2.059,,,,
ICRF J185327.6+234435,283.36511663,23.74320285,-0.1608,0.2484,0.2959,327.08,0.1555,0.2767,-0.307,0.050,1.271,1.369,,,,
ICRF J185404.3-153913,283.51805023,-15.65366698,0.1310,0.6752,0.6878,10.98,0.1884,0.3239,0.025,0.355,2.131,2.197,,,,
ICRF J185416.4-161138,283.56861024,-16.19406184,-3.7690,-1.1943,3.9537,252.42,1.3445,1.0887,-0.361,0.212,2.864,3.010,,,,
ICRF J185457.2+735119,283.73874961,73.85552971,0.0279,-0.2082,0.2100,172.37,0.0644,0.0724,0.110,-0.066,2.932,2.906,14.0,5.0,21.63,158.37
ICRF J185554.4-120957,283.97685602,-12.16610214,-0.9731,0.0251,0.9734,271.48,2.7943,3.0011,0.063,0.928,0.923,0.348,,,,
ICRF J185556.3-175442,283.98491118,-17.91192625,-0.3577,-1.2305,1.2814,196.21,0.3951,0.7518,0.098,0.128,1.800,1.870,,,,
ICRF J185700.4-532500,284.25188462,-53.41677220,-0.6134,-0.7282,0.9521,220.11,0.5199,0.5344,0.380,-0.403,1.673,1.802,,,,
ICRF J185725.5+162455,284.35664815,16.41551123,-0.1597,-0.9384,0.9519,189.66,0.7096,0.8194,0.075,0.571,1.244,1.167,,,,
ICRF J185819.0-251050,284.57949078,-25.18075430,0.0330,0.3136,0.3153,6.01,0.4327,0.5594,-0.067,0.193,0.561,0.566,,,,
ICRF J185905.0-250947,284.77099215,-25.16308591,1.3092,1.7547,2.1893,36.73,0.6408,0.7669,-0.148,0.495,2.592,3.067,,,,
ICRF J190132.1-252814,285.38385987,-25.47061906,-0.3056,0.4329,0.5299,324.78,0.2809,0.5337,-0.174,0.105,1.308,1.357,,,,
ICRF J190146.1-141626,285.44228118,-14.27409112,-20.4698,54.5759,58.2884,339.44,41.3709,44.7024,-0.635,0.986,2.238,1.317,,,,
ICRF J190255.9+315941,285.73307874,31.99491712,-0.1286,-0.2391,0.2715,208.28,0.0643,0.0728,-0.160,0.080,3.863,3.847,109.0,23.0,80.72,99.28
ICRF J190311.6+554038,285.79836417,55.67734693,0.1044,0.1063,0.1490,44.47,0.1460,0.1902,0.041,0.135,0.888,0.907,27.0,7.0,17.47,17.47
ICRF J190528.5-115332,286.36911621,-11.89233728,0.5723,-0.6563,0.8708,138.91,1.1296,1.1634,0.261,0.755,1.485,0.758,,,,
ICRF J190711.9+012708,286.79998402,1.45248937,1.7954,0.3392,1.8272,79.30,0.9624,1.0695,0.067,0.473,1.923,1.892,,,,
ICRF J190806.2+222234,287.02587846,22.37615208,-0.1316,2.9146,2.9176,357.42,0.6022,1.0096,-0.061,0.018,2.899,2.895,,,,
ICRF J190829.4-294216,287.12263863,-29.70470612,-0.4118,-0.1833,0.4508,246.00,0.3231,0.7136,0.168,0.350,1.275,1.300,,,,
ICRF J190848.4-250929,287.20183011,-25.15815909,-0.3949,0.8581,0.9446,335.29,0.5355,1.2651,0.194,0.440,1.125,1.002,,,,
ICRF J190945.1-213935,287.43814400,-21.65983315,0.5922,-0.8087,1.0023,143.78,0.4124,0.5280,-0.300,0.489,2.393,2.099,,,,
ICRF J190946.5+483431,287.44401128,48.57550561,0.0341,-1.0742,1.0747,178.18,0.5430,0.5841,0.141,0.148,1.870,1.840,,,,
ICRF J191045.1+230558,287.68803003,23.09961440,0.0617,-3.2005,3.2011,178.90,0.4840,0.8303,-0.321,-0.219,3.948,3.857,,,,
ICRF J191057.5-222329,287.73982154,-22.39147846,-0.4291,0.5379,0.6881,321.42,0.3451,0.7880,-0.420,-0.104,1.274,1.418,,,,
ICRF J191109.6-200655,287.79022039,-20.11530807,0.0084,0.2949,0.2950,1.63,0.1735,0.1751,-0.112,0.477,1.869,1.685,4.0,36.0,2.37,2.37
ICRF J191135.0+265813,287.89615565,26.97048965,1.0028,0.8307,1.3022,50.36,0.0968,0.1665,-0.022,-0.090,11.618,11.500,,,,
ICRF J191153.9-210243,287.97473922,-21.04550049,0.1935,-0.6856,0.7123,164.24,0.3420,0.6390,-0.501,-0.036,1.116,1.213,,,,
ICRF J191156.5-192150,287.98549668,-19.36415629,-3.5757,-0.6453,3.6335,259.77,0.2294,0.3134,-0.064,0.310,15.589,15.724,,,,
ICRF J191207.1-080421,288.02970337,-8.07275068,-0.0503,0.1909,0.1974,345.24,0.2772,0.3729,0.117,0.556,0.634,0.543,,,,
ICRF J191211.9-150457,288.04974858,-15.08265111,-0.2128,-0.7206,0.7513,196.45,2.7510,3.0389,-0.015,0.992,1.095,0.249,,,,
ICRF J191225.1+374036,288.10468173,37.67684578,-0.2319,-0.6078,0.6505,200.89,0.4572,0.5125,-0.175,0.131,1.243,1.290,,,,
ICRF J191240.0-801005,288.16674616,-80.16831847,0.9177,-0.0789,0.9211,94.91,0.2042,0.2290,0.115,0.174,4.614,4.507,,,,
ICRF J191254.2+051800,288.22607359,5.30011708,-194.6027,74.0192,208.2044,290.82,0.6761,0.6895,-0.088,0.141,311.982,307.209,,,,
ICRF J191320.8-363019,288.33703922,-36.50539743,0.4354,-0.3644,0.5677,129.93,0.3383,0.6215,0.242,-0.087,1.478,1.414,,,,
ICRF J191346.5-450311,288.44379521,-45.05321377,0.7638,0.6708,1.0166,48.71,0.2113,0.3367,0.067,-0.041,4.047,4.128,,,,
ICRF J191414.5+012426,288.56063942,1.40730671,6.6946,-6.6668,9.4480,134.88,4.9310,3.9872,-0.289,-0.995,2.925,2.154,,,,
ICRF J191523.8+654846,288.84924609,65.81288559,-12.0655,-4.9122,13.0272,247.85,0.2942,0.3581,0.165,0.018,42.733,43.246,,,,
ICRF J191652.5-151900,289.21879579,-15.31668652,-0.4613,-0.1694,0.4914,249.83,0.3521,0.3734,-0.128,0.404,1.311,1.386,,,,
ICRF J191744.8-192131,289.43674708,-19.35877997,-0.5875,1.1270,1.2709,332.47,0.0986,0.2250,-0.268,0.332,7.058,7.785,340.0,10.0,7.53,7.53
ICRF J191810.7+552038,289.54479187,55.34405822,-0.0966,0.3640,0.3766,345.14,0.1496,0.1672,-0.195,0.112,2.264,2.271,,,,
ICRF J191845.5+493756,289.68991502,49.63223160,0.2109,-0.1169,0.2411,119.01,0.1985,0.2651,-0.350,-0.009,1.069,1.151,,,,
ICRF J192029.1+265148,290.12128409,26.86333390,-330.9685,105.8776,347.4913,287.74,1.0080,1.2485,-0.387,0.068,343.903,339.132,,,,
ICRF J192043.0-383106,290.17920648,-38.51834838,-5.6418,-2.4007,6.1314,246.95,1.0586,1.6932,-0.077,0.008,5.564,5.515,,,,
ICRF J192106.4+020434,290.27676270,2.07613256,-0.3581,-1.0610,1.1198,198.65,0.6527,0.7122,-0.149,0.582,1.491,1.588,,,,
ICRF J192109.9+433341,290.29139492,43.56162107,-23.8735,-40.2499,46.7974,210.67,13.7325,14.4333,-0.235,0.618,2.789,3.286,,,,
ICRF J192154.2+450626,290.47585387,45.10746861,-0.8903,0.1403,0.9013,278.96,0.3207,0.4063,-0.093,-0.105,2.777,2.797,,,,
ICRF J192234.7-163253,290.64486082,-16.54820863,1.8103,-5.8041,6.0799,162.68,0.4841,1.0613,-0.556,0.051,5.537,6.625,,,,
ICRF J192324.6-632045,290.85252509,-63.34604609,-0.7579,0.4727,0.8933,301.95,0.4134,0.4571,-0.059,-0.212,1.997,2.105,,,,
ICRF J192327.2+475416,290.86345750,47.90467170,0.1597,-0.0988,0.1878,121.75,0.1801,0.2035,0.094,0.025,1.035,1.011,,,,
ICRF J192332.1-210433,290.88412422,-21.07592587,0.2130,0.4644,0.5110,24.64,0.1170,0.1089,-0.108,0.235,4.375,4.638,351.0,29.0,33.64,33.64
ICRF J192411.8-154902,291.04926809,-15.81723509,-0.6377,-3.5012,3.5588,190.32,0.3019,0.3975,-0.255,0.261,8.871,9.057,,,,
ICRF J192417.4+332929,291.07283527,33.49159394,-0.1962,-2.8798,2.8865,183.90,0.7050,0.8788,0.106,-0.136,3.332,3.289,,,,
ICRF J192451.0-291430,291.21273314,-29.24170028,0.4470,0.9843,1.0810,24.42,0.1046,0.1023,0.122,0.314,9.736,10.528,325.0,49.0,59.42,59.42
ICRF J192517.0-340101,291.32091757,-34.01709291,-0.0276,0.0460,0.0537,329.03,0.3581,0.4340,0.031,0.343,0.149,0.131,,,,
ICRF J192539.7-221935,291.41579244,-22.32642017,-0.0856,0.0485,0.0984,299.56,0.3733,0.3202,0.184,0.280,0.318,0.275,,,,
ICRF J192559.6+210626,291.49835564,21.10726723,2.1358,0.6903,2.2446,72.09,0.4515,0.6009,0.117,0.414,4.812,4.868,245.0,20.0,7.09,172.91
ICRF J192606.3+505257,291.52634029,50.88250476,-0.2632,0.3138,0.4095,320.01,0.1453,0.2069,0.069,-0.070,2.403,2.362,,,,
ICRF J192626.9-100551,291.61236198,-10.09776656,-0.6730,-1.1936,1.3702,209.42,0.5237,0.5335,0.342,0.191,2.384,2.580,,,,
ICRF J192631.0+420958,291.62938861,42.16638584,-0.0761,-0.5565,0.5616,187.78,0.4507,0.5429,0.203,-0.058,1.043,1.039,,,,
ICRF J192631.1+770631,291.62996268,77.10874905,0.3166,-0.2050,0.3772,122.93,0.2491,0.2085,-0.058,0.034,1.609,1.607,,,,
ICRF J192730.4+611732,291.87684407,61.29246641,0.3439,-0.2850,0.4467,129.65,0.1060,0.1067,0.018,0.062,4.280,4.202,120.0,28.0,9.65,9.65
ICRF J192748.4+735801,291.95206314,73.96710274,-0.2232,0.9113,0.9382,346.24,0.0461,0.0471,-0.049,-0.165,19.595,19.963,158.0,24.0,8.24,171.76
ICRF J192809.1-203543,292.03826399,-20.59549570,-0.4043,-1.8911,1.9338,192.07,3.8670,4.5681,-0.396,0.893,0.713,0.427,,,,
ICRF J192820.5+681459,292.08560832,68.24979744,8.8633,-13.3431,16.0186,146.41,1.1290,1.1964,-0.172,-0.220,12.465,13.639,,,,
ICRF J192840.8+084848,292.17023124,8.81344796,4.7177,1.9400,5.1010,67.65,4.6816,3.8078,-0.301,0.896,1.337,1.129,,,,
ICRF J192919.9+050757,292.33311626,5.13266450,-0.8433,0.2711,0.8858,287.82,0.3563,0.4038,-0.185,0.310,2.700,2.460,,,,
ICRF J192944.9+254316,292.43715884,25.72117940,-0.9291,0.5583,1.0839,301.00,1.6723,2.0829,0.045,0.094,0.642,0.617,,,,
ICRF J192947.8+091003,292.44943033,9.16767900,-4.9334,-3.9073,6.2933,231.62,1.3478,1.3174,-0.312,0.636,3.769,4.711,,,,
ICRF J193006.1-605609,292.52566702,-60.93588450,0.0135,0.1641,0.1646,4.70,0.2077,0.2752,0.096,0.167,0.597,0.600,,,,
ICRF J193108.6+312233,292.78614076,31.37594363,-0.6295,-2.9765,3.0423,191.94,0.4737,0.6155,-0.227,0.067,4.973,5.016,,,,
ICRF J193116.5+474341,292.81894820,47.72811216,0.2412,-0.0161,0.2418,93.83,0.2210,0.2570,-0.004,-0.057,1.092,1.093,,,,
ICRF J193235.4-292842,293.14772419,-29.47834689,-1.7645,-0.7884,1.9326,245.93,3.6850,2.4969,-0.317,0.696,0.479,0.574,,,,
ICRF J193244.8-453637,293.18703227,-45.61053581,-0.1055,0.2123,0.2371,333.58,0.2127,0.2499,0.195,0.005,1.026,0.984,,,,
ICRF J193331.1-694258,293.37983301,-69.71636515,0.2495,0.2089,0.3254,50.06,0.3569,0.4248,-0.063,0.033,0.877,0.855,,,,
ICRF J193357.3+654016,293.48890529,65.67134125,-0.3101,0.1528,0.3457,296.23,0.2027,0.2151,-0.036,-0.066,1.650,1.687,,,,
ICRF J193440.6+613841,293.66951402,61.64489525,-0.6150,-1.0654,1.2301,210.00,0.5340,0.6678,-0.103,0.306,1.751,1.968,,,,
ICRF J193452.8-241624,293.72020295,-24.27343196,0.9575,-0.3752,1.0284,111.40,0.1734,0.3999,-0.091,0.169,5.547,5.602,,,,
ICRF J193535.7-160232,293.89914661,-16.04232638,-1.4718,1.2585,1.9365,310.53,0.3409,0.4125,-0.301,0.394,5.661,5.286,,,,
ICRF J193603.5+713131,294.01483669,71.52549580,0.1371,0.7677,0.7798,10.12,0.1737,0.2030,0.231,0.051,3.816,3.864,,,,
ICRF J193716.2-395801,294.31757233,-39.96709809,-0.1366,-0.0109,0.1370,265.42,0.1100,0.0948,-0.079,-0.048,1.255,1.247,,,,
ICRF J193719.9-062728,294.33330131,-6.45780130,-3.0087,-1.1660,3.2267,248.82,1.2280,1.2255,-0.221,0.635,2.479,2.628,,,,
ICRF J193731.4+360735,294.38098591,36.12662267,-3.2547,-8.6296,9.2230,200.66,3.0910,4.6507,-0.129,0.345,1.907,2.134,,,,
ICRF J193739.6+835629,294.41521991,83.94139084,-1.8177,-0.8726,2.0163,244.36,1.0254,0.9938,-0.072,-0.180,2.149,1.978,260.0,7.0,15.64,15.64
ICRF J193804.9-174920,294.52065938,-17.82232969,0.1602,0.0666,0.1735,67.43,0.1725,0.3236,-0.340,0.344,0.990,0.951,,,,
ICRF J193830.6+044811,294.62778979,4.80322618,-0.3503,1.6220,1.6594,347.81,1.3247,1.3367,0.008,0.079,1.266,1.242,,,,
ICRF J193925.0-634245,294.85427675,-63.71267347,0.0093,-8.3290,8.3290,179.94,1.5495,1.1249,-0.171,-0.235,7.522,7.404,,,,
ICRF J193926.6-152543,294.86107397,-15.42862735,-0.2471,0.0383,0.2501,278.81,0.2577,0.2729,-0.054,0.472,1.164,0.969,122.0,32.0,23.19,156.81
ICRF J193933.5+381735,294.88986201,38.29316345,0.2022,-0.2168,0.2964,137.00,0.1238,0.1489,-0.072,-0.021,2.130,2.188,,,,
ICRF J193957.2-100241,294.98856905,-10.04486683,-0.1268,-0.5128,0.5283,193.88,0.0933,0.1135,-0.054,0.076,4.723,4.720,,,,
ICRF J194025.5-690756,295.10636730,-69.13249215,0.2383,0.1629,0.2886,55.65,0.0838,0.1256,0.137,-0.000,3.069,3.125,,,,
ICRF J194049.3+430424,295.20549998,43.07351609,0.3994,0.3515,0.5320,48.65,0.2430,0.2826,0.288,-0.041,1.970,2.061,,,,
ICRF J194110.2-300720,295.29267703,-30.12234422,-0.2587,-0.1043,0.2789,248.04,0.1765,0.4400,0.162,0.191,1.466,1.485,,,,
ICRF J194121.7-621121,295.34070243,-62.18918242,5.5365,0.3316,5.5464,86.57,1.1324,1.4858,-0.252,-0.163,5.001,4.894,,,,
ICRF J194147.0-051132,295.44586913,-5.19232871,0.0358,-0.5278,0.5291,176.12,0.5332,0.5308,-0.159,0.022,0.996,0.997,,,,
ICRF J194240.9-313014,295.67047522,-31.50405857,-0.9041,0.5993,1.0847,303.54,0.5972,0.6853,-0.006,0.142,1.836,1.748,,,,
ICRF J194258.6+412923,295.74432545,41.48973894,-0.1613,-0.0184,0.1623,263.48,0.1846,0.2252,0.131,0.005,0.875,0.877,,,,
ICRF J194515.9+095259,296.31634503,9.88321195,0.3820,0.3112,0.4927,50.84,0.2174,0.3717,0.011,0.497,1.844,1.947,,,,
ICRF J194522.8-015321,296.34508656,-1.88939742,-0.1064,0.1692,0.1999,327.84,0.6317,0.6599,-0.212,0.479,0.408,0.307,,,,
ICRF J194524.2-552048,296.35095346,-55.34689897,23.0500,27.3041,35.7326,40.17,1.1915,1.5213,0.861,-0.514,27.430,26.389,,,,
ICRF J194553.5+705548,296.47299860,70.93020238,24.7552,-21.7711,32.9667,131.33,3.1599,3.1409,0.144,-0.057,10.184,10.460,,,,
ICRF J194559.3-311138,296.49737251,-31.19398824,0.1289,0.0874,0.1557,55.85,0.1782,0.3901,-0.591,-0.120,0.999,0.757,,,,
ICRF J194719.5+124855,296.83136104,12.81539437,-0.0216,1.0550,1.0552,358.83,0.5833,0.6811,-0.082,0.397,1.687,1.549,,,,
ICRF J194825.2-322806,297.10520519,-32.46845749,0.4217,1.4948,1.5532,15.76,0.7081,0.8509,-0.332,0.431,1.765,1.855,,,,
ICRF J194935.2+725242,297.39679551,72.87860296,0.6179,-0.4920,0.7899,128.53,0.6621,0.7994,-0.235,0.039,1.128,1.118,,,,
ICRF J194943.4+504131,297.43121784,50.69221471,0.4802,-0.0558,0.4834,96.63,0.2692,0.2631,0.034,-0.043,1.791,1.797,,,,
ICRF J194953.4-195713,297.47258413,-19.95370280,-0.3698,0.2796,0.4636,307.09,0.1961,0.2061,0.128,0.172,2.482,2.323,,,,
ICRF J195005.5+080713,297.52308299,8.12055027,1.5575,-3.4956,3.8268,155.98,0.9552,0.9015,-0.122,0.663,6.685,4.206,,,,
ICRF J195037.4-580439,297.65584034,-58.07770793,-0.4237,-0.1309,0.4434,252.84,0.4815,0.6526,0.336,-0.375,0.892,0.902,,,,
ICRF J195106.9+572717,297.77909446,57.45477138,-0.3072,-0.9602,1.0081,197.74,0.2426,0.2463,0.057,0.040,4.047,4.098,,,,
ICRF J195128.1-183047,297.86745508,-18.51324436,-0.0470,0.2174,0.2224,347.81,0.4082,0.4790,-0.117,0.294,0.484,0.468,,,,
ICRF J195136.0+013442,297.90007688,1.57853169,0.4063,0.0525,0.4097,82.63,0.7027,0.5824,-0.025,0.533,0.624,0.585,,,,
ICRF J195147.4-050943,297.94778525,-5.16221179,0.0694,-0.0350,0.0777,116.74,0.3224,0.2752,0.046,0.254,0.276,0.250,,,,
ICRF J195235.8+495813,298.14921963,49.97054795,0.8305,-0.5972,1.0229,125.72,0.2071,0.2083,-0.048,0.044,4.841,4.930,,,,
ICRF J195330.8+353759,298.37864880,35.63315536,-0.1780,0.4884,0.5199,339.97,0.2800,0.3520,0.468,0.042,1.672,1.527,,,,
ICRF J195441.1-112322,298.67148221,-11.38962283,0.7145,0.5514,0.9026,52.34,0.3857,0.2929,-0.070,0.252,2.424,2.641,358.0,25.0,54.34,54.34
ICRF J195511.5+135816,298.79821423,13.97117797,-0.4435,0.2649,0.5166,300.85,0.2346,0.2761,-0.073,0.697,2.751,2.120,,,,
ICRF J195542.7+513148,298.92807606,51.53015170,-0.1624,-0.1832,0.2448,221.56,0.0970,0.0918,-0.105,-0.038,2.666,2.604,300.0,16.0,78.44,78.44
ICRF J195623.8-195742,299.09957366,-19.96169692,0.0730,0.2205,0.2323,18.33,0.7130,0.5369,0.386,-0.045,0.418,0.423,,,,
ICRF J195630.8+185602,299.12840088,18.93392603,2.1617,-2.1144,3.0238,134.37,2.0674,1.8772,0.056,0.111,1.582,1.537,,,,
ICRF J195659.4-322546,299.24773029,-32.42944639,0.4139,-0.0648,0.4189,98.90,0.4203,0.3487,-0.255,0.101,1.014,1.002,,,,
ICRF J195759.8-384506,299.49924698,-38.75176552,0.0050,0.0636,0.0638,4.54,0.0872,0.0768,-0.050,-0.035,0.833,0.830,,,,
ICRF J195922.0+384654,299.84183040,38.78171267,-0.2954,0.0657,0.3026,282.55,0.2628,0.3061,-0.104,-0.097,1.129,1.144,,,,
ICRF J195959.8+650854,299.99938372,65.14851452,0.1693,-0.1923,0.2562,138.64,0.1019,0.0989,-0.072,-0.065,2.471,2.556,141.0,71.0,2.36,2.36
ICRF J200008.5-192137,300.03566923,-19.36042359,-3.2558,1.5907,3.6236,296.04,1.0279,0.6782,-0.033,0.137,3.987,3.941,,,,
ICRF J200042.1-132533,300.17560461,-13.42598138,0.3943,2.2547,2.2890,9.92,0.2822,0.2399,0.127,0.220,9.410,9.501,,,,
ICRF J200057.0-174857,300.23787683,-17.81602017,-0.0605,0.0293,0.0672,295.84,0.1005,0.0815,0.014,0.432,0.877,0.701,90.0,75.0,25.84,154.16
ICRF J200110.6+102758,300.29434801,10.46614362,-0.5761,1.1806,1.3136,333.99,1.7336,1.1938,-0.199,0.262,1.155,1.043,,,,
ICRF J200112.8+435252,300.30364059,43.88134411,0.5692,-0.2543,0.6235,114.07,0.4655,0.4964,0.192,-0.127,1.436,1.326,,,,
ICRF J200153.7+241639,300.47407460,24.27777491,0.1422,0.0533,0.1519,69.46,0.2442,0.2909,0.099,0.007,0.605,0.610,,,,
ICRF J200210.4+472528,300.54340935,47.42465937,-0.0715,0.2099,0.2217,341.19,0.1940,0.1952,0.006,-0.019,1.130,1.136,,,,
ICRF J200241.9+150114,300.67499680,15.02071502,0.3394,1.0722,1.1246,17.56,0.9722,0.7181,-0.124,0.336,1.501,1.533,,,,
ICRF J200324.1-325145,300.85048475,-32.86253690,0.2159,-0.3752,0.4329,150.08,0.1140,0.1374,-0.205,0.146,3.227,3.323,,,,
ICRF J200429.4-634723,301.12282529,-63.78980848,0.1128,0.7037,0.7127,9.10,0.4184,0.7015,0.501,-0.312,1.027,1.039,,,,
ICRF J200517.2-182203,301.32205482,-18.36758936,-0.1644,0.0235,0.1660,278.12,0.1511,0.2096,-0.021,0.169,1.101,1.094,,,,
ICRF J200530.3+103339,301.37645600,10.56106031,1.4013,0.5912,1.5209,67.13,0.4194,0.6535,-0.057,0.497,3.450,3.461,,,,
ICRF J200530.9+775243,301.37916043,77.87867987,0.2431,-0.0054,0.2432,91.28,0.0418,0.0400,-0.004,0.053,5.823,5.820,269.0,22.0,2.28,177.72
ICRF J200556.5-231027,301.48581472,-23.17416936,-0.2765,0.1556,0.3173,299.38,0.3391,0.3506,-0.528,0.035,0.897,0.928,,,,
ICRF J200617.6+642445,301.57372724,64.41261611,-0.5329,-0.5038,0.7334,226.61,0.3303,0.2884,-0.025,0.059,2.317,2.378,,,,
ICRF J200648.3-122255,301.70143091,-12.38202519,-0.1365,0.2524,0.2869,331.61,0.3470,0.3621,0.247,0.617,1.072,0.800,,,,
ICRF J200711.9+063644,301.79964713,6.61238787,-1.4385,-0.2495,1.4599,260.16,0.5338,0.4233,0.072,0.292,2.699,2.758,,,,
ICRF J200728.7+660722,301.86987954,66.12292655,-0.5398,-1.1444,1.2653,205.25,0.3402,0.4044,0.021,0.142,3.077,3.244,,,,
ICRF J200744.9+402948,301.93727015,40.49683447,-0.8616,-0.0737,0.8647,265.11,0.4117,0.4261,0.438,-0.011,2.218,2.100,110.0,56.0,24.89,155.11
ICRF J200755.1-443444,301.97993492,-44.57896577,-1.7173,-0.7520,1.8747,246.35,0.2413,0.5150,-0.226,0.278,7.364,7.266,,,,
ICRF J200824.4-041829,302.10178835,-4.30813832,-0.0812,-0.1260,0.1499,212.81,0.1644,0.2264,-0.022,0.301,0.716,0.744,,,,
ICRF J200846.9-471714,302.19571210,-47.28731620,-3.7124,-3.3140,4.9764,228.25,3.8100,2.0704,0.337,0.650,1.660,1.874,,,,
ICRF J200900.7-281225,302.25306399,-28.20721238,0.1843,0.1390,0.2308,52.97,0.3786,0.4301,-0.154,0.165,0.577,0.584,,,,
ICRF J200925.3-484953,302.35579471,-48.83158931,-1.2773,-1.2846,1.8115,224.84,0.1608,0.1493,0.396,-0.266,9.973,11.711,,,,
ICRF J200952.3+722919,302.46793250,72.48870851,0.0970,-0.0102,0.0975,95.98,0.1528,0.1260,0.191,0.138,0.662,0.640,,,,
ICRF J200955.5+072713,302.48128093,7.45379640,0.1826,0.4131,0.4516,23.85,0.2349,0.2981,0.050,0.309,1.481,1.589,,,,
ICRF J201049.2+611615,302.70536911,61.27087696,-3.9242,11.4496,12.1034,341.08,18.6155,23.2157,-0.213,-0.982,1.542,0.536,,,,
ICRF J201115.7-154640,302.81546219,-15.77784826,0.0570,-0.0578,0.0812,135.42,0.0725,0.0522,0.042,0.132,1.433,1.358,13.0,32.0,57.58,122.42
ICRF J201205.6+462855,303.02348864,46.48216076,-0.4417,-0.1412,0.4637,252.27,0.3489,0.3527,-0.639,-0.122,1.990,1.328,337.0,58.0,84.73,84.73
ICRF J201234.7-191453,303.14470815,-19.24812661,-0.4509,0.4052,0.6062,311.95,0.6114,1.7179,-0.527,0.209,0.753,0.774,,,,
ICRF J201350.5-262407,303.46050624,-26.40198080,-0.3938,0.9614,1.0389,337.73,0.3775,0.8184,-0.772,-0.068,1.220,1.571,,,,
ICRF J201432.0+655355,303.63349984,65.89872386,-21.9761,1.7839,22.0484,274.64,1.3556,1.4145,-0.242,-0.069,16.426,16.261,,,,
ICRF J201515.1-013732,303.81315814,-1.62571112,0.5440,0.7481,0.9249,36.02,0.1155,0.1700,-0.183,0.228,6.556,6.445,52.0,4.0,15.98,15.98
ICRF J201519.1+525359,303.82986809,52.89992162,0.1068,0.4277,0.4409,14.02,0.1678,0.1876,0.092,0.000,2.332,2.367,,,,
ICRF J201528.7+371059,303.86970744,37.18319854,0.0614,0.0882,0.1075,34.84,0.4410,0.5253,0.036,-0.075,0.226,0.218,219.0,40.0,4.16,175.84
ICRF J201555.3+655452,303.98070274,65.91462747,-0.1645,-0.2297,0.2825,215.61,0.2993,0.3215,0.036,-0.158,0.971,0.901,,,,
ICRF J201713.0+744047,304.30449707,74.67999997,-0.1128,-0.1079,0.1561,226.26,0.1005,0.1129,0.060,0.032,1.448,1.474,,,,
ICRF J201811.3+083154,304.54713321,8.53181853,0.0597,0.4391,0.4431,7.74,0.2720,0.2424,-0.113,0.429,1.849,1.824,,,,
ICRF J201828.0-110955,304.61672599,-11.16541581,0.6440,-1.1268,1.2978,150.25,0.1444,0.2390,0.091,0.181,6.827,6.488,,,,
ICRF J201857.7-050929,304.74066631,-5.15815926,-0.0479,0.1874,0.1934,345.67,0.2842,0.1959,0.096,-0.050,0.969,0.971,,,,
ICRF J202006.5+294214,305.02734807,29.70393099,0.8961,35.2674,35.2788,1.46,0.2303,0.2929,-0.136,-0.052,121.511,120.475,,,,
ICRF J202206.6+613658,305.52784061,61.61633465,13.2103,12.1616,17.9559,47.37,1.6413,2.2980,0.111,-0.145,10.363,9.633,,,,
ICRF J202226.4-451329,305.61005463,-45.22487521,-0.9126,0.5872,1.0852,302.76,0.4233,1.2436,0.534,-0.312,2.871,2.207,,,,
ICRF J202235.5+761126,305.64823282,76.19060326,0.0099,-0.2349,0.2351,177.60,0.1440,0.1035,0.189,0.116,2.318,2.270,221.0,11.0,43.40,43.40
ICRF J202251.3-403844,305.71383359,-40.64576179,0.0503,0.2481,0.2531,11.46,0.4767,0.5469,-0.216,0.211,0.457,0.466,,,,
ICRF J202319.0+315302,305.82923893,31.88397390,-0.1206,-0.6667,0.6775,190.25,0.1645,0.1959,-0.077,-0.154,3.625,3.482,135.0,32.0,55.25,55.25
ICRF J202323.1+222352,305.84650094,22.39792371,0.1760,-0.2002,0.2666,138.68,0.2205,0.2620,-0.324,-0.209,0.991,1.105,,,,
ICRF J202332.8-012342,305.88673486,-1.39504261,0.0590,-0.0263,0.0646,114.01,0.2541,0.2652,-0.253,0.489,0.285,0.253,,,,
ICRF J202355.8+542735,305.98268324,54.45995253,0.6250,-0.9153,1.1084,145.67,0.5817,0.5744,-0.247,0.191,2.106,1.922,,,,
ICRF J202422.7+002753,306.09464613,0.46475046,-1.1423,0.0072,1.1423,270.36,0.3384,0.3577,-0.126,0.376,3.437,3.375,,,,
ICRF J202435.5-325335,306.14823521,-32.89330902,0.3783,0.6002,0.7095,32.22,0.1885,0.2666,-0.167,0.046,3.092,3.016,,,,
ICRF J202451.2+273601,306.21346333,27.60047173,-0.5765,2.6291,2.6916,347.63,0.9040,1.3972,-0.289,-0.463,1.899,1.987,,,,
ICRF J202456.5+171813,306.23568100,17.30366601,0.7988,-0.2765,0.8453,109.10,0.1089,0.1643,-0.199,0.116,7.427,7.525,128.0,13.0,18.90,18.90
ICRF J202509.6+031644,306.29013403,3.27902903,0.0114,-0.1194,0.1200,174.55,0.2777,0.2366,-0.103,0.443,0.533,0.506,,,,
ICRF J202510.8+334300,306.29517543,33.71672621,-0.2660,0.6094,0.6649,336.42,1.8357,2.5553,-0.198,-0.181,0.260,0.279,,,,
ICRF J202524.9+502839,306.35405217,50.47764909,5.2119,15.3612,16.2213,18.74,9.8361,32.0334,-0.201,0.997,0.770,0.715,,,,
ICRF J202540.6-073552,306.41941835,-7.59796915,-0.1716,0.1746,0.2448,315.50,0.1106,0.1385,-0.240,0.238,1.944,2.000,352.0,15.0,36.50,36.50
ICRF J202553.6-284548,306.47338683,-28.76352732,0.3251,0.1073,0.3423,71.73,0.5423,0.5724,-0.019,0.520,0.609,0.628,,,,
ICRF J202704.3-213619,306.76827968,-21.60528659,0.9015,-2.7147,2.8605,161.63,0.7329,0.6938,-0.315,0.540,4.751,4.102,,,,
ICRF J202752.6-083155,306.96917100,-8.53218817,-0.0323,-0.2685,0.2705,186.86,0.3239,0.2892,-0.190,0.294,0.936,0.934,,,,
ICRF J202935.0-533907,307.39606321,-53.65202527,3.6984,-1.0643,3.8485,106.06,1.1217,3.2610,-0.120,0.171,3.298,3.313,,,,
ICRF J202939.8+492622,307.41614414,49.43948546,-10.3558,-1.0848,10.4125,264.02,14.8100,3.4573,0.187,0.959,1.013,0.766,12.0,152.0,72.02,107.98
ICRF J203001.6-250636,307.50688074,-25.11017402,-0.3108,-0.2210,0.3814,234.59,0.5952,1.2672,-0.522,0.186,0.703,0.551,,,,
ICRF J203022.4-050312,307.59345165,-5.05354901,0.4238,-0.5036,0.6582,139.92,0.2636,0.2637,-0.118,0.215,2.639,2.496,,,,
ICRF J203104.2-261531,307.76786000,-26.25879633,-0.4488,-0.2430,0.5104,241.57,2.4431,1.2522,-0.010,-0.448,0.341,0.267,,,,
ICRF J203147.2+023937,307.94687966,2.66035655,0.1823,0.1295,0.2236,54.60,0.3254,0.2295,-0.073,0.386,0.685,0.795,,,,
ICRF J203147.9+545503,307.94982722,54.91753875,-0.0096,-1.2592,1.2592,180.44,0.0701,0.0852,-0.100,-0.013,14.831,14.788,,,,
ICRF J203154.9+121941,307.97914277,12.32815004,-0.1320,-0.3946,0.4161,198.50,0.3435,0.2674,-0.018,0.225,1.477,1.525,214.0,23.0,15.50,15.50
ICRF J203254.3-212515,308.22631484,-21.42104372,-0.1514,-0.0004,0.1514,269.85,0.4230,0.9753,-0.062,0.501,0.358,0.358,,,,
ICRF J203258.0+270249,308.24200179,27.04801525,-0.5099,-0.3900,0.6419,232.59,1.1971,1.6636,-0.613,-0.160,0.749,0.486,,,,
ICRF J203332.0+214622,308.38346377,21.77289171,1.0489,0.0490,1.0500,87.33,0.1211,0.1538,-0.097,-0.053,8.724,8.666,,,,
ICRF J203428.2+282039,308.61784882,28.34444149,0.3274,-0.0669,0.3342,101.54,0.4152,0.6998,-0.265,-0.313,0.804,0.794,,,,
ICRF J203437.1+115431,308.65462345,11.90871774,0.3531,0.0302,0.3544,85.11,0.1946,0.2875,-0.278,0.072,1.853,1.818,,,,
ICRF J203454.4-164026,308.72693507,-16.67405815,0.3051,0.1955,0.3624,57.35,0.2025,0.3286,0.211,0.314,1.532,1.620,,,,
ICRF J203522.3+105606,308.84305544,10.93521894,-0.1702,0.5175,0.5447,341.80,0.1477,0.1787,-0.227,0.211,3.131,3.116,222.0,13.0,60.20,119.80
ICRF J203548.8-684633,308.95365208,-68.77606684,-0.3190,-0.0713,0.3269,257.39,0.1695,0.2493,0.027,-0.372,2.056,1.903,,,,
ICRF J203637.7-283026,309.15739528,-28.50736942,0.3254,-0.6978,0.7699,155.00,0.5184,0.5367,-0.240,0.309,1.526,1.444,,,,
ICRF J203640.7-062903,309.16962057,-6.48440217,-5.5742,-1.4613,5.7626,255.31,1.6499,0.6195,-0.127,0.391,3.578,4.120,,,,
ICRF J203651.1-214636,309.21321963,-21.77687508,0.0045,-0.0362,0.0365,172.92,0.2007,0.3303,-0.287,0.493,0.111,0.112,,,,
ICRF J203656.9+222759,309.23713621,22.46646943,0.0158,-0.1286,0.1296,173.00,0.4199,0.4248,-0.078,0.144,0.310,0.305,,,,
ICRF J203727.9-152200,309.36640558,-15.36680618,0.7241,-0.3011,0.7842,112.58,0.4025,0.3777,0.266,0.294,2.215,1.968,,,,
ICRF J203756.6-243832,309.48614555,-24.64237819,0.2395,0.3791,0.4484,32.29,0.2082,0.3517,0.180,0.269,1.455,1.577,,,,
ICRF J203837.0+511912,309.65431134,51.32018403,-0.1486,-0.3329,0.3646,204.05,0.3590,0.4286,0.076,-0.184,0.960,0.880,208.0,53.0,3.95,3.95
ICRF J203900.7-104641,309.75296009,-10.77829522,0.2163,0.0118,0.2166,86.87,0.1260,0.2215,0.146,0.266,1.728,1.717,,,,
ICRF J203909.9-031714,309.79160371,-3.28733805,-0.4907,-0.3866,0.6247,231.77,0.3744,0.4101,0.173,0.429,1.446,1.615,,,,
ICRF J203934.8+215209,309.89503462,21.86935636,0.1440,-0.1571,0.2132,137.49,0.1461,0.1722,-0.287,0.135,1.331,1.343,,,,
ICRF J204008.7-250746,310.03655382,-25.12962874,0.3460,-0.0958,0.3590,105.48,0.2442,0.1703,-0.376,0.310,1.597,1.524,,,,
ICRF J204027.7-170703,310.11555657,-17.11752950,0.6550,-0.7577,1.0015,139.16,0.3176,0.3929,0.151,0.456,3.205,2.823,,,,
ICRF J204237.3+750802,310.65545005,75.13401257,-0.0968,-0.1635,0.1900,210.63,0.1097,0.1199,-0.254,0.028,1.857,1.624,158.0,4.0,52.63,52.63
ICRF J204254.2-225559,310.72605856,-22.93330581,-0.1002,-0.5694,0.5781,189.99,0.3827,0.2766,0.162,0.323,2.068,2.075,,,,
ICRF J204257.2-222326,310.73865242,-22.39080951,-0.2233,-0.2475,0.3334,222.06,0.5141,0.8369,0.595,0.284,0.442,0.525,,,,
ICRF J204310.2+125513,310.79253825,12.92043585,1.2383,0.1529,1.2477,82.96,0.6942,0.6296,-0.379,0.314,1.797,1.800,,,,
ICRF J204334.4+342316,310.89355525,34.38805391,-4.3355,0.4729,4.3612,276.22,0.2630,0.3192,0.152,-0.079,16.708,16.553,,,,
ICRF J204540.9+762510,311.42055400,76.41971778,-0.0725,-0.0903,0.1158,218.74,0.3749,0.2442,0.382,0.087,0.378,0.417,,,,
ICRF J204545.4+154727,311.43955857,15.79092794,0.0147,0.3789,0.3791,2.22,0.1286,0.1778,-0.057,0.138,2.133,2.134,,,,
ICRF J204654.8-115247,311.72850688,-11.87993606,0.5756,0.9571,1.1168,31.02,0.9875,1.3456,0.351,0.303,0.804,0.920,,,,
ICRF J204710.3-023622,311.79319359,-2.60614968,-0.4602,0.4977,0.6779,317.24,0.1745,0.2656,-0.109,0.464,3.337,3.235,,,,
ICRF J204719.6-163905,311.83194595,-16.65162311,-0.1878,0.6020,0.6306,342.67,0.1804,0.3526,-0.359,0.285,1.785,2.000,,,,
ICRF J204737.6-184141,311.90689697,-18.69481971,0.1160,0.8836,0.8912,7.48,0.2208,0.4291,0.040,0.247,2.098,2.125,,,,
ICRF J204753.7+534332,311.97415023,53.72566652,0.7651,0.1847,0.7871,76.43,0.6758,0.5835,-0.168,0.340,1.133,1.175,,,,
ICRF J204910.0-402031,312.29172918,-40.34198231,-1.8047,-3.8059,4.2122,205.37,3.4499,2.2105,-0.268,0.336,1.722,1.799,,,,
ICRF J204942.2-191504,312.42622315,-19.25131991,0.3434,0.1959,0.3954,60.29,0.7408,0.3566,-0.002,0.351,0.713,0.719,,,,
ICRF J205002.2+361952,312.50951885,36.33125068,0.9421,-0.2961,0.9876,107.45,0.4901,0.5786,-0.082,-0.137,1.950,1.989,,,,
ICRF J205006.2+040748,312.52600249,4.13024701,-0.2930,0.4708,0.5545,328.11,0.1924,0.2222,-0.327,0.130,2.485,2.609,331.0,6.0,2.89,2.89
ICRF J205024.6-262818,312.60289094,-26.47168268,-0.5493,-0.2921,0.6222,242.00,0.4255,0.2965,-0.150,0.254,1.499,1.624,,,,
ICRF J205051.1+312727,312.71304778,31.45760393,0.3497,-0.3237,0.4765,132.78,0.2398,0.3267,-0.018,-0.204,1.653,1.763,,,,
ICRF J205112.6+195006,312.80277475,19.83508438,-0.3190,2.0022,2.0275,350.95,0.3637,1.0333,-0.384,-0.016,1.946,2.127,,,,
ICRF J205133.7+744140,312.89056063,74.69458283,-0.4472,-0.0337,0.4485,265.69,0.1887,0.1741,-0.270,0.006,2.398,2.378,,,,
ICRF J205135.5+174336,312.89826227,17.72691671,-0.8010,0.4559,0.9216,299.65,0.2520,0.2173,-0.112,-0.028,3.726,3.808,,,,
ICRF J205200.2+685815,313.00102799,68.97103250,0.5034,-0.2391,0.5573,115.41,0.4613,0.3800,0.178,0.195,1.384,1.260,,,,
ICRF J205243.6+161948,313.18174940,16.33022999,0.0168,0.7974,0.7975,1.21,0.6456,0.5957,0.052,0.234,1.366,1.339,,,,
ICRF J205309.3+224801,313.28901687,22.80041307,0.1395,-0.1785,0.2265,142.00,0.1603,0.2350,-0.093,-0.155,1.102,1.155,,,,
ICRF J205429.5+240733,313.62305450,24.12604585,0.4302,0.6140,0.7497,35.01,0.8850,0.7267,-0.189,-0.054,1.003,0.975,,,,
ICRF J205550.2-041647,313.95940825,-4.27974469,0.5206,-0.1214,0.5346,103.12,0.1549,0.1844,-0.065,0.110,3.419,3.424,,,,
ICRF J205551.1-123444,313.96333064,-12.57895530,0.1756,0.1411,0.2253,51.22,0.4032,0.3722,-0.056,0.431,0.517,0.577,,,,
ICRF J205616.3-471447,314.06816585,-47.24656325,0.1887,0.0453,0.1941,76.50,0.0892,0.0844,-0.007,0.216,2.120,2.182,,,,
ICRF J205625.0-320847,314.10445929,-32.14661118,-0.0567,0.4211,0.4249,352.34,0.2188,0.2748,-0.219,0.482,1.610,1.554,,,,
ICRF J205721.0-071939,314.33769127,-7.32767623,0.2759,-0.4099,0.4941,146.05,0.8161,0.5364,-0.291,0.352,0.963,0.836,,,,
ICRF J205741.6-373402,314.42334783,-37.56749732,0.8974,-0.2405,0.9291,105.00,0.7237,0.4320,-0.050,0.052,1.383,1.359,,,,
ICRF J210004.8+234703,315.02014478,23.78427933,0.3029,-0.3010,0.4270,134.81,0.2788,0.2834,-0.488,-0.236,1.324,1.519,,,,
ICRF J210101.6-293327,315.25691661,-29.55773230,-0.2757,-0.3643,0.4569,217.12,0.2179,0.1867,-0.063,0.592,2.103,2.326,,,,
ICRF J210138.8+034131,315.41180897,3.69203355,0.2793,-0.0669,0.2872,103.48,0.0820,0.0505,0.049,-0.136,3.557,3.653,,,,
ICRF J210159.1-421916,315.49630779,-42.32115704,-3.5976,-0.2299,3.6049,266.34,0.3555,0.7548,0.056,0.225,10.125,10.125,,,,
ICRF J210353.2-093341,315.97184152,-9.56157013,14.7373,-20.4266,25.1880,144.19,2.1956,1.8223,-0.844,0.635,18.107,13.065,,,,
ICRF J210501.1-484846,316.25482536,-48.81292309,-1.4072,-0.2908,1.4370,258.32,0.1249,0.1947,0.065,0.139,11.282,11.361,,,,
ICRF J210544.9-782534,316.43733918,-78.42626305,-1.2558,-1.7209,2.1304,216.12,0.9768,1.2723,0.112,0.030,1.838,1.866,,,,
ICRF J210610.8+213535,316.54507580,21.59333234,-2.4687,1.3785,2.8275,299.18,1.0621,0.9792,-0.300,0.237,3.049,2.717,,,,
ICRF J210628.1+023137,316.61728659,2.52716703,0.1639,-0.0123,0.1643,94.30,0.2438,0.3350,-0.165,0.212,0.675,0.673,,,,
ICRF J210659.7-654743,316.74884156,-65.79544054,0.6830,-0.5777,0.8945,130.23,0.5423,0.8166,-0.134,-0.549,1.283,1.444,,,,
ICRF J210807.4-291117,317.03083605,-29.18810181,-2.1025,-4.3685,4.8481,205.70,5.6962,3.2995,-0.223,0.532,1.380,1.374,,,,
ICRF J210812.3-245233,317.05133242,-24.87592308,-0.2992,-0.0301,0.3007,264.25,0.2384,0.3110,-0.141,0.627,1.267,1.259,,,,
ICRF J210841.0+143027,317.17096728,14.50750347,-0.2728,-0.0682,0.2812,255.97,0.3331,0.2936,-0.063,0.045,0.843,0.851,,,,
ICRF J210850.7-484621,317.21165421,-48.77267215,-5.2396,-11.2789,12.4365,204.92,0.7542,1.9863,-0.671,0.160,14.373,8.973,,,,
ICRF J210919.1+802111,317.32985243,80.35311861,-0.0325,0.2315,0.2338,352.02,0.3533,0.3136,-0.128,0.064,0.738,0.744,,,,
ICRF J210931.8+353257,317.38282800,35.54933271,-0.0070,-0.1127,0.1129,183.58,0.0891,0.1318,-0.065,-0.107,0.868,0.859,,,,
ICRF J210933.1-411020,317.38828580,-41.17239040,4.0194,-2.7856,4.8903,124.72,0.4417,0.3468,-0.007,0.406,15.585,12.137,,,,
ICRF J211000.9-102057,317.50407904,-10.34925526,1.5444,0.1470,1.5514,84.56,0.2235,0.2741,-0.219,0.665,7.025,6.930,,,,
ICRF J211022.6-012658,317.59424612,-1.44951167,-0.2487,-0.2639,0.3626,223.30,0.3347,0.4219,-0.058,0.213,0.935,0.971,,,,
ICRF J211354.7+112125,318.47797716,11.35705471,-0.1476,-0.5126,0.5334,196.06,0.6799,0.6035,-0.408,-0.115,0.921,0.877,,,,
ICRF J211401.1+820448,318.50487961,82.08009457,-0.2507,0.1092,0.2734,293.54,0.1150,0.1462,-0.268,0.087,2.189,2.304,,,,
ICRF J211458.3+283257,318.74305677,28.54922129,0.1877,-0.0214,0.1889,96.52,0.1190,0.1493,-0.093,-0.033,1.578,1.583,,,,
ICRF J211518.4-141643,318.82681482,-14.27871444,0.0878,-0.0813,0.1197,132.81,0.2154,0.2357,-0.254,0.628,0.616,0.534,,,,
ICRF J211529.4+293338,318.87255605,29.56065748,-0.3413,0.0016,0.3413,270.26,0.1505,0.1458,0.050,-0.517,2.600,2.268,188.0,45.0,82.26,82.26
ICRF J211629.8-552720,319.12423410,-55.45567910,0.4338,-0.2028,0.4788,115.06,0.2361,0.3326,-0.004,-0.153,1.903,1.936,,,,
ICRF J211630.8-805355,319.12852358,-80.89867303,1.3966,-0.6171,1.5269,113.84,1.0850,1.2376,-0.026,0.118,1.444,1.380,,,,
ICRF J211636.6+053617,319.15264529,5.60473497,0.2192,1.3858,1.4031,8.99,0.6101,0.7120,-0.221,0.242,1.947,1.979,,,,
ICRF J211720.7+050304,319.33648785,5.05114251,-0.2862,-0.1249,0.3123,246.43,0.7525,0.6775,-0.394,0.527,0.380,0.423,,,,
ICRF J211810.5-301911,319.54415864,-30.31989157,-0.3678,0.9380,1.0075,338.59,0.2426,0.6081,-0.387,0.355,1.849,2.163,,,,
ICRF J211834.7+203402,319.64470602,20.56724407,0.3496,-0.1119,0.3671,107.75,0.1477,0.1977,-0.340,-0.187,2.374,2.433,,,,
ICRF J211843.2-063617,319.68017573,-6.60499976,0.1966,-0.2721,0.3356,144.15,0.2200,0.3236,-0.083,-0.319,1.152,1.227,,,,
ICRF J211928.8-234029,319.87037731,-23.67492374,4.7814,-4.7151,6.7152,134.60,0.5047,1.0107,-0.612,0.482,9.483,10.560,,,,
ICRF J212015.3-245051,320.06415673,-24.84753125,-0.0189,-1.6567,1.6568,180.65,0.7999,1.7367,-0.248,0.545,0.972,0.954,,,,
ICRF J212028.5+024634,320.11887494,2.77619677,0.0548,-5.5422,5.5424,179.43,2.4139,1.8258,-0.103,0.121,3.053,3.036,,,,
ICRF J212031.7+443434,320.13239226,44.57618488,1.5401,-4.4086,4.6698,160.74,1.1195,1.3415,-0.218,0.085,3.523,3.563,,,,
ICRF J212041.1+053345,320.17159288,5.56250243,-1.1289,-1.1202,1.5903,225.22,0.8400,1.0516,-0.155,0.466,1.438,1.715,,,,
ICRF J212048.4-033028,320.20197298,-3.50803596,0.0904,-0.7371,0.7426,173.01,0.3985,0.3763,0.027,0.140,2.008,1.972,,,,
ICRF J212100.6+190128,320.25252769,19.02452198,0.7628,-0.2432,0.8007,107.69,0.5841,0.4904,-0.027,-0.324,1.317,1.397,,,,
ICRF J212104.0-611124,320.26697567,-61.19017354,-0.3740,-0.1148,0.3913,252.94,0.2687,0.3034,0.513,-0.354,1.420,1.443,,,,
ICRF J212118.5-262853,320.32708468,-26.48164663,1.4915,4.2989,4.5503,19.13,1.4588,1.4239,-0.121,0.485,3.023,3.188,,,,
ICRF J212155.0-640430,320.47925705,-64.07501207,-11.3262,-0.0727,11.3265,269.63,4.9357,4.8430,-0.281,-0.701,2.419,2.295,,,,
ICRF J212313.3+100754,320.80566041,10.13192919,-0.0201,0.0688,0.0717,343.70,0.3081,0.4363,-0.377,0.329,0.171,0.171,,,,
ICRF J212344.5+053522,320.93548916,5.58947028,-0.1050,0.4056,0.4190,345.48,0.1828,0.1934,-0.004,0.319,2.461,2.174,237.0,58.0,71.52,108.48
ICRF J212348.5-304605,320.95249812,-30.76817743,-0.6376,-0.6118,0.8836,226.19,0.2332,0.3466,-0.142,0.595,2.981,3.254,,,,
ICRF J212444.6-194143,321.18600079,-19.69538171,-0.1180,0.2219,0.2513,332.01,0.1846,0.3117,-0.027,0.677,1.065,0.957,,,,
ICRF J212455.3-143813,321.23062385,-14.63703324,7.4575,5.6690,9.3676,52.76,0.8784,0.8045,0.196,0.457,9.349,11.033,,,,
ICRF J212526.1+244203,321.35904458,24.70099584,2.1092,-1.7797,2.7597,130.16,2.8435,1.1607,-0.129,-0.708,1.599,1.703,,,,
ICRF J212529.2+044135,321.37189767,4.69320049,0.3849,-1.0294,1.0990,159.50,1.5817,1.0608,0.012,-0.210,0.971,1.000,,,,
ICRF J212552.1-233811,321.46717601,-23.63659431,0.4185,1.3509,1.4142,17.21,0.2594,0.6041,-0.040,0.333,2.754,2.757,,,,
ICRF J212619.6-065408,321.58191757,-6.90248217,-0.1228,-0.6944,0.7052,190.03,0.3009,0.6124,-0.093,0.579,1.229,1.205,,,,
ICRF J212630.7-460547,321.62793444,-46.09663669,-0.8558,-0.0578,0.8577,266.14,0.1106,0.1339,0.079,0.230,7.783,7.752,,,,
ICRF J212632.7-011932,321.63648939,-1.32566810,-0.6752,-0.9018,1.1266,216.82,0.3077,0.3454,-0.124,0.391,3.029,3.411,,,,
ICRF J212912.1-153841,322.30073289,-15.64473386,0.1807,0.6258,0.6513,16.11,0.0823,0.0728,-0.073,0.465,8.658,8.873,196.0,19.0,0.11,179.89
ICRF J212921.4-182122,322.33924626,-18.35633066,0.2366,-0.9190,0.9490,165.56,0.3471,0.3351,-0.080,0.625,3.561,2.826,,,,
ICRF J213016.2+084355,322.56770729,8.73220210,-0.5840,-0.8648,1.0435,214.03,0.3884,0.4507,-0.092,0.279,2.209,2.438,,,,
ICRF J213019.0-092737,322.57953442,-9.46039866,0.4896,0.1606,0.5152,71.83,0.1592,0.1459,0.077,0.384,3.076,3.267,,,,
ICRF J213029.6+333249,322.62374828,33.54696011,2.6530,-0.0513,2.6535,91.11,0.4387,0.6922,-0.370,-0.307,6.369,6.047,,,,
ICRF J213101.4-203656,322.75615085,-20.61559909,5.5379,0.3711,5.5503,86.17,0.5907,0.8696,-0.481,0.680,9.476,9.385,,,,
ICRF J213135.2-120704,322.89692395,-12.11799891,0.4439,0.6334,0.7735,35.02,0.0440,0.0459,0.051,0.460,15.625,17.098,210.0,17.0,5.02,174.98
ICRF J213139.3+843011,322.91384080,84.50328263,1.5508,-3.6207,3.9388,156.81,0.5117,0.5589,-0.387,0.165,7.470,7.152,,,,
ICRF J213334.0+823906,323.39199750,82.65168161,0.0713,-0.6657,0.6695,173.89,0.2467,0.2598,-0.406,0.125,2.566,2.578,,,,
ICRF J213337.3+144346,323.40578860,14.72957337,0.0214,-0.0019,0.0215,95.16,0.2837,0.3755,-0.606,0.256,0.076,0.076,,,,
ICRF J213410.3-015317,323.54295662,-1.88812192,1.6632,0.1607,1.6710,84.48,0.1849,0.1600,0.011,0.150,9.000,9.052,95.0,27.0,10.52,10.52
ICRF J213450.8-335114,323.71176881,-33.85409738,0.3015,0.4541,0.5451,33.58,0.2836,0.3766,-0.282,0.554,1.504,1.608,,,,
ICRF J213638.5+004154,324.16077634,0.69839246,1.1668,-0.8244,1.4287,125.24,0.0564,0.0592,-0.152,0.267,25.769,24.921,324.0,29.0,18.76,161.24
ICRF J213705.9+235701,324.27485929,23.95053615,-0.8153,-0.3487,0.8867,246.84,2.1539,2.6434,-0.303,-0.422,0.491,0.401,,,,
ICRF J213744.1+345542,324.43376170,34.92835889,-0.2422,-0.1043,0.2637,246.70,0.1192,0.1848,-0.021,-0.352,2.145,2.109,,,,
ICRF J213745.1-143255,324.43831644,-14.54880440,0.3594,0.0054,0.3595,89.14,0.6936,0.2600,-0.005,0.315,0.519,0.519,,,,
ICRF J213750.0-204231,324.45836607,-20.70879801,-66.1125,-39.9797,77.2609,238.84,5.5525,3.4485,-0.248,0.415,14.069,16.619,,,,
ICRF J213837.1-243954,324.65492123,-24.66512952,0.5527,-1.9442,2.0212,164.13,0.2383,0.2884,-0.174,0.579,8.281,7.129,,,,
ICRF J213841.9-181044,324.67469466,-18.17899352,-6.2979,61.6851,62.0058,354.17,3.0329,2.9661,-0.158,0.428,22.725,20.900,,,,
ICRF J213901.3+142335,324.75545528,14.39333116,-0.0376,-0.2205,0.2237,189.67,0.1568,0.1312,-0.041,0.127,1.681,1.698,308.0,25.0,61.67,118.33
ICRF J213913.2-245415,324.80512056,-24.90418508,0.7194,0.9815,1.2170,36.24,1.8990,1.6170,0.073,0.555,0.611,0.716,,,,
ICRF J213938.1+131613,324.90891887,13.27029144,0.2500,0.0213,0.2509,85.13,0.2691,0.4450,-0.441,0.204,0.962,0.930,,,,
ICRF J213942.5+012227,324.92712025,1.37421328,0.4462,0.1908,0.4853,66.85,0.3925,0.4789,-0.233,0.346,1.163,1.204,,,,
ICRF J214046.8-192356,325.19525075,-19.39890180,0.2819,-0.1489,0.3188,117.84,0.2916,0.4769,-0.339,0.451,1.000,1.016,,,,
ICRF J214152.4-372912,325.46853751,-37.48694191,-0.3399,-0.2933,0.4489,229.21,0.2155,0.2927,-0.098,0.407,1.867,1.869,,,,
ICRF J214215.9-255126,325.56636012,-25.85738791,-0.1139,0.3971,0.4131,343.99,0.5455,0.6253,-0.149,0.163,0.682,0.668,,,,
ICRF J214230.9-244438,325.62899597,-24.74411998,-0.2906,0.4537,0.5388,327.36,0.4803,0.4763,-0.124,0.416,1.383,1.128,,,,
ICRF J214236.9-043743,325.65375704,-4.62875346,0.3009,-0.5224,0.6028,150.06,0.1489,0.2045,-0.319,-0.210,2.935,3.257,,,,
ICRF J214241.9-230338,325.67477476,-23.06068813,-0.0138,-0.2462,0.2466,183.21,0.4898,0.5386,-0.001,0.721,0.534,0.458,,,,
ICRF J214305.0-254943,325.77108133,-25.82861951,12.9898,4.7354,13.8261,69.97,27.3858,17.1186,0.058,0.947,0.714,0.549,,,,
ICRF J214335.5+174348,325.89810234,17.73021877,-0.0696,0.0722,0.1003,316.03,0.0507,0.0448,-0.000,0.023,2.133,2.119,277.0,54.0,39.03,39.03
ICRF J214518.7+111527,326.32822944,11.25758677,-0.1006,-0.2621,0.2807,201.01,0.1085,0.1221,-0.111,0.328,2.184,2.339,,,,
ICRF J214533.3-043439,326.38911225,-4.57755227,0.9127,1.3961,1.6680,33.18,0.8337,1.7530,-0.512,0.340,1.731,1.354,,,,
ICRF J214622.9-152543,326.59574720,-15.42885713,-0.2041,-0.1218,0.2376,239.16,0.1149,0.0969,-0.021,0.359,1.933,2.176,,,,
ICRF J214630.0-775554,326.62528958,-77.93187079,-1.1537,0.7579,1.3803,303.30,0.6815,0.7406,0.713,0.087,2.404,1.978,,,,
ICRF J214655.1+042725,326.72996651,4.45707718,-0.1384,-0.4721,0.4920,196.34,0.3829,0.3935,-0.149,0.340,1.200,1.253,,,,
ICRF J214710.1+092946,326.79234570,9.49629785,0.1240,0.0178,0.1253,81.83,0.1409,0.1142,0.033,0.171,0.880,0.894,81.0,23.0,0.83,0.83
ICRF J214712.7-753613,326.80304432,-75.60367359,0.2715,0.0795,0.2829,73.67,0.0553,0.0581,-0.006,-0.147,5.247,5.097,,,,
ICRF J214721.8-062025,326.84120711,-6.34037265,0.2196,-0.0081,0.2197,92.11,0.2325,0.1695,0.329,0.414,1.026,0.946,,,,
ICRF J214731.1-360151,326.87969132,-36.03090913,0.4496,-0.3474,0.5682,127.70,0.2158,0.5502,-0.243,0.257,2.092,2.176,,,,
ICRF J214753.1-762129,326.97146343,-76.35811654,0.6433,0.1964,0.6726,73.02,0.7614,0.3923,0.803,-0.169,0.869,0.982,,,,
ICRF J214755.2+083011,326.98008076,8.50330467,0.0925,1.3852,1.3883,3.82,0.1595,0.1551,-0.027,0.013,8.950,8.951,,,,
ICRF J214805.4+065738,327.02274445,6.96072339,0.1117,-0.4137,0.4285,164.89,0.0471,0.0460,-0.019,0.190,9.571,9.296,101.0,60.0,63.89,63.89
ICRF J214836.8-172344,327.15333683,-17.39555961,-0.2805,-0.5509,0.6182,206.99,0.2872,0.3839,-0.183,0.722,1.454,1.736,,,,
ICRF J214935.2+075625,327.39693247,7.94037422,2.2929,8.3571,8.6660,15.34,0.3079,0.3694,-0.043,0.249,23.149,23.820,,,,
ICRF J215001.7-182226,327.50723211,-18.37393344,0.0103,-0.2693,0.2695,177.80,0.4292,0.5067,-0.151,0.474,0.569,0.532,,,,
ICRF J215053.0-281241,327.72119972,-28.21161524,-0.0070,-0.1992,0.1994,182.00,0.2224,0.3138,-0.139,0.493,0.640,0.636,,,,
ICRF J215121.9-274223,327.84127115,-27.70639159,-0.2807,-0.4278,0.5116,213.27,0.2319,0.2791,-0.039,0.519,1.706,1.953,,,,
ICRF J215131.4+070926,327.88095545,7.15743969,-0.9885,0.6231,1.1685,302.23,0.1696,0.2240,-0.229,0.333,6.925,6.457,,,,
ICRF J215155.5-302753,327.98134987,-30.46491614,-0.1098,0.0678,0.1290,301.71,0.0896,0.0787,0.111,0.345,1.779,1.498,,,,
ICRF J215203.1-780706,328.01314407,-78.11851090,-4.1673,6.0905,7.3797,325.62,0.3614,0.3974,0.580,-0.116,19.668,19.179,,,,
ICRF J215224.8+173437,328.10341414,17.57716528,-3.0189,0.0689,3.0197,271.31,0.2968,0.2901,-0.084,0.132,10.288,10.173,275.0,38.0,3.69,3.69
ICRF J215350.2-113614,328.45934273,-11.60391958,-0.6017,0.8948,1.0783,326.08,0.3586,0.3821,0.086,0.426,3.661,2.881,,,,
ICRF J215350.9+432254,328.46232964,43.38180575,0.1924,-0.2214,0.2933,139.02,0.1453,0.1636,-0.236,-0.013,1.787,1.893,,,,
ICRF J215407.4-150131,328.53099495,-15.02540798,-0.1777,-0.3425,0.3858,207.42,0.2885,0.6507,0.556,0.468,0.655,0.810,,,,
ICRF J215440.9+172750,328.67041859,17.46410942,-0.2975,-0.2177,0.3687,233.81,0.1584,0.1846,-0.148,-0.189,2.399,2.218,,,,
ICRF J215506.4+225022,328.77691041,22.83952256,0.4437,0.0353,0.4451,85.45,0.3406,0.3119,-0.182,0.018,1.309,1.307,,,,
ICRF J215614.7-003704,329.06149136,-0.61794292,0.0060,0.2963,0.2963,1.16,0.2032,0.2539,-0.152,0.530,1.263,1.167,,,,
ICRF J215633.7-201230,329.14064932,-20.20858172,-0.1215,-0.1421,0.1870,220.53,0.2263,0.5231,-0.198,0.377,0.648,0.602,,,,
ICRF J215657.3+833714,329.23882270,83.62075617,0.5920,0.2624,0.6476,66.09,0.2714,0.2633,-0.340,0.038,2.691,2.398,,,,
ICRF J215702.9-131902,329.26240124,-13.31749025,0.7557,-0.2716,0.8030,109.77,0.8870,0.8438,-0.766,0.183,0.922,0.911,,,,
ICRF J215705.9-694123,329.27491913,-69.68991245,0.1409,1.3456,1.3530,5.98,0.3167,0.3070,0.644,-0.203,5.187,4.406,,,,
ICRF J215712.8+101424,329.30358517,10.24022158,0.2570,-0.1292,0.2876,116.69,0.3147,0.3740,-0.169,0.248,0.961,0.887,,,,
ICRF J215728.8+312701,329.37009953,31.45037549,0.2996,-0.7780,0.8337,158.94,0.8672,0.8343,-0.023,-0.543,0.952,0.994,70.0,49.0,88.94,88.94
ICRF J215729.1-180702,329.37134897,-18.11746155,5.3312,19.9859,20.6847,14.94,0.5947,1.0981,-0.009,0.350,19.893,20.289,,,,
ICRF J215759.2-754953,329.49677105,-75.83155756,-0.2694,0.2178,0.3464,308.96,0.3098,0.3581,-0.108,-0.239,0.968,1.061,,,,
ICRF J215806.2-150109,329.52617452,-15.01925791,-0.5449,-0.5300,0.7601,225.80,0.0871,0.1007,0.058,0.506,6.906,8.178,213.0,38.0,12.80,12.80
ICRF J215852.0-301332,329.71693800,-30.22558840,0.0425,-0.0048,0.0428,96.49,0.0744,0.0820,-0.162,0.316,0.572,0.575,,,,
ICRF J215950.7-251652,329.96163433,-25.28116001,0.3737,1.6381,1.6802,12.85,1.2826,1.1149,-0.173,0.289,1.473,1.498,,,,
ICRF J220007.9+103007,330.03305511,10.50219525,-0.7550,0.4670,0.8878,301.74,0.4955,0.6533,-0.194,0.143,1.780,1.683,47.0,12.0,74.74,105.26
ICRF J220014.1+213757,330.05915578,21.63251084,0.2412,0.0993,0.2608,67.62,0.1968,0.2770,-0.024,0.061,1.281,1.277,42.0,2.0,25.62,25.62
ICRF J220016.9-371657,330.07069362,-37.28251382,-0.7510,-0.9595,1.2184,218.05,0.3691,0.6725,-0.417,0.517,2.579,2.485,,,,
ICRF J220054.8-163232,330.22866207,-16.54241739,0.0637,0.4480,0.4525,8.09,0.4628,0.6114,-0.283,0.347,0.733,0.746,,,,
ICRF J220127.5+031215,330.36461956,3.20421186,-1.8373,0.3744,1.8751,281.52,2.1272,1.8500,-0.185,0.137,0.921,0.887,,,,
ICRF J220143.5+504856,330.43140517,50.81566364,0.3746,-0.0151,0.3749,92.30,0.1491,0.1473,-0.150,-0.022,2.513,2.514,288.0,7.0,15.70,164.30
ICRF J220243.2+421639,330.68038071,42.27777219,-0.0406,-0.1889,0.1932,192.12,0.0319,0.0327,-0.019,-0.169,5.954,5.910,192.0,43.0,0.12,0.12
ICRF J220255.9-233510,330.73333127,-23.58617946,0.0463,0.2467,0.2510,10.63,0.1568,0.2332,-0.195,0.131,1.115,1.098,,,,
ICRF J220312.6+675047,330.80259455,67.84657605,0.2243,-0.1404,0.2646,122.04,0.8507,0.6289,-0.129,-0.084,0.332,0.345,,,,
ICRF J220314.9+314538,330.81239911,31.76063054,0.1322,0.1173,0.1767,48.42,0.0347,0.0391,0.080,0.154,4.634,4.850,205.0,43.0,23.42,156.58
ICRF J220326.8+172548,330.86205701,17.43006882,0.7445,0.5774,0.9422,52.20,0.2105,0.2074,-0.178,0.196,4.216,4.501,42.0,39.0,10.20,10.20
ICRF J220330.4+715108,330.87694482,71.85237062,0.0475,-0.3627,0.3658,172.54,0.4913,0.2506,-0.255,0.032,1.459,1.451,,,,
ICRF J220359.6-613022,330.99849115,-61.50611411,-0.5124,0.0139,0.5126,271.56,0.3251,0.6381,0.646,-0.387,1.783,1.576,,,,
ICRF J220417.6+044002,331.07355152,4.66722855,-0.9730,0.8485,1.2910,311.09,0.1848,0.2501,-0.363,0.240,5.990,6.265,,,,
ICRF J220421.1+363237,331.08791878,36.54363636,-2.0087,0.6296,2.1050,287.40,0.4694,0.7660,-0.175,-0.398,4.369,4.357,,,,
ICRF J220444.6-061603,331.18617436,-6.26760774,0.1594,0.3237,0.3609,26.22,0.4973,0.6947,-0.145,0.481,0.507,0.566,,,,
ICRF J220546.5+292655,331.44377655,29.44864785,-3.8806,-0.7328,3.9492,259.31,4.8040,7.4000,0.045,-0.845,1.669,0.814,,,,
ICRF J220610.4-183538,331.54340879,-18.59409115,9.6218,39.8487,40.9939,13.57,1.2088,1.9238,-0.433,0.239,27.827,22.190,,,,
ICRF J220641.3-211940,331.67242594,-21.32792057,0.0452,0.2653,0.2691,9.66,0.2468,0.4437,0.345,0.354,0.598,0.625,,,,
ICRF J220643.2-003102,331.68034421,-0.51735979,-0.0932,-0.1353,0.1643,214.57,0.1727,0.2411,0.050,0.369,0.707,0.779,,,,
ICRF J220743.7-534633,331.93222204,-53.77606110,-0.1252,-0.1472,0.1932,220.38,0.0732,0.0914,0.160,0.064,2.238,2.348,,,,
ICRF J220752.8+165217,331.97027366,16.87161540,0.1979,-0.0672,0.2090,108.76,0.2336,0.3188,0.147,0.274,0.956,0.873,,,,
ICRF J220803.1+651938,332.01295872,65.32744105,-0.1333,-0.3935,0.4154,198.72,1.6449,1.2066,0.041,0.014,0.335,0.336,,,,
ICRF J220824.1+180826,332.10079354,18.14078986,-0.5303,-0.6201,0.8159,220.54,0.3457,0.5667,-0.232,-0.093,2.128,1.884,,,,
ICRF J220847.2-632547,332.19683996,-63.42985802,0.4096,1.6335,1.6840,14.08,0.9346,1.4465,0.509,-0.355,1.136,1.211,,,,
ICRF J220921.4+374218,332.33927125,37.70506313,-0.9517,-0.5236,1.0862,241.18,0.1446,0.2209,-0.017,-0.096,7.103,6.994,,,,
ICRF J220921.4+515801,332.33952879,51.96717613,-0.2172,0.0133,0.2177,273.50,0.3076,0.2972,0.419,-0.067,0.710,0.708,,,,
ICRF J220945.3+355601,332.43889308,35.93364724,0.0609,-0.2977,0.3038,168.44,0.1536,0.2146,-0.337,-0.258,1.387,1.443,,,,
ICRF J221051.6+201324,332.71521853,20.22334861,-0.3545,0.6323,0.7249,330.72,0.3370,0.4700,-0.109,0.100,1.784,1.708,,,,
ICRF J221124.0-132809,332.85041439,-13.46936775,-0.0209,0.0778,0.0806,344.98,0.0706,0.0842,-0.074,0.323,0.998,0.970,,,,
ICRF J221150.5-370704,332.96052550,-37.11804978,-0.3941,-0.7256,0.8257,208.51,0.2487,0.6452,-0.468,0.231,2.598,1.943,,,,
ICRF J221153.8+184149,332.97453705,18.69718387,-0.0349,0.1173,0.1224,343.43,0.1224,0.1861,-0.149,-0.245,0.656,0.692,,,,
ICRF J221201.5+081916,333.00662193,8.32125192,-0.1944,0.9531,0.9728,348.47,0.4390,0.4936,-0.151,0.300,2.165,1.981,,,,
ICRF J221205.9+235540,333.02485964,23.92792884,0.3459,0.0105,0.3460,88.26,0.1320,0.1723,0.042,0.183,2.651,2.620,39.0,28.0,49.26,49.26
ICRF J221220.0-103737,333.08372988,-10.62716279,-0.5447,-0.4884,0.7316,228.12,0.8760,0.4826,-0.005,-0.062,1.200,1.188,,,,
ICRF J221220.7-251828,333.08631925,-25.30790781,-3.8757,-1.8559,4.2971,244.41,1.2573,1.4035,0.096,0.466,3.084,3.354,,,,
ICRF J221239.1+275938,333.16292964,27.99401378,-0.3207,-1.1920,1.2344,195.06,0.2299,0.3306,-0.034,0.153,3.793,3.866,191.0,2.0,4.06,4.06
ICRF J221250.8+064608,333.21183038,6.76909461,0.6828,-0.8457,1.0870,141.09,0.6718,0.5768,-0.137,-0.065,1.732,1.784,,,,
ICRF J221302.4-252930,333.26040826,-25.49168906,-0.1218,-0.1743,0.2126,214.94,0.2566,0.2433,-0.125,0.163,0.818,0.859,,,,
ICRF J221310.2+362355,333.29259316,36.39866209,-0.4782,-0.5834,0.7543,219.34,0.4306,0.5103,-0.351,-0.439,2.096,1.594,,,,
ICRF J221318.1+291013,333.32572679,29.17030901,-0.7094,5.2529,5.3006,352.31,10.7883,11.1766,-0.845,0.097,0.778,0.475,,,,
ICRF J221405.6+373909,333.52372869,37.65255455,-0.7352,-0.3669,0.8217,243.48,0.2474,0.3103,-0.164,-0.324,3.565,3.199,,,,
ICRF J221408.8+071142,333.53692330,7.19510893,-0.2700,-2.0182,2.0362,187.62,0.4906,0.7348,-0.218,0.565,2.946,2.801,,,,
ICRF J221426.5-125742,333.61076358,-12.96179985,-0.6775,0.2327,0.7163,288.95,0.7280,0.5254,0.069,0.086,1.063,1.031,,,,
ICRF J221446.4-252116,333.69334279,-25.35446469,79.4910,-133.1584,155.0806,149.16,7.4569,5.2057,-0.394,0.428,34.876,27.712,,,,
ICRF J221516.0-294423,333.81681067,-29.73981424,0.5237,0.7888,0.9468,33.58,0.1259,0.3052,0.218,0.281,4.509,4.897,,,,
ICRF J221620.0+351814,334.08337458,35.30393886,-0.0344,0.6884,0.6893,357.14,0.0863,0.1013,-0.025,-0.006,6.803,6.806,,,,
ICRF J221700.8+242145,334.25342157,24.36276612,-0.0401,1.6237,1.6242,358.59,0.1253,0.1897,-0.148,0.266,8.618,8.564,,,,
ICRF J221702.1-190203,334.25902381,-19.03439571,-1.1334,-0.5640,1.2660,243.54,0.8469,0.8171,-0.160,0.189,1.424,1.506,,,,
ICRF J221717.5+315649,334.32323505,31.94722107,-1.4366,-0.0996,1.4401,266.03,1.8696,1.4388,-0.033,0.147,0.770,0.772,,,,
ICRF J221748.2+022010,334.45099139,2.33630885,0.6120,1.9307,2.0254,17.59,1.0819,1.4511,-0.116,0.598,1.359,1.446,,,,
ICRF J221806.6+005223,334.52782079,0.87322775,-0.0859,-0.1811,0.2005,205.38,0.2010,0.3535,0.026,0.184,0.653,0.667,,,,
ICRF J221810.9+152035,334.54547459,15.34325484,-0.0190,0.1385,0.1398,352.20,0.1455,0.1469,-0.037,0.251,1.011,0.952,,,,
ICRF J221819.0-503841,334.57927054,-50.64492568,5.5975,2.8848,6.2971,62.73,4.7419,2.0660,-0.010,0.326,1.837,1.828,,,,
ICRF J221852.0-033536,334.71682384,-3.59357765,-0.0079,0.7143,0.7144,359.36,0.0603,0.0709,0.101,0.412,10.612,10.069,193.0,23.0,13.64,166.36
ICRF J221914.0+180635,334.80871865,18.10988354,-0.0872,-0.8561,0.8605,185.81,0.4914,0.4140,-0.085,0.109,2.068,2.075,58.0,9.0,52.19,127.81
ICRF J221935.3-271903,334.89716767,-27.31758178,0.0473,-0.6664,0.6681,175.94,0.4879,0.7046,0.210,0.446,1.044,0.951,,,,
ICRF J221938.5+214112,334.91050670,21.68682217,-0.6859,0.4795,0.8369,304.96,0.2837,0.4043,0.020,0.035,2.720,2.693,,,,
ICRF J221944.1+212053,334.93406403,21.34810717,0.0619,0.0053,0.0621,85.14,0.2274,0.3353,-0.120,0.117,0.273,0.273,,,,
ICRF J221947.2-005132,334.94701025,-0.85904337,-0.2255,0.2853,0.3637,321.67,0.4254,0.4856,-0.329,0.154,0.819,0.791,,,,
ICRF J221949.7+261327,334.95725483,26.22442946,1.2273,-1.3027,1.7898,136.71,0.1546,0.2843,-0.170,0.203,8.853,9.165,,,,
ICRF J222208.5-334556,335.53574315,-33.76578125,14.9092,12.7442,19.6137,49.48,9.3115,19.4436,0.385,0.430,1.602,1.730,,,,
ICRF J222252.9+121349,335.72078759,12.23050238,-0.3101,0.5698,0.6487,331.45,0.4846,0.6749,-0.260,0.392,1.326,1.059,,,,
ICRF J222256.0-114426,335.73335442,-11.74065999,-1.2231,-1.3033,1.7873,223.18,1.3616,1.2106,-0.041,0.256,1.261,1.402,,,,
ICRF J222305.9-345547,335.77471067,-34.92977162,-0.1981,0.1037,0.2236,297.62,0.0607,0.1061,0.120,0.240,3.564,3.406,,,,
ICRF J222321.6-313702,335.84013195,-31.61725248,-0.1777,-0.1264,0.2180,234.58,0.4874,0.5948,0.117,0.435,0.373,0.422,,,,
ICRF J222341.1-160705,335.92155309,-16.11810381,-1.4244,1.6756,2.1992,319.63,0.4203,0.6554,-0.224,0.612,5.074,4.245,,,,
ICRF J222407.9-112621,336.03317782,-11.43919623,-3.4715,0.1449,3.4745,272.39,0.3295,0.4374,0.098,-0.195,10.536,10.540,,,,
ICRF J222538.0+211806,336.40852964,21.30178195,0.2323,0.1241,0.2634,61.90,0.1111,0.1284,-0.047,0.013,2.321,2.304,257.0,17.0,15.10,164.90
ICRF J222543.7-111340,336.43215997,-11.22797162,0.1559,-1.1833,1.1935,172.50,0.5162,0.4952,-0.098,-0.118,2.390,2.409,,,,
ICRF J222547.2-045701,336.44691371,-4.95038632,3.9786,-0.9124,4.0819,102.92,0.1740,0.1699,-0.012,0.209,25.043,23.492,105.0,87.0,2.08,2.08
ICRF J222646.5+005211,336.69390423,0.86981431,1.6076,0.7994,1.7954,63.56,0.7929,1.6004,-0.188,0.509,2.114,2.088,,,,
ICRF J222705.2+035557,336.77179306,3.93257647,-0.2004,-0.1675,0.2612,230.12,0.3020,0.5162,-0.545,0.370,0.898,0.739,,,,
ICRF J222721.6+773319,336.84009394,77.55534341,-0.0357,-0.3880,0.3896,185.26,0.4353,0.4151,0.132,0.118,0.935,0.938,,,,
ICRF J222850.4+441908,337.21026386,44.31901177,-0.2776,-0.0148,0.2780,266.95,0.1700,0.1950,-0.024,-0.196,1.646,1.634,,,,
ICRF J222852.6-075346,337.21919820,-7.89628949,0.1574,0.0518,0.1657,71.77,0.1843,0.2531,-0.235,0.142,0.885,0.878,,,,
ICRF J222900.1-691030,337.25073627,-69.17507588,0.0471,-0.2225,0.2274,168.04,0.2156,0.4240,0.643,-0.214,0.741,0.568,,,,
ICRF J222940.0-083254,337.41701805,-8.54845431,0.1010,-0.1099,0.1493,137.41,0.0969,0.0865,-0.007,0.071,1.696,1.644,345.0,64.0,27.59,152.41
ICRF J223010.3-631043,337.54307395,-63.17869253,2.7232,-5.7243,6.3391,154.56,5.7684,4.1661,-0.105,-0.277,1.413,1.453,,,,
ICRF J223015.3-132542,337.56377538,-13.42858445,0.1270,-0.1746,0.2159,143.96,0.2099,0.2363,-0.176,0.104,0.966,0.955,,,,
ICRF J223036.4+694628,337.65195724,69.77446581,-0.6347,-0.3685,0.7339,239.86,0.3545,0.2952,0.016,0.112,2.079,2.183,,,,
ICRF J223040.2-394252,337.66782737,-39.71446313,0.0097,-0.4443,0.4444,178.75,0.1404,0.2385,0.084,0.259,1.888,1.864,,,,
ICRF J223056.4-441629,337.73517870,-44.27496997,0.3394,-0.0815,0.3491,103.50,0.2517,0.5388,-0.194,0.329,1.355,1.357,,,,
ICRF J223139.6-142222,337.91510936,-14.37304792,-0.1335,0.4098,0.4310,341.96,0.1350,0.2640,-0.150,0.170,1.782,1.841,,,,
ICRF J223158.2-094359,337.99265416,-9.73329258,0.0728,0.1296,0.1486,29.34,0.3020,0.6953,-0.119,0.225,0.321,0.305,,,,
ICRF J223222.5-165901,338.09401895,-16.98385886,-3.3806,-1.5500,3.7190,245.37,3.7792,2.3416,-0.021,-0.293,1.316,1.113,,,,
ICRF J223236.4+114350,338.15170375,11.73080668,0.0831,-0.1628,0.1828,152.96,0.0532,0.0553,-0.027,0.297,3.593,3.331,124.0,48.0,28.96,28.96
ICRF J223332.4+424539,338.38502698,42.76108996,-0.1438,-0.0739,0.1617,242.80,0.1638,0.1958,-0.084,-0.243,1.034,0.955,,,,
ICRF J223358.4+100852,338.49354297,10.14781042,0.3252,0.0604,0.3307,79.48,0.2147,0.2387,-0.032,0.368,1.521,1.536,,,,
ICRF J223457.4-205503,338.73933455,-20.91756592,0.3718,-0.1047,0.3862,105.72,0.2174,0.3033,-0.286,0.246,1.755,1.745,,,,
ICRF J223513.2-483558,338.80515241,-48.59966514,0.2509,0.0536,0.2565,77.93,0.0703,0.0867,0.178,0.186,3.567,3.620,,,,
ICRF J223609.5-170621,339.03967820,-17.10610368,2.1905,1.1827,2.4894,61.63,0.1931,0.2543,-0.133,0.294,11.713,12.263,,,,
ICRF J223622.4+282857,339.09362852,28.48261478,-0.2034,-0.2586,0.3290,218.18,0.1098,0.1031,0.117,0.166,2.905,3.118,34.0,82.0,4.18,175.82
ICRF J223634.0-143322,339.14202980,-14.55616378,0.3058,0.0310,0.3074,84.21,0.1335,0.1404,-0.281,-0.128,2.383,2.302,107.0,33.0,22.79,22.79
ICRF J223638.5+732252,339.16082086,73.38129508,-1.1473,0.2804,1.1811,283.74,0.6364,0.5831,0.262,-0.086,1.833,1.866,,,,
ICRF J223718.3-250632,339.32648126,-25.10903272,-2.9504,-8.0694,8.5918,200.08,0.3471,0.5691,0.412,0.281,14.798,16.533,,,,
ICRF J223810.3+072413,339.54331547,7.40388488,0.6607,0.4618,0.8061,55.05,0.1627,0.2487,0.113,0.169,4.283,4.466,,,,
ICRF J223812.8+274952,339.55364016,27.83132594,0.3549,-0.9744,1.0370,159.99,1.0733,1.2506,-0.151,-0.459,0.780,0.846,,,,
ICRF J223834.6+124250,339.64418679,12.71410616,0.2225,0.0342,0.2252,81.26,0.4891,0.4847,-0.136,0.252,0.456,0.460,,,,
ICRF J223912.0-570100,339.80031625,-57.01689987,-1.2001,3.2155,3.4322,339.53,1.7964,4.6347,0.118,-0.394,0.816,0.963,,,,
ICRF J223931.9+122224,339.88318300,12.37344927,0.0245,-0.0095,0.0263,111.11,0.1631,0.3163,0.096,0.048,0.157,0.153,,,,
ICRF J224013.4-083628,340.05586932,-8.60798586,-0.4217,-0.2351,0.4828,240.86,0.3932,0.4163,0.099,0.191,1.164,1.212,,,,
ICRF J224019.8+513311,340.08282705,51.55327647,0.2467,0.0756,0.2580,72.96,0.2294,0.2648,-0.212,-0.025,1.148,1.113,,,,
ICRF J224025.1-104421,340.10485784,-10.73942765,-0.6486,1.5967,1.7234,337.89,0.5400,0.4253,0.179,0.354,4.385,3.941,,,,
ICRF J224107.2+412011,340.28002183,41.33656034,0.0062,-0.0820,0.0822,175.68,0.1073,0.1323,-0.084,-0.456,0.623,0.622,,,,
ICRF J224148.3-355947,340.45129761,-35.99660555,4.8256,4.1405,6.3585,49.37,7.6456,9.6774,-0.285,0.937,0.781,0.763,,,,
ICRF J224149.7+095352,340.45715547,9.89790141,0.0215,0.4429,0.4434,2.78,0.1489,0.1651,0.075,0.232,2.721,2.686,,,,
ICRF J224215.1+295543,340.56312998,29.92864410,1.1645,1.0868,1.5929,46.98,0.3805,0.6372,-0.093,0.572,3.063,3.503,,,,
ICRF J224243.6+822447,340.68182754,82.41305939,-8.3987,7.5213,11.2743,311.85,3.0631,2.7260,-0.075,-0.374,3.327,3.890,,,,
ICRF J224307.8-625057,340.78266363,-62.84925620,0.2319,0.0438,0.2360,79.30,0.2965,0.4278,0.300,-0.320,0.782,0.789,,,,
ICRF J224308.7-060902,340.78650313,-6.15071314,-0.0715,-1.2763,1.2783,183.21,0.4690,0.5553,-0.270,0.176,2.298,2.303,,,,
ICRF J224326.4-254430,340.86003659,-25.74185762,2.1248,-2.0369,2.9434,133.79,0.1113,0.1981,-0.329,0.072,20.005,21.683,,,,
ICRF J224412.7+405713,341.05304640,40.95378344,0.0793,-0.1005,0.1280,141.73,0.0721,0.0879,-0.121,-0.226,1.493,1.586,127.0,26.0,14.73,14.73
ICRF J224435.1+260020,341.14644692,26.00575050,-1.0573,0.2239,1.0807,281.96,0.1910,0.2447,-0.149,0.381,5.687,5.610,,,,
ICRF J224528.2+032408,341.36785313,3.40246220,-0.0877,0.3311,0.3425,345.17,0.2101,0.2747,-0.148,0.059,1.265,1.275,,,,
ICRF J224549.0-075519,341.45418248,-7.92205056,0.4068,-1.1241,1.1955,160.10,0.5246,0.6097,-0.141,0.168,2.101,2.000,,,,
ICRF J224553.6+050056,341.47355880,5.01582282,-0.0133,0.1702,0.1708,355.54,0.1919,0.1647,-0.012,0.095,1.045,1.036,,,,
ICRF J224618.2-120651,341.57596654,-12.11424378,0.1244,-0.5205,0.5352,166.55,0.0735,0.0642,-0.002,0.021,8.306,8.279,4.0,115.0,17.45,162.55
ICRF J224703.9-365746,341.76632220,-36.96286225,0.1822,-0.1850,0.2597,135.44,0.2541,0.2833,-0.122,0.248,1.106,0.970,,,,
ICRF J224730.1+000006,341.87581666,0.00179511,-0.0518,0.3142,0.3184,350.63,0.1868,0.2358,-0.286,0.222,1.372,1.361,,,,
ICRF J224752.1-085022,341.96747166,-8.83946618,0.4220,-1.6214,1.6754,165.41,0.5229,0.6151,0.043,0.141,2.866,2.757,,,,
ICRF J224752.6-123719,341.96933765,-12.62214491,0.3235,0.0786,0.3329,76.35,0.1391,0.1641,-0.121,-0.001,2.398,2.374,,,,
ICRF J224758.6+031042,341.99450858,3.17843141,-2.8139,2.3048,3.6373,309.32,2.6014,4.7291,-0.203,-0.762,1.199,1.186,,,,
ICRF J224800.0-054118,342.00033566,-5.68839390,0.2726,1.0739,1.1080,14.25,0.3624,0.4962,-0.436,0.175,2.337,2.291,,,,
ICRF J224837.9+371812,342.15796039,37.30346199,0.1139,0.3644,0.3818,17.36,0.2997,0.4466,-0.284,0.189,0.862,0.900,,,,
ICRF J224838.6-323552,342.16119057,-32.59783004,0.1520,-0.1502,0.2137,134.67,0.1639,0.1555,-0.104,0.091,1.389,1.339,,,,
ICRF J224900.5+210702,342.25236132,21.11745427,-0.6517,1.0739,1.2562,328.75,0.2627,0.3215,0.088,0.383,5.112,4.161,,,,
ICRF J224919.0-303912,342.32934112,-30.65350905,0.0847,0.1799,0.1989,25.22,0.2012,0.3658,-0.465,0.129,0.765,0.647,,,,
ICRF J224944.9+133109,342.43728045,13.51929934,5.1672,6.0725,7.9734,40.39,0.2678,0.3086,0.082,0.236,25.729,27.559,,,,
ICRF J224954.5+113630,342.47744166,11.60856822,-3.4804,-1.3219,3.7229,249.20,1.1778,1.0864,0.072,0.037,3.155,3.196,,,,
ICRF J224959.6-125116,342.49838531,-12.85467342,8.4670,-3.2138,9.0564,110.79,3.4192,2.2857,-0.305,-0.272,2.591,2.848,,,,
ICRF J225044.4-280639,342.68538490,-28.11092487,0.2704,-0.6271,0.6829,156.68,0.2009,0.2722,-0.237,0.144,2.712,2.668,162.0,12.0,5.32,5.32
ICRF J225159.7+403058,342.99904733,40.51615664,0.2990,-0.1387,0.3296,114.89,0.1831,0.2587,-0.223,0.021,1.644,1.719,,,,
ICRF J225307.3+194234,343.28070487,19.70961908,-0.1351,-0.1883,0.2318,215.66,0.0524,0.0619,-0.080,0.300,3.742,3.988,,,,
ICRF J225312.4+323604,343.30208253,32.60120188,-0.0942,0.0127,0.0950,277.67,0.1885,0.2519,-0.289,0.308,0.506,0.502,,,,
ICRF J225326.5+010543,343.36075553,1.09546287,-59.5740,61.6682,85.7440,315.99,14.9162,15.6705,-0.028,0.322,6.811,5.607,,,,
ICRF J225357.7+160853,343.49061642,16.14821136,0.5404,0.1457,0.5597,74.91,0.0460,0.0462,-0.055,0.309,11.889,12.153,271.0,79.0,16.09,163.91
ICRF J225404.4+005420,343.51835885,0.90582083,1.3277,0.2034,1.3432,81.29,0.3772,0.3688,-0.087,0.299,3.534,3.563,,,,
ICRF J225409.3+244523,343.53892458,24.75650638,0.1445,-0.0215,0.1461,98.46,0.1437,0.2164,-0.128,0.427,1.040,1.010,,,,
ICRF J225410.4+113638,343.54342255,11.61076354,-0.0363,0.0704,0.0793,332.72,0.5131,0.8535,-0.573,0.089,0.087,0.109,,,,
ICRF J225421.0+134148,343.58756757,13.69685442,-1.1319,-3.0751,3.2768,200.21,0.6118,0.5862,-0.182,0.037,5.511,5.562,,,,
ICRF J225536.7+420252,343.90294933,42.04792573,-0.0422,0.0164,0.0452,291.23,0.1274,0.1388,-0.051,-0.098,0.343,0.351,,,,
ICRF J225600.1-273556,344.00064898,-27.59892212,0.1712,-0.4922,0.5211,160.82,0.1866,0.3512,0.053,0.405,1.839,1.675,,,,
ICRF J225610.6+230145,344.04447968,23.02921700,0.3563,-0.1791,0.3988,116.69,0.2856,0.4086,-0.287,0.182,1.267,1.322,,,,
ICRF J225641.2-201140,344.17169880,-20.19458600,-0.1770,-0.1321,0.2209,233.25,0.1382,0.2358,-0.237,0.199,1.411,1.398,,,,
ICRF J225710.6-362743,344.29419509,-36.46222129,4.3162,4.3348,6.1172,44.88,0.6623,1.2423,-0.551,0.448,7.142,7.392,,,,
ICRF J225717.3+074312,344.32209632,7.72008405,-1.2542,-0.5343,1.3632,246.92,0.1348,0.1169,0.095,-0.076,10.642,10.365,225.0,10.0,21.92,21.92
ICRF J225717.5+024317,344.32317956,2.72153101,0.1188,-0.1264,0.1735,136.77,0.1466,0.1590,-0.273,0.396,1.325,1.136,,,,
ICRF J225722.0+572030,344.34185743,57.34172408,-0.2440,-0.0072,0.2442,268.30,1.5523,1.4062,0.070,-0.553,0.191,0.157,,,,
ICRF J225722.0+415416,344.34197040,41.90459106,1.1059,2.8055,3.0156,21.51,0.7417,0.7190,-0.312,-0.157,4.470,4.177,,,,
ICRF J225805.9-275821,344.52484532,-27.97257132,-0.0058,0.0108,0.0123,331.83,0.0685,0.0729,0.296,0.230,0.194,0.171,208.0,141.0,56.17,123.83
ICRF J225857.7+020342,344.74063629,2.06174634,-0.6276,0.6943,0.9359,317.89,0.2269,0.2923,-0.448,0.094,3.326,3.646,,,,
ICRF J225857.9+571906,344.74142168,57.31846209,-0.8051,0.2009,0.8298,284.01,1.3818,0.9032,0.198,-0.024,0.620,0.624,,,,
ICRF J225900.6-081103,344.75287017,-8.18417936,0.0501,0.0762,0.0912,33.35,0.2208,0.3987,-0.419,-0.033,0.347,0.297,,,,
ICRF J225929.9-292043,344.87472295,-29.34549976,0.5806,0.2242,0.6224,68.88,0.4479,0.6778,0.269,0.189,1.298,1.338,,,,
ICRF J230018.3+103754,345.07630237,10.63168962,0.3533,-0.4363,0.5614,141.00,0.4393,0.4183,-0.303,-0.183,1.211,1.317,,,,
ICRF J230025.5-264422,345.10625295,-26.73966127,0.0774,-0.7658,0.7697,174.23,0.4420,0.6794,0.301,-0.024,1.159,1.141,,,,
ICRF J230040.8+033710,345.17035747,3.61967776,-0.0049,0.1334,0.1335,357.91,0.3062,0.3370,-0.096,0.331,0.415,0.396,,,,
ICRF J230107.9-015804,345.28324364,-1.96794049,-0.7292,0.2540,0.7722,289.20,0.2839,0.2724,-0.131,0.001,2.712,2.733,266.0,11.0,23.20,23.20
ICRF J230127.7+372649,345.36557242,37.44701219,-0.2094,0.1499,0.2576,305.60,0.1848,0.2411,-0.257,0.201,1.351,1.293,,,,
ICRF J230153.4+060912,345.47275480,6.15356135,3.7324,-2.5942,4.5454,124.80,2.1012,1.3493,-0.407,-0.609,2.071,2.618,,,,
ICRF J230259.5-145301,345.74806830,-14.88383790,-0.6171,0.1547,0.6362,284.07,0.3664,0.6049,-0.181,0.076,1.687,1.704,,,,
ICRF J230302.9-184125,345.76239990,-18.69050625,0.2156,0.1126,0.2432,62.41,0.1053,0.1797,-0.156,0.092,2.191,2.141,,,,
ICRF J230304.0+385348,345.76694098,38.89676835,0.0971,-0.1898,0.2132,152.90,0.1517,0.2317,-0.383,0.106,0.912,1.040,,,,
ICRF J230309.9+143141,345.79146978,14.52815403,1.7475,0.4102,1.7949,76.79,1.1757,0.6982,0.016,-0.419,1.941,1.598,,,,
ICRF J230321.6+344648,345.84011136,34.78013152,-0.2620,-0.1527,0.3032,239.76,0.2575,0.3460,0.293,0.201,1.030,1.109,,,,
ICRF J230343.5-680737,345.93151915,-68.12706753,0.4263,-1.3111,1.3786,161.99,0.0604,0.0637,-0.107,-0.090,21.201,21.758,,,,
ICRF J230357.9-100219,345.99133122,-10.03867087,18.1716,0.7349,18.1864,87.68,2.5629,2.7662,-0.024,-0.101,7.157,7.095,,,,
ICRF J230428.2+062008,346.11788030,6.33564143,0.3792,-0.1261,0.3996,108.40,0.2539,0.2768,-0.226,0.185,1.587,1.561,,,,
ICRF J230436.4+233107,346.15181835,23.51878088,0.3490,-0.2156,0.4102,121.70,0.3443,0.3263,-0.329,0.294,1.390,1.210,,,,
ICRF J230517.5+824249,346.32308165,82.71365443,-0.7415,-0.3208,0.8079,246.61,4.6901,2.0161,-0.168,0.647,0.175,0.224,,,,
ICRF J230601.2+083715,346.50529914,8.62094164,0.1091,0.2410,0.2645,24.36,0.2928,0.4406,-0.007,0.399,0.621,0.662,,,,
ICRF J230615.3-045948,346.56382127,-4.99674572,-0.3001,-0.4744,0.5614,212.32,0.3206,0.3639,-0.318,0.150,1.565,1.605,,,,
ICRF J230715.9+323031,346.81630242,32.50887123,-0.1543,-1.8675,1.8739,184.72,0.5126,0.6503,-0.134,0.259,2.902,2.887,,,,
ICRF J230734.0+145017,346.89167377,14.83832640,-1.1452,-1.4898,1.8791,217.55,1.2167,1.0462,-0.078,0.518,1.455,1.707,,,,
ICRF J230745.6+190120,346.94011036,19.02236112,-0.6351,-0.0498,0.6371,265.52,0.4695,0.8691,-0.563,0.440,1.548,1.354,,,,
ICRF J230811.6+200842,347.04848526,20.14505424,-0.0674,0.3278,0.3346,348.38,0.3468,0.3573,-0.042,0.165,0.971,0.938,,,,
ICRF J230844.1+094626,347.18404838,9.77391973,-1.0948,0.3202,1.1407,286.30,0.6011,0.4228,-0.219,-0.042,1.941,1.973,,,,
ICRF J230914.3-305912,347.30971420,-30.98682897,-0.4364,0.2954,0.5270,304.10,0.1758,0.2405,-0.182,0.216,2.822,2.770,,,,
ICRF J230917.1-045840,347.32153001,-4.97790981,-0.6792,-0.1623,0.6983,256.56,0.5351,0.7062,-0.617,0.164,1.306,1.290,,,,
ICRF J230926.6+682010,347.36110823,68.33632136,-0.8009,-2.7548,2.8688,196.21,1.3750,1.3149,-0.214,-0.434,2.666,2.175,,,,
ICRF J231028.5+105530,347.61882390,10.92519353,-5.1908,-1.1311,5.3126,257.71,25.1233,9.6693,-0.045,-0.982,1.710,0.237,,,,
ICRF J231101.2+020505,347.75538691,2.08481303,0.3436,0.3532,0.4928,44.21,0.3827,0.8639,-0.622,0.157,1.507,0.987,,,,
ICRF J231105.3+342510,347.77220334,34.41969582,-0.1212,0.3290,0.3506,339.78,0.1233,0.1457,-0.125,0.108,2.494,2.463,5.0,23.0,25.22,25.22
ICRF J231147.4+454356,347.94753740,45.73222678,0.0627,0.3597,0.3652,9.89,0.1587,0.1691,-0.100,-0.311,2.392,2.164,,,,
ICRF J231216.9+161508,348.07067473,16.25231493,0.4332,-0.1521,0.4591,109.34,0.3035,0.3267,-0.164,0.123,1.517,1.501,,,,
ICRF J231219.6+724126,348.08207452,72.69081037,0.1078,0.2977,0.3166,19.91,0.6654,0.5007,0.218,-0.136,0.641,0.616,,,,
ICRF J231258.7+384742,348.24497491,38.79518349,-1.4735,-1.9638,2.4551,216.88,0.1429,0.1901,0.113,0.080,13.921,14.596,,,,
ICRF J231359.7-370446,348.49878455,-37.07950458,-0.1227,0.0306,0.1264,283.99,0.1799,0.4122,-0.133,0.243,0.684,0.686,,,,
ICRF J231409.3-445549,348.53909467,-44.93034389,0.7427,-0.1447,0.7567,101.02,0.4692,0.9982,-0.172,0.382,1.583,1.589,,,,
ICRF J231448.5-313839,348.70208576,-31.64431293,-0.2663,-0.0520,0.2713,258.94,0.1284,0.1467,-0.224,0.102,2.119,2.104,,,,
ICRF J231544.3-501839,348.93470979,-50.31102908,-0.2214,0.2333,0.3216,316.50,0.1386,0.1786,-0.104,-0.255,1.899,2.063,,,,
ICRF J231549.8+863143,348.95758026,86.52877658,0.5344,0.0954,0.5429,79.87,0.2184,0.1868,0.244,0.100,2.447,2.500,,,,
ICRF J231607.7+022119,349.03213205,2.35547105,0.0966,1.1158,1.1199,4.95,0.5521,1.3362,-0.691,0.051,1.318,0.853,,,,
ICRF J231621.0-433746,349.08791593,-43.62969972,-10.2630,-5.9932,11.8848,239.72,0.5726,1.5445,-0.161,-0.137,19.105,18.339,,,,
ICRF J231635.1+040518,349.14664553,4.08841660,-13.7871,-2.1162,13.9486,261.27,0.5247,0.5805,-0.216,0.108,27.442,26.528,,,,
ICRF J231639.6+161806,349.16540837,16.30187374,-0.0736,-0.3099,0.3186,193.36,0.1814,0.3024,-0.419,0.452,1.327,1.102,,,,
ICRF J231643.3-334912,349.18077654,-33.82013494,-0.5214,-5.8000,5.8234,185.14,0.3589,0.3256,-0.277,0.309,18.557,17.872,,,,
ICRF J231646.9-404121,349.19549960,-40.68919064,0.4037,-0.3500,0.5343,130.92,0.1260,0.1815,-0.092,0.165,3.846,3.738,,,,
ICRF J231722.3-112223,349.34325297,-11.37313293,0.1982,0.2975,0.3575,33.67,0.2420,0.4861,0.123,0.337,0.948,1.023,,,,
ICRF J231806.8-401006,349.52859245,-40.16839701,-0.0251,-0.0652,0.0699,201.10,0.2596,0.5685,-0.177,0.220,0.153,0.150,,,,
ICRF J231833.9+240439,349.64153267,24.07770813,-0.0830,-0.0980,0.1285,220.26,0.1796,0.2071,-0.123,0.092,0.654,0.662,,,,
ICRF J231953.5-365628,349.97318475,-36.94118511,-4.7170,2.6087,5.3903,298.94,1.9952,2.2019,-0.281,-0.446,2.373,2.644,,,,
ICRF J232044.8+051349,350.18690247,5.23054239,0.1842,-0.1329,0.2272,125.81,0.1598,0.1124,-0.066,-0.322,1.445,1.652,330.0,17.0,24.19,155.81
ICRF J232046.7+182925,350.19489986,18.49049317,-0.2340,-0.5140,0.5647,204.47,0.2343,0.2656,-0.058,0.344,2.039,2.177,,,,
ICRF J232118.2-082721,350.32604269,-8.45597825,4.4152,-2.0375,4.8626,114.77,3.5451,1.5132,-0.291,-0.669,1.428,1.834,,,,
ICRF J232154.9+320407,350.47898328,32.06878403,0.1471,0.1668,0.2224,41.41,0.2569,0.2115,-0.004,-0.142,1.048,0.975,152.0,10.0,69.41,110.59
ICRF J232159.8+273246,350.49942593,27.54623436,-0.0106,0.6163,0.6164,359.02,0.0962,0.0981,-0.008,0.330,6.501,6.286,,,,
ICRF J232209.0+691103,350.53768835,69.18428246,3.1890,5.6124,6.4551,29.61,0.3411,0.3824,-0.110,-0.058,17.929,17.401,,,,
ICRF J232220.3+444542,350.58482533,44.76176489,-41.8085,9.7002,42.9190,283.06,22.8620,7.5873,0.028,-0.131,2.107,2.231,,,,
ICRF J232225.9+505751,350.60825907,50.96443435,0.3242,-0.0027,0.3242,90.48,0.1594,0.1708,0.100,-0.127,2.045,2.034,,,,
ICRF J232228.5+184324,350.61903674,18.72358290,0.1866,0.4311,0.4698,23.41,0.2422,0.2925,0.191,0.176,1.559,1.663,,,,
ICRF J232236.0+081201,350.65037271,8.20044268,0.1716,-0.0567,0.1807,108.28,0.2079,0.1950,-0.272,-0.266,0.831,0.875,,,,
ICRF J232252.0-073705,350.71704659,-7.61822733,-0.0185,0.3691,0.3696,357.13,0.2836,0.3041,-0.195,-0.308,1.245,1.215,,,,
ICRF J232304.6-015048,350.76929118,-1.84669802,-0.6478,-0.6909,0.9471,223.16,0.4225,0.4479,-0.091,0.276,2.008,2.175,,,,
ICRF J232331.9-031705,350.88314063,-3.28472885,-0.0533,0.0939,0.1080,330.43,0.1197,0.1158,-0.372,0.217,0.932,0.925,326.0,33.0,4.43,4.43
ICRF J232339.1-061759,350.91297401,-6.29978872,0.3128,0.3779,0.4905,39.62,0.3656,0.5021,-0.070,0.445,0.988,1.140,,,,
ICRF J232344.6-161252,350.93596443,-16.21447915,0.2802,-0.1701,0.3278,121.25,0.1894,0.3662,-0.093,0.170,1.534,1.551,,,,
ICRF J232407.1-371422,351.02963257,-37.23957105,-0.1772,0.2460,0.3032,324.23,0.1918,0.2148,0.062,-0.044,1.460,1.471,,,,
ICRF J232517.8+395736,351.32445771,39.96014125,0.0108,-0.0117,0.0159,137.17,0.1816,0.2181,-0.244,0.146,0.075,0.080,,,,
ICRF J232544.9+480625,351.43713437,48.10702441,7.9661,-1.5531,8.1161,101.03,11.2301,2.8303,-0.145,0.862,2.369,0.897,,,,
ICRF J232625.6+011208,351.60684891,1.20241491,-0.7245,-0.0280,0.7251,267.78,0.4214,0.3781,-0.350,0.120,1.719,1.721,,,,
ICRF J232653.7-020213,351.72406961,-2.03716143,4.4098,2.2735,4.9614,62.73,0.4497,0.3984,-0.137,0.051,11.215,11.346,,,,
ICRF J232721.9+152437,351.84152518,15.41036418,-1.9331,0.5447,2.0084,285.74,0.1273,0.1781,-0.155,0.252,15.497,15.493,,,,
ICRF J232733.5+094009,351.88991899,9.66929520,-0.0307,-0.3415,0.3429,185.14,0.2082,0.1299,0.021,0.031,2.629,2.632,279.0,9.0,86.14,93.86
ICRF J232735.9+153309,351.89993704,15.55265981,-0.2634,-0.1105,0.2856,247.25,0.1707,0.2504,-0.084,0.196,1.626,1.605,,,,
ICRF J232747.9-144755,351.94985112,-14.79881975,1.2922,1.4022,1.9068,42.66,0.2854,0.2963,-0.113,0.137,6.216,6.549,,,,
ICRF J232810.6+293709,352.04442111,29.61940966,0.3469,0.3892,0.5214,41.71,1.1305,1.2961,-0.521,0.166,0.619,0.429,,,,
ICRF J232905.7+083415,352.27411145,8.57107062,0.5778,-0.5156,0.7744,131.75,0.6649,0.6420,-0.288,-0.184,1.087,1.183,,,,
ICRF J232917.7-473019,352.32376810,-47.50530967,0.1213,-0.0086,0.1216,94.05,0.0494,0.0606,0.170,0.000,2.487,2.462,,,,
ICRF J233013.7+334836,352.55724025,33.81013097,-0.2238,-0.0606,0.2318,254.84,0.1437,0.1631,-0.194,0.196,1.582,1.600,,,,
ICRF J233035.7-372437,352.64914899,-37.41054542,-1.1186,0.3851,1.1830,289.00,0.1780,0.3448,-0.212,0.298,6.394,6.384,,,,
ICRF J233037.6-453958,352.65700297,-45.66613770,1.0856,-1.5122,1.8616,144.33,0.3394,0.8634,-0.042,-0.021,3.593,3.646,,,,
ICRF J233040.8+110018,352.67021770,11.00519712,0.3244,-0.1826,0.3723,119.37,0.2675,0.2135,-0.219,0.289,1.696,1.484,,,,
ICRF J233138.6-155657,352.91105183,-15.94916939,5.1562,-2.1018,5.5681,112.18,4.1889,5.3976,-0.138,0.850,2.993,1.291,,,,
ICRF J233148.9+452249,352.95402585,45.38027827,0.2733,0.3504,0.4444,37.95,0.2361,0.2755,0.098,-0.029,1.657,1.720,,,,
ICRF J233155.5+070542,352.98135110,7.09502597,-10.1113,-25.0435,27.0077,201.99,2.6178,1.8171,-0.179,0.155,13.907,14.313,,,,
ICRF J233159.4-381147,352.99781729,-38.19656972,-0.3749,0.5089,0.6321,323.62,0.0721,0.0863,0.038,0.076,8.104,7.866,,,,
ICRF J233219.0-411837,353.07936787,-41.31043949,0.1853,0.0266,0.1872,81.84,0.1316,0.1924,0.018,0.154,1.408,1.415,,,,
ICRF J233316.6-013107,353.31953491,-1.51871841,0.1424,-0.3192,0.3495,155.96,0.3224,0.3683,-0.066,0.255,1.043,0.973,,,,
ICRF J233355.2-234340,353.48015761,-23.72796061,0.2219,-0.5830,0.6238,159.16,0.0953,0.1296,-0.274,0.394,5.158,5.065,,,,
ICRF J233412.8+073627,353.55345064,7.60765314,-0.1014,-0.0360,0.1076,250.44,0.0985,0.1206,0.020,0.220,1.047,1.073,249.0,38.0,1.44,1.44
ICRF J233444.9-525119,353.68715291,-52.85545333,0.3191,-0.9922,1.0422,162.17,0.2142,0.3377,0.162,-0.424,3.480,3.294,,,,
ICRF J233518.7-290716,353.82802980,-29.12127915,0.7476,-0.4782,0.8875,122.60,0.9803,1.0291,0.474,-0.142,0.871,0.893,,,,
ICRF J233520.4-013109,353.83505018,-1.51933103,0.3170,-0.1575,0.3540,116.42,0.2000,0.2358,-0.106,0.137,1.757,1.720,,,,
ICRF J233633.9-411521,354.14160449,-41.25610668,0.0528,-0.0779,0.0942,145.87,0.1917,0.2091,-0.056,-0.183,0.432,0.464,,,,
ICRF J233756.6-175220,354.48594900,-17.87233595,0.1858,-0.0834,0.2037,114.16,0.1221,0.2163,-0.141,0.024,1.542,1.570,,,,
ICRF J233757.3-023057,354.48891279,-2.51600814,0.3780,0.5756,0.6886,33.29,0.2151,0.1689,0.069,0.317,3.487,3.834,,,,
ICRF J233807.6+032648,354.53189905,3.44690348,-0.9780,-1.3856,1.6960,215.22,0.2824,0.3654,0.136,0.153,4.831,5.135,,,,
ICRF J233823.1+150445,354.59651125,15.07924447,-0.6468,2.2232,2.3153,343.78,0.6269,1.5969,-0.478,0.374,1.458,1.733,,,,
ICRF J233829.3+270153,354.62243017,27.03146056,-7.7699,8.0549,11.1917,316.03,1.7736,2.1082,-0.244,0.584,8.937,5.813,,,,
ICRF J233929.7+024405,354.87379419,2.73482154,0.2542,0.3853,0.4615,33.41,0.4682,0.5357,-0.207,0.292,0.826,0.901,,,,
ICRF J233947.0-120645,354.94601068,-12.11273020,0.1932,-0.2206,0.2932,138.78,0.2157,0.2959,-0.136,0.261,1.207,1.165,,,,
ICRF J233953.5-231039,354.97323819,-23.17756307,-0.4910,-0.2216,0.5387,245.71,0.3171,0.6016,0.189,0.316,1.549,1.592,,,,
ICRF J233954.5-331016,354.97722977,-33.17135592,-0.4991,0.0214,0.4996,272.46,0.4757,0.6013,-0.403,0.076,1.050,1.050,,,,
ICRF J234023.6-005326,355.09862501,-0.89083346,-0.7762,-0.1983,0.8011,255.67,0.1616,0.2870,-0.098,0.172,4.906,4.852,,,,
ICRF J234057.2+331902,355.23874782,33.31739485,-0.1075,-0.3972,0.4115,195.14,0.3129,0.3558,0.196,0.182,1.125,1.168,,,,
ICRF J234118.7+192805,355.32831735,19.46819070,-1.1181,0.6475,1.2921,300.08,0.1993,0.2137,-0.225,0.107,6.284,6.378,,,,
ICRF J234129.7-291915,355.37400986,-29.32084396,-4.0591,-4.0596,5.7408,225.00,0.3550,0.5790,0.404,0.256,12.045,13.413,,,,
ICRF J234247.9-222340,355.69993167,-22.39450026,-0.0012,-0.1793,0.1793,180.38,0.3978,0.5688,-0.215,0.059,0.317,0.315,,,,
ICRF J234256.6-032226,355.73583445,-3.37396363,-0.1076,-0.3223,0.3398,198.46,0.2000,0.2004,-0.062,0.127,1.726,1.696,,,,
ICRF J234312.3+233945,355.80161261,23.66267984,-0.0186,0.2567,0.2574,355.86,0.1547,0.1843,-0.132,0.438,1.440,1.398,,,,
ICRF J234342.7+154302,355.92812157,15.71749419,0.0976,-0.0685,0.1193,125.05,0.3500,0.2903,0.124,0.281,0.414,0.365,,,,
ICRF J234343.7+700319,355.93222640,70.05539072,-0.1488,-0.1096,0.1848,233.64,0.2777,0.2481,-0.099,0.033,0.698,0.694,,,,
ICRF J234403.7+822640,356.01570611,82.44455610,123.1240,-40.4784,129.6072,108.20,1.0144,1.0783,0.069,-0.125,126.581,127.050,,,,
ICRF J234422.5+295220,356.09397412,29.87241787,-2.6302,0.1905,2.6371,274.14,0.7633,0.5527,-0.196,0.518,3.449,3.463,,,,
ICRF J234512.4-155507,356.30192627,-15.91884288,-0.2915,0.0418,0.2945,278.17,0.0878,0.1490,-0.274,0.165,3.323,3.331,336.0,19.0,57.83,57.83
ICRF J234542.4-071727,356.42707609,-7.29102037,0.5624,-0.6793,0.8819,140.38,0.5672,0.8110,-0.246,0.292,1.336,1.298,,,,
ICRF J234636.8+093045,356.65349392,9.51264303,-0.0644,-0.4343,0.4391,188.43,0.0638,0.0710,0.079,0.327,6.122,6.200,,,,
ICRF J234639.9+070506,356.66638962,7.08523710,-1.8038,0.1307,1.8085,274.14,0.1720,0.2630,-0.134,0.406,10.489,10.498,,,,
ICRF J234704.8+514217,356.77015359,51.70496677,0.7139,-1.3411,1.5193,151.97,0.1360,0.1641,-0.051,-0.222,9.457,9.712,138.0,29.0,13.97,13.97
ICRF J234719.8-511036,356.83276701,-51.17668482,0.1791,-0.0326,0.1820,100.32,0.1183,0.1510,0.365,-0.502,1.515,1.529,,,,
ICRF J234722.8+431053,356.84530934,43.18144970,-0.1261,0.1143,0.1702,312.19,0.1469,0.1570,-0.198,0.021,1.063,1.126,,,,
ICRF J234735.1+271901,356.89656201,27.31708149,0.0135,-0.3615,0.3618,177.86,0.1164,0.2065,-0.190,0.056,1.762,1.755,,,,
ICRF J234743.6-494627,356.93202172,-49.77440971,-0.0170,-0.6033,0.6035,181.61,0.1800,0.3581,-0.091,-0.079,1.701,1.687,,,,
ICRF J234802.6-163112,357.01086881,-16.52000618,0.1886,0.0175,0.1894,84.71,0.1012,0.1071,-0.250,0.254,1.864,1.871,125.0,44.0,40.29,40.29
ICRF J234811.7-042556,357.04899061,-4.43232830,0.1693,-0.3143,0.3570,151.68,0.2178,0.2635,-0.014,0.282,1.560,1.424,,,,
ICRF J234831.7+062459,357.13237776,6.41660611,0.1562,0.4490,0.4754,19.18,0.1900,0.2454,-0.277,0.310,2.025,2.005,,,,
ICRF J234910.1-043803,357.29235901,-4.63427477,0.9498,0.1484,0.9613,81.12,0.2023,0.2924,-0.048,0.437,4.739,4.721,,,,
ICRF J234913.7+751746,357.30728300,75.29626319,-0.6024,11.4311,11.4470,356.98,0.9612,1.4142,-0.342,-0.149,8.341,8.108,,,,
ICRF J234920.8+384917,357.33677726,38.82154405,-0.2687,-0.1019,0.2873,249.23,0.1233,0.1372,-0.115,-0.003,2.339,2.302,,,,
ICRF J234921.0+053439,357.33771460,5.57774238,0.4223,-0.1051,0.4352,103.98,0.1588,0.2579,-0.148,0.308,2.676,2.690,,,,
ICRF J235002.0+110636,357.50846225,11.11019627,-0.9747,-0.5306,1.1097,241.44,9.5165,13.0763,0.235,0.857,0.137,0.110,,,,
ICRF J235010.0+081255,357.54199740,8.21535406,-2.8899,-0.9375,3.0381,252.03,0.2204,0.3109,0.370,0.293,13.252,13.454,,,,
ICRF J235057.4+022740,357.73951213,2.46122271,0.3909,-1.3706,1.4252,164.08,1.0371,1.4578,0.111,0.123,1.058,1.013,,,,
ICRF J235134.9-425933,357.89560786,-42.99263507,0.2263,-0.6740,0.7110,161.44,0.3962,0.5691,-0.188,-0.171,1.240,1.315,,,,
ICRF J235156.1-010913,357.98384412,-1.15369850,0.4312,-0.5656,0.7113,142.68,0.2008,0.4416,-0.392,0.138,2.212,2.501,,,,
ICRF J235248.9+394756,358.20378034,39.79895083,-0.2680,0.4525,0.5259,329.36,0.8952,0.5302,-0.045,-0.419,0.855,0.904,,,,
ICRF J235252.8+704448,358.22023050,70.74675935,-0.2802,0.1850,0.3358,303.43,0.3920,0.3559,0.166,0.016,0.897,0.884,,,,
ICRF J235254.7+303021,358.22794247,30.50604626,-0.1245,0.4794,0.4953,345.44,0.6693,0.7327,0.013,0.294,0.724,0.680,,,,
ICRF J235311.4-274325,358.29775211,-27.72377182,-0.5232,-0.4479,0.6887,229.43,0.3433,0.7486,0.151,-0.207,1.577,1.637,,,,
ICRF J235342.2+551840,358.42624887,55.31129622,1.3694,-1.0111,1.7022,126.44,0.1457,0.1514,0.015,-0.132,11.266,11.529,,,,
ICRF J235347.4-303748,358.44774521,-30.63013974,-0.4181,-7.0767,7.0890,183.38,0.2779,0.2764,-0.063,-0.089,25.851,25.647,,,,
ICRF J235409.1-001947,358.53823286,-0.32998761,1.1555,-2.9204,3.1407,158.41,0.1659,0.2134,0.038,0.072,15.637,15.357,,,,
ICRF J235421.6+455304,358.59033427,45.88451015,-0.8092,1.2494,1.4886,327.07,1.0622,0.8329,0.010,0.308,1.975,1.682,264.0,86.0,63.07,63.07
ICRF J235430.1-151311,358.62581321,-15.21978139,0.0239,-0.1564,0.1582,171.30,0.1830,0.1620,-0.247,0.011,0.974,0.974,,,,
ICRF J235509.4+495008,358.78940893,49.83564986,-5.1965,9.0310,10.4193,330.08,2.9838,2.7373,-0.086,-0.401,3.331,3.731,,,,
ICRF J235553.5+154126,358.97304750,15.69057394,-6.2838,-24.4283,25.2235,194.43,0.4305,0.6031,-0.118,0.249,44.811,43.053,,,,
ICRF J235554.2+283557,358.97619082,28.59942929,-7.3512,-5.1098,8.9527,235.20,7.5160,5.9066,0.794,0.321,0.989,1.306,,,,
ICRF J235600.6-682003,359.00283926,-68.33429778,-0.4468,0.4452,0.6307,314.90,0.0690,0.0732,-0.113,-0.163,8.322,8.883,,,,
ICRF J235622.7+815252,359.09497465,81.88118197,1.5965,-12.6366,12.7370,172.80,2.1522,6.4647,-0.125,-0.227,1.979,2.091,321.0,35.0,31.80,148.20
ICRF J235723.8-245103,359.34937900,-24.85087886,-0.0912,0.8815,0.8862,354.09,0.3513,0.6422,0.343,-0.067,1.493,1.397,,,,
ICRF J235725.1-015215,359.35474139,-1.87097473,0.0233,-0.2516,0.2527,174.71,0.1903,0.2085,-0.001,0.008,1.214,1.213,,,,
ICRF J235731.1-112539,359.37998984,-11.42754913,-0.2856,-0.0940,0.3007,251.79,0.1425,0.1855,0.140,0.283,2.005,2.067,,,,
ICRF J235753.2-531113,359.47194188,-53.18713597,-0.3273,-0.0671,0.3341,258.41,0.1028,0.1179,0.129,-0.297,3.481,3.233,,,,
ICRF J235809.8+492143,359.54088962,49.36217754,-0.1477,-0.0041,0.1478,268.42,0.1935,0.2310,-0.046,-0.318,0.766,0.764,,,,
ICRF J235810.8-102008,359.54534332,-10.33572539,-0.0556,-0.0862,0.1026,212.79,0.1785,0.1376,-0.046,-0.022,0.706,0.700,,,,
ICRF J235816.9-285334,359.57071481,-28.89280645,-0.9053,-1.0583,1.3927,220.54,0.2733,0.4880,-0.064,-0.069,4.065,3.959,,,,
ICRF J235828.8+043024,359.62019570,4.50689897,0.0428,0.4139,0.4162,5.90,0.3193,0.2987,0.237,0.333,1.406,1.392,,,,
ICRF J235846.0+195520,359.69202129,19.92230607,0.6557,0.1932,0.6835,73.58,0.1218,0.1034,0.047,0.090,5.596,5.698,244.0,15.0,9.58,170.42
ICRF J235859.8+392228,359.74939654,39.37452937,-1.0003,-0.1729,1.0151,260.19,0.4198,0.3781,0.036,0.049,2.408,2.426,,,,
ICRF J235931.8-063943,359.88256708,-6.66203980,-0.0001,0.1658,0.1658,359.96,0.1738,0.2181,-0.378,0.171,0.776,0.760,,,,
ICRF J235933.1+385042,359.88825331,38.84508841,-0.3436,0.0533,0.3477,278.82,0.1918,0.1282,-0.055,0.113,1.892,1.839,,,,
ICRF J235935.4-313343,359.89788141,-31.56217352,0.1870,-0.1523,0.2412,129.15,0.2509,0.2201,-0.184,0.107,1.070,1.017,,,,
