psrj,p0_s,p1,b_gauss,tau_yr,edot_erg_s,cls,above_death
J0006+1834,0.6937476705,2.097e-15,1.221e+12,5.242e+06,2.479e+32,normal,1
J0007+7303,0.3158731909,3.6039e-13,1.08e+13,1.389e+04,4.514e+35,magnetar,1
J0014+4746,1.240699039,5.6446e-16,8.468e+11,3.483e+07,1.167e+31,normal,1
J0024-7204E,0.003536329153,9.8509e-20,5.973e+08,5.688e+08,8.794e+34,msp,1
J0024-7204F,0.002623579353,6.45e-20,4.163e+08,6.445e+08,1.41e+35,msp,1
J0024-7204O,0.002643343297,3.0353e-20,2.866e+08,1.38e+09,6.488e+34,msp,1
J0024-7204Q,0.004033181185,3.4013e-20,3.748e+08,1.879e+09,2.047e+34,msp,1
J0024-7204T,0.007588479807,2.9374e-19,1.511e+09,4.093e+08,2.654e+34,msp,1
J0024-7204U,0.004342826696,9.5229e-20,6.508e+08,7.226e+08,4.59e+34,msp,1
J0026+6320,0.3183577312,1.5006e-16,2.212e+11,3.361e+07,1.836e+32,normal,1
J0030+0451,0.004865453207,1.01736e-20,2.251e+08,7.577e+09,3.487e+33,msp,1
J0034-0534,0.001877181885,4.966e-21,9.77e+07,5.989e+09,2.964e+34,msp,1
J0034-0721,0.9429509946,4.0821e-16,6.278e+11,3.66e+07,1.922e+31,normal,1
J0040+5716,1.118225345,2.87897e-15,1.816e+12,6.154e+06,8.128e+31,normal,1
J0045-7042,0.6323358,2.49e-15,1.27e+12,4.024e+06,3.888e+32,normal,1
J0045-7319,0.926275905,4.4632e-15,2.058e+12,3.288e+06,2.217e+32,normal,1
J0048+3412,1.217094296,2.35454e-15,1.713e+12,8.19e+06,5.156e+31,normal,1
J0051+0423,0.3547317989,7e-18,5.043e+10,8.029e+08,6.191e+30,normal,1
J0055+5117,2.115171149,9.53764e-15,4.545e+12,3.514e+06,3.979e+31,normal,1
J0056+4756,0.4720366621,3.32849e-15,1.268e+12,2.247e+06,1.249e+33,normal,1
J0057-7201,0.7380624426,1e-16,2.749e+11,1.169e+08,9.819e+30,normal,1
J0100-7211,8.020392,1.88e-11,3.929e+14,6759,1.439e+33,magnetar,1
J0101-6422,0.002573151972,5.16e-21,1.166e+08,7.901e+09,1.196e+34,msp,1
J0102+6537,1.679164229,5.95492e-15,3.2e+12,4.468e+06,4.965e+31,normal,1
J0106+4855,0.08315730501,4.2792e-16,1.909e+11,3.079e+06,2.938e+34,normal,1
J0108-1431,0.807564614,7.704e-17,2.524e+11,1.661e+08,5.775e+30,normal,1
J0108+6608,1.283659843,1.3051e-14,4.142e+12,1.558e+06,2.436e+32,normal,1
J0108+6905,1.07111811,4.809e-17,2.297e+11,3.529e+08,1.545e+30,normal,1
J0111-7131,0.6885415116,7.092e-15,2.236e+12,1.538e+06,8.577e+32,normal,1
J0113-7220,0.3258830161,4.859e-15,1.273e+12,1.063e+06,5.543e+33,normal,1
J0117+5914,0.1014390665,5.84996e-15,7.795e+11,2.747e+05,2.213e+35,normal,1
J0131-7310,0.3481240456,1.7614e-15,7.924e+11,3.131e+06,1.648e+33,normal,1
J0133-6957,0.4634737417,1.2e-16,2.386e+11,6.12e+07,4.758e+31,normal,1
J0134-2937,0.1369615841,7.83718e-17,1.048e+11,2.769e+07,1.204e+33,normal,1
J0137+1654,0.4147630265,1.223e-17,7.207e+10,5.373e+08,6.767e+30,normal,1
J0139+5621,1.775343826,7.9096e-14,1.199e+13,3.556e+05,5.58e+32,magnetar,1
J0139+5814,0.2724506309,1.07117e-14,1.729e+12,4.03e+05,2.091e+34,normal,1
J0141+6009,1.222948521,3.9107e-16,6.998e+11,4.955e+07,8.441e+30,normal,1
J0146+6145,8.6889941,1.99e-12,1.331e+14,6.918e+04,1.198e+32,magnetar,1
J0147+5922,0.1963213754,2.56763e-16,2.272e+11,1.211e+07,1.34e+33,normal,1
J0151-0635,1.464664549,4.4259e-16,8.147e+11,5.243e+07,5.561e+30,normal,1
J0152+0948,2.74664729,1.7e-15,2.187e+12,2.56e+07,3.239e+30,normal,1
J0152-1637,0.8327416127,1.2992e-15,1.053e+12,1.016e+07,8.882e+31,normal,1
J0156+3949,1.811560611,1.516e-16,5.303e+11,1.893e+08,1.007e+30,normal,0
J0157+6212,2.351744936,1.88925e-13,2.133e+13,1.972e+05,5.734e+32,magnetar,1
J0201+7005,1.349184472,5.5144e-15,2.76e+12,3.877e+06,8.864e+31,normal,1
J0205+6449,0.06571592849,1.93754e-13,3.611e+12,5374,2.695e+37,normal,1
J0206-4028,0.6305501408,1.1994e-15,8.8e+11,8.33e+06,1.889e+32,normal,1
J0211-8159,1.077332701,2.9e-16,5.656e+11,5.886e+07,9.156e+30,normal,1
J0212+5222,0.376386292,6.6e-15,1.595e+12,9.036e+05,4.887e+33,normal,1
J0214+5222,0.02457529479,2.99e-19,2.743e+09,1.302e+09,7.953e+32,msp,1
J0215+6218,0.5488798192,6.6212e-16,6.1e+11,1.313e+07,1.581e+32,normal,1
J0218+4232,0.002323090468,7.7389e-20,4.291e+08,4.756e+08,2.437e+35,msp,1
J0231+7026,1.466820306,3.10998e-15,2.161e+12,7.473e+06,3.89e+31,normal,1
J0248+6021,0.217094,5.509e-14,3.5e+12,6.244e+04,2.126e+35,normal,1
J0255-5304,0.4477084441,3.06e-17,1.184e+11,2.318e+08,1.346e+31,normal,1
J0304+1932,1.387584446,1.29524e-15,1.357e+12,1.697e+07,1.914e+31,normal,1
J0323+3944,3.032071956,6.3562e-16,1.405e+12,7.558e+07,9.002e+29,normal,0
J0324+5239,0.3366202303,3.81e-16,3.624e+11,1.4e+07,3.943e+32,normal,1
J0329+1654,0.8933196606,2.1525e-16,4.437e+11,6.576e+07,1.192e+31,normal,1
J0332+5434,0.7145196997,2.04827e-15,1.224e+12,5.527e+06,2.217e+32,normal,1
J0335+4555,0.2692005409,7.3505e-18,4.501e+10,5.803e+08,1.487e+31,normal,1
J0337+1715,0.002732588632,1.7666e-20,2.223e+08,2.451e+09,3.418e+34,msp,1
J0343-3000,2.597027157,5.7e-17,3.893e+11,7.219e+08,1.285e+29,normal,0
J0343+5312,1.934478067,1.34224e-14,5.156e+12,2.284e+06,7.32e+31,normal,1
J0348+0432,0.0391226569,2.4075e-19,3.106e+09,2.575e+09,1.587e+32,normal,1
J0357+3205,0.4441044988,1.3037e-14,2.435e+12,5.397e+05,5.876e+33,normal,1
J0357+5236,0.197030098,4.76594e-16,3.101e+11,6.55e+06,2.46e+33,normal,1
J0358+5413,0.1563824178,4.39686e-15,8.391e+11,5.635e+05,4.539e+34,normal,1
J0401-7608,0.5452527424,1.5382e-15,9.267e+11,5.616e+06,3.746e+32,normal,1
J0406+6138,0.594576165,5.57316e-15,1.842e+12,1.69e+06,1.047e+33,normal,1
J0407+1607,0.02570173919,7.9e-20,1.442e+09,5.155e+09,1.837e+32,msp,1
J0415+6954,0.3907150899,7.6601e-17,1.751e+11,8.082e+07,5.07e+31,normal,1
J0418-4154,0.7571188713,9.7e-16,8.672e+11,1.237e+07,8.823e+31,normal,1
J0418+5732,9.07838822,4.1e-15,6.174e+12,3.508e+07,2.163e+29,normal,0
J0420-5022,3.453004027,2.759e-14,9.877e+12,1.983e+06,2.646e+31,normal,1
J0421-0345,2.161308495,1.16338e-15,1.605e+12,2.944e+07,4.549e+30,normal,1
J0426+4933,0.9224747301,3.93444e-14,6.096e+12,3.715e+05,1.979e+33,normal,1
J0437-4715,0.005757451937,5.72922e-20,5.812e+08,1.592e+09,1.185e+34,msp,1
J0448-2749,0.4504483309,1.48347e-16,2.616e+11,4.811e+07,6.408e+31,normal,1
J0449-7031,0.4791639713,3.371e-15,1.286e+12,2.252e+06,1.21e+33,normal,1
J0450-1248,0.4380141494,1.02649e-16,2.146e+11,6.761e+07,4.822e+31,normal,1
J0452-1759,0.5489392233,5.75311e-15,1.798e+12,1.512e+06,1.373e+33,normal,1
J0453+1559,0.04578181687,1.8612e-18,9.341e+09,3.897e+08,7.657e+32,normal,1
J0454+5543,0.3407294362,2.37227e-15,9.098e+11,2.276e+06,2.368e+33,normal,1
J0455-6951,0.3204227115,1.02119e-14,1.83e+12,4.972e+05,1.225e+34,normal,1
J0456-7031,0.8001320732,3.67e-14,5.484e+12,3.454e+05,2.828e+33,normal,1
J0457-6337,2.497011696,2.1e-16,7.328e+11,1.884e+08,5.325e+29,normal,0
J0458-0505,1.883479658,5.3e-16,1.011e+12,5.631e+07,3.132e+30,normal,1
J0459-0210,1.133076124,1.39825e-15,1.274e+12,1.284e+07,3.795e+31,normal,1
J0501+4516,5.76209653,5.82e-12,1.853e+14,1.569e+04,1.201e+33,magnetar,1
J0502+4654,0.6385654815,5.58234e-15,1.911e+12,1.812e+06,8.464e+32,normal,1
J0502-6617,0.6912514182,2.309e-14,4.043e+12,4.743e+05,2.76e+33,normal,1
J0511-6508,0.3220618275,2.06e-16,2.606e+11,2.477e+07,2.434e+32,normal,1
J0514-4002A,0.004990575114,1.17e-21,7.732e+07,6.758e+10,3.716e+32,msp,1
J0519-6932,0.2632116346,6.968e-16,4.334e+11,5.985e+06,1.509e+33,normal,1
J0520-2553,0.2416421757,3.0092e-17,8.629e+10,1.272e+08,8.42e+31,normal,1
J0522-6847,0.6745319091,1.7727e-14,3.499e+12,6.029e+05,2.28e+33,normal,1
J0525+1115,0.3544375945,7.36052e-17,1.634e+11,7.63e+07,6.526e+31,normal,1
J0525-6607,8.047,6.5e-11,7.319e+14,1962,4.925e+33,magnetar,1
J0528+2200,3.74553925,4.0053e-14,1.239e+13,1.482e+06,3.009e+31,magnetar,1
J0529-6652,0.9757249664,1.5509e-14,3.936e+12,9.968e+05,6.591e+32,normal,1
J0532-6639,0.6427427509,5.354e-15,1.877e+12,1.902e+06,7.96e+32,normal,1
J0533+0402,0.963017702,1.6e-16,3.972e+11,9.537e+07,7.073e+30,normal,1
J0534+2200,0.0333924123,4.20972e-13,3.794e+12,1257,4.463e+38,normal,1
J0534-6703,1.817565031,4.2505e-13,2.813e+13,6.775e+04,2.795e+33,magnetar,1
J0535-6935,0.20051133,1.15e-14,1.537e+12,2.763e+05,5.632e+34,normal,1
J0536-7543,1.245855596,5.65e-16,8.49e+11,3.494e+07,1.153e+31,normal,1
J0537-6910,0.01612222202,5.17843e-14,9.246e+11,4933,4.878e+38,msp,1
J0538+2817,0.1431582589,3.66945e-15,7.334e+11,6.181e+05,4.938e+34,normal,1
J0540+3207,0.5242708632,4.4811e-16,4.905e+11,1.854e+07,1.228e+32,normal,1
J0540-6919,0.05049881765,4.78925e-13,4.977e+12,1671,1.468e+38,normal,1
J0540-7125,1.286014595,8.2e-16,1.039e+12,2.485e+07,1.522e+31,normal,1
J0543+2329,0.2459747689,1.54227e-14,1.971e+12,2.527e+05,4.091e+34,normal,1
J0543-6851,0.7089541858,3.94e-15,1.691e+12,2.851e+06,4.365e+32,normal,1
J0546+2441,2.843850385,7.65e-15,4.72e+12,5.89e+06,1.313e+31,normal,1
J0554+3107,0.4649609657,1.42603e-13,8.24e+12,5.166e+04,5.601e+34,normal,1
J0555-7056,0.8278380857,5.96e-15,2.248e+12,2.201e+06,4.147e+32,normal,1
J0557+1550,0.002556367077,7.352e-21,1.387e+08,5.509e+09,1.737e+34,msp,1
J0600-5756,2.261364513,2.78e-15,2.537e+12,1.289e+07,9.491e+30,normal,1
J0601-0527,0.3959691695,1.3021e-15,7.266e+11,4.818e+06,8.28e+32,normal,1
J0609+2130,0.05569801393,2.35e-19,3.661e+09,3.755e+09,5.369e+31,normal,1
J0610-2100,0.003861324704,1.235e-20,2.21e+08,4.954e+09,8.469e+33,msp,1
J0612+3721,0.2979823266,5.94681e-17,1.347e+11,7.939e+07,8.873e+31,normal,1
J0613-0200,0.003061844088,9.5899e-21,1.734e+08,5.059e+09,1.319e+34,msp,1
J0613+3731,0.6191981811,3.2448e-15,1.434e+12,3.024e+06,5.396e+32,normal,1
J0614+2229,0.3349599661,5.94494e-14,4.516e+12,8.927e+04,6.245e+34,normal,1
J0614-3329,0.003148669579,1.75e-20,2.375e+08,2.851e+09,2.213e+34,msp,1
J0621+0336,0.2699540684,7.24e-18,4.474e+10,5.908e+08,1.453e+31,normal,1
J0621+1002,0.02885386073,4.732e-20,1.182e+09,9.661e+09,7.777e+31,msp,1
J0622+3749,0.3332082318,2.54237e-14,2.945e+12,2.077e+05,2.713e+34,normal,1
J0623+0340,0.6137596,8.837e-17,2.357e+11,1.1e+08,1.509e+31,normal,1
J0624-0424,1.039076476,8.30442e-16,9.4e+11,1.983e+07,2.922e+31,normal,1
J0627+0649,0.3465225671,1.698e-15,7.762e+11,3.233e+06,1.611e+33,normal,1
J0627+0706,0.475877009,2.98087e-14,3.811e+12,2.529e+05,1.092e+34,normal,1
J0628+0909,1.241421391,5.479e-16,8.346e+11,3.59e+07,1.131e+31,normal,1
J0629+2415,0.476622836,1.99573e-15,9.869e+11,3.784e+06,7.277e+32,normal,1
J0630-0046,0.6805748323,3.7481e-15,1.616e+12,2.877e+06,4.694e+32,normal,1
J0630-2834,1.244418596,7.1229e-15,3.013e+12,2.768e+06,1.459e+32,normal,1
J0631+1036,0.287800022,1.04674e-13,5.554e+12,4.356e+04,1.734e+35,normal,1
J0633+0632,0.2973951906,7.9592e-14,4.923e+12,5.92e+04,1.195e+35,normal,1
J0633+1746,0.2370994417,1.09709e-14,1.632e+12,3.424e+05,3.249e+34,normal,1
J0633-2015,3.253210838,3.82e-15,3.567e+12,1.349e+07,4.38e+30,normal,1
J0636-4549,1.984597367,3.1722e-15,2.539e+12,9.913e+06,1.602e+31,normal,1
J0636+5129,0.002868952846,3.38e-21,9.965e+07,1.345e+10,5.651e+33,msp,1
J0645+5158,0.008853496686,4.923e-21,2.113e+08,2.849e+10,2.801e+32,msp,1
J0646+0905,0.9039132,7.357e-16,8.252e+11,1.947e+07,3.933e+31,normal,1
J0647+0913,1.234853628,6.421e-15,2.849e+12,3.047e+06,1.346e+32,normal,1
J0652-0142,0.9240539181,1.525e-16,3.799e+11,9.601e+07,7.63e+30,normal,1
J0653+8051,1.214440512,3.79879e-15,2.174e+12,5.065e+06,8.373e+31,normal,1
J0656-2228,1.224754415,2.67e-17,1.83e+11,7.268e+08,5.738e+29,normal,0
J0656-5449,0.1831568988,3.191e-17,7.736e+10,9.094e+07,2.05e+32,normal,1
J0658+0022,0.5632949253,9.15201e-15,2.298e+12,9.752e+05,2.021e+33,normal,1
J0659+1414,0.3848911951,5.50031e-14,4.656e+12,1.109e+05,3.808e+34,normal,1
J0700+6418,0.1956709452,6.853e-19,1.172e+10,4.524e+09,3.611e+30,normal,1
J0709-5923,0.4852683839,1.26e-16,2.502e+11,6.102e+07,4.353e+31,normal,1
J0711+0931,1.214090492,4e-16,7.052e+11,4.809e+07,8.824e+30,normal,1
J0711-6830,0.005490968506,1.49067e-20,2.895e+08,5.836e+09,3.555e+33,msp,1
J0719-2545,0.9747247306,7.2819e-15,2.696e+12,2.121e+06,3.104e+32,normal,1
J0720-3125,8.391115532,6.983e-14,2.45e+13,1.904e+06,4.666e+30,magnetar,1
J0721-2038,0.01554239497,4.4e-20,8.368e+08,5.597e+09,4.627e+32,msp,1
J0725-1635,0.4243114032,9.264e-17,2.006e+11,7.257e+07,4.787e+31,normal,1
J0726-2612,3.442308488,2.9311e-13,3.214e+13,1.861e+05,2.837e+32,magnetar,1
J0729-1448,0.2516587142,1.13288e-13,5.403e+12,3.52e+04,2.806e+35,normal,1
J0729-1836,0.5101603448,1.89571e-14,3.147e+12,4.264e+05,5.637e+33,normal,1
J0733-2345,1.796249701,5.704e-15,3.239e+12,4.99e+06,3.885e+31,normal,1
J0734-1559,0.15625,1.22e-14,1.397e+12,2.029e+05,1.263e+35,normal,1
J0737-2202,0.3203663705,5.46883e-15,1.339e+12,9.282e+05,6.566e+33,normal,1
J0737-3039A,0.0226993786,1.75993e-18,6.396e+09,2.044e+08,5.94e+33,msp,1
J0737-3039B,2.77346077,8.92e-16,1.592e+12,4.926e+07,1.651e+30,normal,1
J0738-4042,0.374919985,1.6161e-15,7.877e+11,3.676e+06,1.211e+33,normal,1
J0742-2822,0.1667622916,1.68211e-14,1.695e+12,1.571e+05,1.432e+35,normal,1
J0745-5353,0.2148363514,2.73e-15,7.75e+11,1.247e+06,1.087e+34,normal,1
J0746-4529,2.791025178,1.666e-14,6.9e+12,2.654e+06,3.025e+31,normal,1
J0749-4247,1.095452158,9.77e-16,1.047e+12,1.777e+07,2.934e+31,normal,1
J0751+1807,0.003478770783,7.786e-21,1.665e+08,7.079e+09,7.301e+33,msp,1
J0754+3231,1.442349479,1.07987e-15,1.263e+12,2.116e+07,1.421e+31,normal,1
J0758-1528,0.6822651758,1.61889e-15,1.063e+12,6.677e+06,2.012e+32,normal,1
J0804-3647,2.191986896,4.21e-15,3.074e+12,8.25e+06,1.578e+31,normal,1
J0806-4123,11.37038593,5.6e-14,2.553e+13,3.217e+06,1.504e+30,magnetar,0
J0807-5421,0.5266435314,3.78e-16,4.515e+11,2.207e+07,1.022e+32,normal,1
J0808-3937,0.8663492847,4.01e-16,5.964e+11,3.423e+07,2.435e+31,normal,1
J0809-4753,0.5471992355,3.0825e-15,1.314e+12,2.813e+06,7.427e+32,normal,1
J0812-3905,0.4825959292,4.49e-17,1.49e+11,1.703e+08,1.577e+31,normal,1
J0814+7429,1.292241447,1.68114e-16,4.717e+11,1.218e+08,3.076e+30,normal,1
J0815+0939,0.6451611911,1.39e-16,3.03e+11,7.354e+07,2.043e+31,normal,1
J0818-3049,0.7637418483,5.8e-16,6.735e+11,2.086e+07,5.14e+31,normal,1
J0818-3232,2.161258927,7.534e-16,1.291e+12,4.545e+07,2.946e+30,normal,1
J0820-1350,1.238129544,2.10518e-15,1.634e+12,9.319e+06,4.379e+31,normal,1
J0820-3826,0.1248363804,2.44174e-15,5.587e+11,8.101e+05,4.955e+34,normal,1
J0820-3921,1.073566584,1.2169e-14,3.658e+12,1.398e+06,3.883e+32,normal,1
J0820-4114,0.5454455361,1.89e-17,1.027e+11,4.573e+08,4.598e+30,normal,1
J0821-4221,0.3967282354,3.47811e-15,1.189e+12,1.807e+06,2.199e+33,normal,1
J0821-4300,0.1127994551,9.3e-18,3.278e+10,1.922e+08,2.558e+32,normal,1
J0823+0159,0.8648728047,1.0455e-16,3.043e+11,1.311e+08,6.38e+30,normal,1
J0826+2637,0.5306605117,1.70932e-15,9.638e+11,4.919e+06,4.516e+32,normal,1
J0828-3417,1.848918804,9.963e-16,1.373e+12,2.94e+07,6.223e+30,normal,1
J0831-4406,0.3116735185,1.279e-15,6.389e+11,3.861e+06,1.668e+33,normal,1
J0834-4159,0.1211163494,4.437e-15,7.418e+11,4.325e+05,9.859e+34,normal,1
J0835-3707,0.5414043736,9.778e-15,2.328e+12,8.773e+05,2.432e+33,normal,1
J0835-4510,0.08932838502,1.25008e-13,3.382e+12,1.132e+04,6.924e+36,normal,1
J0837+0610,1.273768292,6.79922e-15,2.978e+12,2.968e+06,1.299e+32,normal,1
J0837-4135,0.7516236176,3.5393e-15,1.65e+12,3.365e+06,3.291e+32,normal,1
J0838-2621,0.3085806621,3.9e-17,1.11e+11,1.254e+08,5.24e+31,normal,1
J0838-3947,1.703945706,8.1e-16,1.189e+12,3.333e+07,6.464e+30,normal,1
J0840-5332,0.7206123611,1.644e-15,1.101e+12,6.945e+06,1.734e+32,normal,1
J0842-4851,0.6443540558,9.497e-15,2.503e+12,1.075e+06,1.401e+33,normal,1
J0843-5022,0.2089556932,1.7238e-16,1.921e+11,1.921e+07,7.459e+32,normal,1
J0846-3533,1.116097163,1.60135e-15,1.353e+12,1.104e+07,4.547e+31,normal,1
J0847-4316,5.977492737,1.1994e-13,2.71e+13,7.896e+05,2.217e+31,magnetar,1
J0849-6322,0.3679532563,7.908e-16,5.459e+11,7.372e+06,6.267e+32,normal,1
J0849+8028,1.602227974,4.463e-16,8.557e+11,5.688e+07,4.284e+30,normal,1
J0855-3331,1.267535703,6.32095e-15,2.864e+12,3.177e+06,1.225e+32,normal,1
J0855-4644,0.06468613083,7.26269e-15,6.936e+11,1.411e+05,1.059e+36,normal,1
J0855-4658,0.5750723826,1.362e-14,2.832e+12,6.69e+05,2.827e+33,normal,1
J0856-6137,0.9625085573,1.677e-15,1.286e+12,9.094e+06,7.425e+31,normal,1
J0857-4424,0.3267742101,2.33439e-14,2.795e+12,2.218e+05,2.641e+34,normal,1
J0900-3144,0.01110964916,4.912e-20,7.475e+08,3.584e+09,1.414e+33,msp,1
J0901-4624,0.4419951308,8.7494e-14,6.293e+12,8.004e+04,4e+34,normal,1
J0902-6325,0.6603133715,1.07e-16,2.69e+11,9.778e+07,1.467e+31,normal,1
J0904-4246,0.9651709987,1.887e-15,1.366e+12,8.104e+06,8.286e+31,normal,1
J0904-7459,0.5495531191,4.63e-16,5.104e+11,1.881e+07,1.101e+32,normal,1
J0905-4536,0.9882805974,1.49e-16,3.883e+11,1.051e+08,6.094e+30,normal,1
J0905-5127,0.3462874368,2.4898e-14,2.971e+12,2.204e+05,2.367e+34,normal,1
J0905-6019,0.3408541765,5.22e-16,4.268e+11,1.035e+07,5.204e+32,normal,1
J0907-5157,0.253556015,1.8303e-15,6.894e+11,2.195e+06,4.433e+33,normal,1
J0908-1739,0.4016256234,6.695e-16,5.247e+11,9.505e+06,4.08e+32,normal,1
J0908-4913,0.1067545925,1.5151e-14,1.287e+12,1.116e+05,4.916e+35,normal,1
J0909-7212,1.362889954,3.33e-16,6.817e+11,6.485e+07,5.193e+30,normal,1
J0912-3851,1.526085076,3.59e-15,2.369e+12,6.735e+06,3.988e+31,normal,1
J0919-6040,1.216975723,1e-17,1.116e+11,1.928e+09,2.19e+29,normal,0
J0921+6254,1.567994018,3.60812e-15,2.407e+12,6.886e+06,3.695e+31,normal,1
J0922+0638,0.4306270989,1.37294e-14,2.461e+12,4.97e+05,6.787e+33,normal,1
J0922-4949,0.950288537,9.7569e-14,9.744e+12,1.543e+05,4.489e+33,normal,1
J0924-5302,0.7462952095,3.5477e-14,5.207e+12,3.333e+05,3.37e+33,normal,1
J0924-5814,0.7395013265,4.878e-15,1.922e+12,2.402e+06,4.762e+32,normal,1
J0931-1902,0.004638029391,4.1e-21,1.395e+08,1.792e+10,1.622e+33,msp,1
J0932-3217,1.931626743,2.5e-16,7.032e+11,1.224e+08,1.369e+30,normal,0
J0932-5327,4.392158713,8.37e-15,6.136e+12,8.314e+06,3.9e+30,normal,1
J0934-4154,0.5704092364,2.69e-16,3.964e+11,3.36e+07,5.722e+31,normal,1
J0934-5249,1.44477321,4.654e-15,2.624e+12,4.919e+06,6.092e+31,normal,1
J0940-5428,0.08754520431,3.28683e-14,1.717e+12,4.22e+04,1.934e+36,normal,1
J0941-5244,0.6585576143,1.1379e-15,8.76e+11,9.17e+06,1.573e+32,normal,1
J0942-5552,0.6643674881,2.2854e-14,3.943e+12,4.606e+05,3.077e+33,normal,1
J0942-5657,0.8081274171,3.96284e-14,5.727e+12,3.231e+05,2.964e+33,normal,1
J0943+1631,1.087417728,9.109e-17,3.185e+11,1.891e+08,2.797e+30,normal,1
J0944-1354,0.5702641246,4.5256e-17,1.626e+11,1.997e+08,9.634e+30,normal,1
J0945-4833,0.3315855988,4.8291e-15,1.281e+12,1.088e+06,5.229e+33,normal,1
J0946+0951,1.097705705,3.49339e-15,1.982e+12,4.979e+06,1.043e+32,normal,1
J0949-6902,0.6400157242,6.37e-16,6.461e+11,1.592e+07,9.592e+31,normal,1
J0952-3839,1.373815121,5.8e-16,9.033e+11,3.753e+07,8.831e+30,normal,1
J0953+0755,0.2530651649,2.29758e-16,2.44e+11,1.745e+07,5.597e+32,normal,1
J0954-5430,0.4728342793,4.3912e-14,4.611e+12,1.706e+05,1.64e+34,normal,1
J0955-5304,0.8621177393,3.517e-15,1.762e+12,3.884e+06,2.167e+32,normal,1
J0957-5432,0.2035566975,1.947e-15,6.371e+11,1.657e+06,9.113e+33,normal,1
J0959-4809,0.6700857604,8.2e-17,2.372e+11,1.295e+08,1.076e+31,normal,1
J1000-5149,0.2556770984,9.595e-16,5.012e+11,4.222e+06,2.266e+33,normal,1
J1001-5507,1.436582629,5.1396e-14,8.695e+12,4.429e+05,6.844e+32,normal,1
J1001-5559,1.66117674,8.6e-16,1.21e+12,3.061e+07,7.406e+30,normal,1
J1001-5939,7.733640265,5.99e-14,2.178e+13,2.046e+06,5.113e+30,magnetar,1
J1002-5559,0.7775009067,1.57e-15,1.118e+12,7.847e+06,1.319e+32,normal,1
J1002-5919,0.7134892535,1.04e-16,2.757e+11,1.087e+08,1.13e+31,normal,1
J1003-4747,0.3070716997,2.20737e-14,2.635e+12,2.204e+05,3.01e+34,normal,1
J1006-6311,0.835797468,5.73e-16,7.003e+11,2.311e+07,3.874e+31,normal,1
J1012-2337,2.517945021,8.809e-16,1.507e+12,4.529e+07,2.178e+30,normal,1
J1012+5307,0.005255749014,1.71279e-20,3.036e+08,4.862e+09,4.658e+33,msp,1
J1012-5830,2.133591214,3.765e-14,9.07e+12,8.979e+05,1.53e+32,normal,1
J1012-5857,0.8199114962,1.769e-14,3.854e+12,7.344e+05,1.267e+33,normal,1
J1013-5934,0.4429006307,5.58e-16,5.031e+11,1.258e+07,2.536e+32,normal,1
J1015-5719,0.1398816776,5.7368e-14,2.867e+12,3.863e+04,8.275e+35,normal,1
J1016-5345,0.7695835272,1.926e-15,1.232e+12,6.331e+06,1.668e+32,normal,1
J1016-5819,0.08783415614,6.98e-16,2.506e+11,1.994e+06,4.067e+34,normal,1
J1016-5857,0.1073864585,8.08342e-14,2.981e+12,2.105e+04,2.577e+36,normal,1
J1017-5621,0.5034588155,3.13e-15,1.27e+12,2.549e+06,9.683e+32,normal,1
J1017-7156,0.00233851444,2.2194e-21,7.29e+07,1.669e+10,6.851e+33,msp,1
J1018-1642,1.804694946,1.74219e-15,1.794e+12,1.641e+07,1.17e+31,normal,1
J1019-5749,0.16249871,2.0077e-14,1.828e+12,1.282e+05,1.847e+35,normal,1
J1020-5921,1.238305344,4.047e-14,7.164e+12,4.848e+05,8.414e+32,normal,1
J1020-6026,0.1404799102,6.7386e-15,9.846e+11,3.303e+05,9.596e+34,normal,1
J1021-5601,0.6700262976,5.3e-17,1.907e+11,2.003e+08,6.956e+30,normal,1
J1022+1001,0.01645292995,4.33375e-20,8.545e+08,6.015e+09,3.841e+32,msp,1
J1022-5813,1.643726002,1.454e-13,1.564e+13,1.791e+05,1.293e+33,magnetar,1
J1023+0038,0.001687987444,1.2e-20,1.44e+08,2.229e+09,9.85e+34,msp,1
J1023-5746,0.1114724343,3.83749e-13,6.618e+12,4603,1.094e+37,normal,1
J1024-0719,0.00516220464,1.8527e-20,3.129e+08,4.415e+09,5.317e+33,msp,1
J1028-5819,0.0914032309,1.61e-14,1.228e+12,8.995e+04,8.323e+35,normal,1
J1031-6117,0.3064108371,1.784e-15,7.482e+11,2.721e+06,2.448e+33,normal,1
J1032-5206,2.407622311,1.7891e-14,6.641e+12,2.132e+06,5.061e+31,normal,1
J1032-5911,0.46420801,3e-15,1.194e+12,2.452e+06,1.184e+33,normal,1
J1034-3224,1.150590428,2.3046e-16,5.211e+11,7.91e+07,5.973e+30,normal,1
J1035-6345,0.5795767363,3.504e-16,4.56e+11,2.621e+07,7.105e+31,normal,1
J1036-4926,0.5103681331,1.64838e-15,9.282e+11,4.906e+06,4.895e+32,normal,1
J1036-6559,0.5335018863,1.362e-15,8.626e+11,6.206e+06,3.541e+32,normal,1
J1038+0032,0.02885155795,6.7e-20,1.407e+09,6.823e+09,1.101e+32,msp,1
J1038-5831,0.661992094,1.2512e-15,9.21e+11,8.383e+06,1.703e+32,normal,1
J1041-1942,1.386368075,9.4485e-16,1.158e+12,2.325e+07,1.4e+31,normal,1
J1042-5521,1.170859077,6.733e-15,2.841e+12,2.755e+06,1.656e+32,normal,1
J1043-6116,0.2886016953,1.0404e-14,1.753e+12,4.395e+05,1.709e+34,normal,1
J1044-5737,0.1390288911,5.4628e-14,2.789e+12,4.032e+04,8.025e+35,normal,1
J1045-4509,0.007474224228,1.7662e-20,3.677e+08,6.705e+09,1.67e+33,msp,1
J1046+0304,0.326271446,1.242e-16,2.037e+11,4.162e+07,1.412e+32,normal,1
J1046-5813,0.3694266962,1.144e-15,6.579e+11,5.117e+06,8.958e+32,normal,1
J1047-3032,0.3303280523,6.1006e-17,1.437e+11,8.579e+07,6.682e+31,normal,1
J1047-6709,0.1984514506,1.68714e-15,5.855e+11,1.864e+06,8.522e+33,normal,1
J1048-5832,0.1236706579,9.6319e-14,3.493e+12,2.034e+04,2.01e+36,normal,1
J1049-5833,2.202325077,4.41e-15,3.154e+12,7.913e+06,1.63e+31,normal,1
J1050-5953,6.4520766,3.809e-11,5.017e+14,2684,5.599e+33,magnetar,1
J1052-5954,0.1805915007,1.99831e-14,1.922e+12,1.432e+05,1.339e+35,normal,1
J1052-6348,0.3838304235,3.87e-16,3.9e+11,1.571e+07,2.702e+32,normal,1
J1054-5943,0.3469089579,4.074e-15,1.203e+12,1.349e+06,3.852e+33,normal,1
J1054-5946,0.22832425,2.09e-16,2.211e+11,1.731e+07,6.932e+32,normal,1
J1054-6452,1.840003541,3.14e-15,2.432e+12,9.285e+06,1.99e+31,normal,1
J1055-6022,0.9475584093,9.239e-14,9.468e+12,1.625e+05,4.287e+33,normal,1
J1055-6028,0.09966083348,2.95322e-14,1.736e+12,5.347e+04,1.178e+36,normal,1
J1055-6236,0.4486354425,7.08e-16,5.703e+11,1.004e+07,3.095e+32,normal,1
J1055-6905,2.919396987,2.0336e-14,7.797e+12,2.275e+06,3.227e+31,normal,1
J1056-5709,0.6760818937,5.76e-16,6.315e+11,1.86e+07,7.358e+31,normal,1
J1056-6258,0.4224471887,3.5757e-15,1.244e+12,1.872e+06,1.872e+33,normal,1
J1056-7117,0.02630967698,6.3e-20,1.303e+09,6.617e+09,1.366e+32,msp,1
J1057-4754,0.6283058786,2.248e-16,3.803e+11,4.428e+07,3.578e+31,normal,1
J1057-5226,0.1971076082,5.8335e-15,1.085e+12,5.354e+05,3.007e+34,normal,1
J1057-7914,1.347402161,1.327e-15,1.353e+12,1.609e+07,2.142e+31,normal,1
J1058-5957,0.6162702723,6.57e-16,6.439e+11,1.486e+07,1.108e+32,normal,1
J1059-5742,1.184998934,4.3e-15,2.284e+12,4.366e+06,1.02e+32,normal,1
J1101-6101,0.062800077,8.6e-15,7.437e+11,1.157e+05,1.371e+36,normal,1
J1101-6424,0.005109272904,1.8e-21,9.704e+07,4.497e+10,5.328e+32,msp,1
J1103-5403,0.003392709659,3.7e-21,1.134e+08,1.453e+10,3.74e+33,msp,1
J1103-6025,0.3965867489,9.904e-16,6.342e+11,6.345e+06,6.268e+32,normal,1
J1104-6103,0.2809053015,1.96673e-15,7.521e+11,2.263e+06,3.503e+33,normal,1
J1105-6107,0.06319294153,1.58266e-14,1.012e+12,6.326e+04,2.476e+36,normal,1
J1106-6438,2.717934136,2.33e-15,2.547e+12,1.848e+07,4.581e+30,normal,1
J1107-5907,0.2527733234,9e-18,4.827e+10,4.45e+08,2.2e+31,normal,1
J1107-5947,1.516530965,3.4e-16,7.266e+11,7.067e+07,3.848e+30,normal,1
J1107-6143,1.799395668,1.558e-13,1.694e+13,1.83e+05,1.056e+33,magnetar,1
J1110-5637,0.5582527264,2.064e-15,1.086e+12,4.285e+06,4.684e+32,normal,1
J1112-6103,0.06496185189,3.14596e-14,1.447e+12,3.272e+04,4.53e+36,normal,1
J1112-6613,0.3342128398,8.24e-16,5.31e+11,6.426e+06,8.714e+32,normal,1
J1112-6926,0.8204842041,2.841e-15,1.545e+12,4.576e+06,2.031e+32,normal,1
J1114-6100,0.8808196255,4.60876e-14,6.447e+12,3.028e+05,2.662e+33,normal,1
J1115+5030,1.65643976,2.49279e-15,2.056e+12,1.053e+07,2.165e+31,normal,1
J1115-6052,0.2597766595,7.235e-15,1.387e+12,5.689e+05,1.629e+34,normal,1
J1116-4122,0.9431578828,7.9536e-15,2.772e+12,1.879e+06,3.743e+32,normal,1
J1117-6154,0.5050971492,1.251e-14,2.544e+12,6.397e+05,3.833e+33,normal,1
J1117-6447,1.15527196,2.4e-16,5.328e+11,7.627e+07,6.145e+30,normal,1
J1119-6127,0.4079629836,4.02022e-12,4.098e+13,1608,2.337e+36,magnetar,1
J1119-7936,2.280597196,3.67e-15,2.928e+12,9.846e+06,1.221e+31,normal,1
J1121-5444,0.5357831311,2.7669e-15,1.232e+12,3.068e+06,7.102e+32,normal,1
J1123-4844,0.2448384784,6.54e-17,1.28e+11,5.932e+07,1.759e+32,normal,1
J1123-6102,0.6402337476,6.46e-15,2.058e+12,1.57e+06,9.718e+32,normal,1
J1123-6259,0.2714340522,5.25308e-15,1.208e+12,8.187e+05,1.037e+34,normal,1
J1123-6651,0.2329764326,2.75002e-15,8.1e+11,1.342e+06,8.585e+33,normal,1
J1124-5638,0.1855599734,9e-18,4.135e+10,3.267e+08,5.561e+31,normal,1
J1124-5916,0.1354768544,7.52566e-13,1.022e+13,2852,1.195e+37,magnetar,1
J1124-6421,0.4790985845,6.2e-16,5.515e+11,1.224e+07,2.226e+32,normal,1
J1125-5825,0.003102213919,6.0899e-20,4.398e+08,8.071e+08,8.053e+34,msp,1
J1125-6014,0.00263038074,4.01e-21,1.039e+08,1.039e+10,8.699e+33,msp,1
J1126-6054,0.2027369119,2.8128e-16,2.416e+11,1.142e+07,1.333e+33,normal,1
J1126-6942,0.579416438,3.302e-15,1.4e+12,2.78e+06,6.701e+32,normal,1
J1128-6219,0.5159835105,1.1e-17,7.624e+10,7.432e+08,3.161e+30,normal,1
J1130-5826,0.1623234755,1.589e-17,5.139e+10,1.619e+08,1.467e+32,normal,1
J1130-5925,0.6809838324,9.52e-16,8.148e+11,1.133e+07,1.19e+32,normal,1
J1130-6807,0.2563527993,4.5968e-16,3.474e+11,8.836e+06,1.077e+33,normal,1
J1132-5627,0.1751662471,6.8e-17,1.104e+11,4.081e+07,4.995e+32,normal,1
J1133-6250,1.022875141,4.52e-16,6.881e+11,3.586e+07,1.667e+31,normal,1
J1135-6055,0.114943,7.93e-14,3.055e+12,2.297e+04,2.062e+36,normal,1
J1136+1551,1.187913066,3.73384e-15,2.131e+12,5.041e+06,8.793e+31,normal,1
J1136-5525,0.3647055762,8.2151e-15,1.752e+12,7.034e+05,6.686e+33,normal,1
J1137-6700,0.5562160557,7.17e-17,2.021e+11,1.229e+08,1.645e+31,normal,1
J1138-6207,0.117563794,1.24784e-14,1.226e+12,1.493e+05,3.032e+35,normal,1
J1141-3107,0.538431789,1.9602e-15,1.04e+12,4.352e+06,4.958e+32,normal,1
J1141-3322,0.2914675365,4.6346e-16,3.719e+11,9.964e+06,7.389e+32,normal,1
J1141-6545,0.3938988148,4.30737e-15,1.318e+12,1.449e+06,2.782e+33,normal,1
J1142-6230,0.5583833857,7.8e-17,2.112e+11,1.134e+08,1.769e+31,normal,1
J1143-5158,0.6756460471,6.953e-16,6.936e+11,1.54e+07,8.9e+31,normal,1
J1143-5536,0.6853584856,4.85e-16,5.834e+11,2.239e+07,5.948e+31,normal,1
J1144-6217,0.8506649434,3.0835e-14,5.183e+12,4.371e+05,1.978e+33,normal,1
J1146-6030,0.2733724299,1.7941e-15,7.087e+11,2.414e+06,3.467e+33,normal,1
J1148-5725,3.559937232,1.11e-14,6.361e+12,5.082e+06,9.713e+30,normal,1
J1148-6415,3.241028503,2.7e-15,2.993e+12,1.902e+07,3.131e+30,normal,1
J1151-6108,0.1016331963,1.02784e-14,1.034e+12,1.567e+05,3.865e+35,normal,1
J1152-5800,1.789829466,1.3e-15,1.544e+12,2.181e+07,8.951e+30,normal,1
J1152-6012,0.3765695658,6.685e-15,1.606e+12,8.925e+05,4.942e+33,normal,1
J1154-6250,0.2820117107,5.59e-16,4.018e+11,7.993e+06,9.839e+32,normal,1
J1156-5707,0.2884094203,2.6451e-14,2.795e+12,1.728e+05,4.353e+34,normal,1
J1156-5909,1.037931051,1.02e-15,1.041e+12,1.612e+07,3.601e+31,normal,1
J1157-5112,0.04358922706,1.43e-19,2.526e+09,4.83e+09,6.816e+31,normal,1
J1157-6224,0.4005220483,3.9313e-15,1.27e+12,1.614e+06,2.416e+33,normal,1
J1159-6409,0.6674855335,2.4e-17,1.281e+11,4.407e+08,3.186e+30,normal,1
J1159-7910,0.5250742392,2.817e-15,1.231e+12,2.953e+06,7.682e+32,normal,1
J1201-6306,0.5921360291,3.555e-15,1.468e+12,2.639e+06,6.76e+32,normal,1
J1202-5820,0.4528005082,2.1265e-15,9.93e+11,3.374e+06,9.043e+32,normal,1
J1204-6843,0.308860862,2.1708e-16,2.62e+11,2.254e+07,2.909e+32,normal,1
J1210-5226,0.4241307488,2.224e-17,9.828e+10,3.022e+08,1.151e+31,normal,1
J1210-5559,0.2797673308,7.2585e-16,4.56e+11,6.107e+06,1.309e+33,normal,1
J1210-6550,4.237010216,4.3e-16,1.366e+12,1.561e+08,2.232e+29,normal,0
J1211-6324,0.4330839262,2.57e-16,3.376e+11,2.67e+07,1.249e+32,normal,1
J1214-5830,0.9098227012,5.34e-17,2.23e+11,2.7e+08,2.799e+30,normal,1
J1215-5328,0.6364141368,1.15e-16,2.738e+11,8.768e+07,1.761e+31,normal,1
J1216-6223,0.3740467858,1.6819e-14,2.538e+12,3.524e+05,1.269e+34,normal,1
J1216-6410,0.003539375658,1.62e-21,7.663e+07,3.462e+10,1.442e+33,msp,1
J1220-6318,0.7892120121,8e-17,2.543e+11,1.563e+08,6.425e+30,normal,1
J1222-5738,1.081163527,1.5e-16,4.075e+11,1.142e+08,4.686e+30,normal,1
J1224-6208,0.5857612081,2.0196e-14,3.481e+12,4.595e+05,3.967e+33,normal,1
J1224-6407,0.2164762031,4.95332e-15,1.048e+12,6.925e+05,1.928e+34,normal,1
J1225-5556,1.018452868,2.0634e-15,1.467e+12,7.82e+06,7.711e+31,normal,1
J1225-6035,0.626323942,2.88e-16,4.298e+11,3.446e+07,4.628e+31,normal,1
J1225-6408,0.4196177915,9.46e-16,6.376e+11,7.028e+06,5.055e+32,normal,1
J1227-4853,0.00168637541,1.11e-20,1.384e+08,2.407e+09,9.137e+34,msp,1
J1227-6208,0.03452783465,1.874e-19,2.574e+09,2.919e+09,1.797e+32,normal,1
J1231-1411,0.003683878711,2.28e-20,2.933e+08,2.56e+09,1.8e+34,msp,1
J1231-4609,0.8772390778,3.8e-17,1.848e+11,3.658e+08,2.222e+30,normal,1
J1231-6303,1.351236299,1.4e-15,1.392e+12,1.529e+07,2.24e+31,normal,1
J1232-4742,1.872994377,1.4e-17,1.639e+11,2.12e+09,8.412e+28,normal,0
J1232-6501,0.08828190823,8.1e-19,8.557e+09,1.727e+09,4.648e+31,normal,1
J1233-6312,0.5647593892,6.92e-15,2e+12,1.293e+06,1.517e+33,normal,1
J1233-6344,0.7568919336,3.878e-15,1.734e+12,3.092e+06,3.531e+32,normal,1
J1235-6354,0.2567776534,1.97e-16,2.276e+11,2.065e+07,4.594e+32,normal,1
J1236-5033,0.2947597712,1.556e-16,2.167e+11,3.001e+07,2.399e+32,normal,1
J1237-6725,2.110974118,2.19e-15,2.176e+12,1.527e+07,9.191e+30,normal,1
J1238+21,1.118590689,1.4456e-15,1.287e+12,1.226e+07,4.078e+31,normal,1
J1239+2453,1.382449103,9.60049e-16,1.166e+12,2.282e+07,1.435e+31,normal,1
J1239-6832,1.301908114,1.1892e-14,3.982e+12,1.735e+06,2.128e+32,normal,1
J1240-4124,0.5122420932,1.739e-15,9.551e+11,4.667e+06,5.108e+32,normal,1
J1243-5735,0.4712248777,8e-17,1.965e+11,9.333e+07,3.018e+31,normal,1
J1243-6423,0.388480921,4.5006e-15,1.338e+12,1.368e+06,3.031e+33,normal,1
J1244-5053,0.2752071113,9.998e-16,5.308e+11,4.361e+06,1.894e+33,normal,1
J1244-6359,0.1472743105,4.4e-18,2.576e+10,5.303e+08,5.438e+31,normal,1
J1244-6531,1.54681894,7.18e-15,3.372e+12,3.413e+06,7.659e+31,normal,1
J1245-6238,2.283093351,1.092e-14,5.053e+12,3.313e+06,3.623e+31,normal,1
J1248-6344,0.1983351364,1.6918e-14,1.854e+12,1.857e+05,8.561e+34,normal,1
J1248-6444,1.234893494,1.932e-15,1.563e+12,1.013e+07,4.05e+31,normal,1
J1249-6507,0.4344448731,1.21e-17,7.337e+10,5.689e+08,5.826e+30,normal,1
J1251-7407,0.3270577382,3.651e-16,3.497e+11,1.419e+07,4.12e+32,normal,1
J1252-6314,0.8233392713,1.1e-16,3.045e+11,1.186e+08,7.781e+30,normal,1
J1253-5820,0.2554963274,2.09963e-15,7.412e+11,1.928e+06,4.97e+33,normal,1
J1254-6150,0.1845022031,6.24e-16,3.434e+11,4.685e+06,3.922e+33,normal,1
J1255-6131,0.6579736303,4e-15,1.642e+12,2.606e+06,5.544e+32,normal,1
J1257-1027,0.61730767,3.627e-16,4.788e+11,2.697e+07,6.087e+31,normal,1
J1259-6741,0.6633290494,1.206e-15,9.051e+11,8.715e+06,1.631e+32,normal,1
J1300+1240,0.006218531948,1.14334e-19,8.533e+08,8.618e+08,1.877e+34,msp,1
J1301-6305,0.1845280951,2.66747e-13,7.1e+12,1.096e+04,1.676e+36,normal,1
J1301-6310,0.6638296477,5.6433e-14,6.194e+12,1.864e+05,7.616e+33,normal,1
J1302-6313,0.9678462129,6.33e-15,2.505e+12,2.423e+06,2.756e+32,normal,1
J1302-6350,0.0477625075,2.2787e-15,3.338e+11,3.321e+05,8.256e+35,normal,1
J1303-6305,2.306641554,2.18e-15,2.269e+12,1.676e+07,7.013e+30,normal,1
J1305-6203,0.4277618422,3.214e-14,3.752e+12,2.109e+05,1.621e+34,normal,1
J1305-6256,0.4782309328,2.11e-15,1.017e+12,3.591e+06,7.616e+32,normal,1
J1305-6455,0.5716469444,4.032e-15,1.536e+12,2.246e+06,8.521e+32,normal,1
J1306-6242,0.9819021185,5.86e-15,2.427e+12,2.655e+06,2.444e+32,normal,1
J1306-6617,0.4730264707,5.9745e-15,1.701e+12,1.254e+06,2.228e+33,normal,1
J1307-6318,4.962427253,2.11e-14,1.035e+13,3.726e+06,6.816e+30,magnetar,1
J1308+2127,10.31252206,1.12e-13,3.439e+13,1.459e+06,4.032e+30,magnetar,1
J1308-4650,1.058833044,5.259e-16,7.551e+11,3.19e+07,1.749e+31,normal,1
J1308-5844,0.4646997488,8.639e-15,2.028e+12,8.523e+05,3.399e+33,normal,1
J1309-6415,0.6194535568,8.79e-15,2.361e+12,1.117e+06,1.46e+33,normal,1
J1309-6526,0.3982921628,1.84e-17,8.663e+10,3.43e+08,1.15e+31,normal,1
J1311-1228,0.4475177112,1.50859e-16,2.629e+11,4.7e+07,6.645e+31,normal,1
J1311-3430,0.002560371032,2.0964e-20,2.344e+08,1.935e+09,4.931e+34,msp,1
J1312-5402,0.7281542173,1.48e-16,3.322e+11,7.795e+07,1.513e+31,normal,1
J1312-5516,0.8492356848,5.706e-15,2.228e+12,2.358e+06,3.678e+32,normal,1
J1312-6400,2.437432496,6.8e-16,1.303e+12,5.679e+07,1.854e+30,normal,1
J1313+0931,0.8489327507,8e-16,8.339e+11,1.681e+07,5.162e+31,normal,1
J1314-6101,2.948389604,1.17e-14,5.943e+12,3.993e+06,1.802e+31,normal,1
J1316-6232,0.3428253984,5.297e-15,1.364e+12,1.025e+06,5.19e+33,normal,1
J1317-5759,2.642198513,1.256e-14,5.829e+12,3.333e+06,2.688e+31,normal,1
J1317-6302,0.2612705561,1.02e-16,1.652e+11,4.059e+07,2.258e+32,normal,1
J1319-6056,0.284351393,1.5263e-15,6.666e+11,2.952e+06,2.621e+33,normal,1
J1319-6105,0.4211181142,1.5012e-15,8.046e+11,4.445e+06,7.936e+32,normal,1
J1320-3512,0.4584884067,1.9e-18,2.987e+10,3.823e+09,7.783e+29,normal,0
J1320-5359,0.2797291472,9.2543e-15,1.628e+12,4.789e+05,1.669e+34,normal,1
J1321-5922,1.279057595,2.37e-15,1.762e+12,8.551e+06,4.471e+31,normal,1
J1321+8323,0.6700374184,5.663e-16,6.233e+11,1.875e+07,7.432e+31,normal,1
J1322-6241,0.5060584137,2.587e-15,1.158e+12,3.099e+06,7.881e+32,normal,1
J1322-6329,2.764209421,1.108e-14,5.6e+12,3.953e+06,2.071e+31,normal,1
J1324-6146,0.8441085753,5.58e-15,2.196e+12,2.397e+06,3.663e+32,normal,1
J1324-6302,2.483803693,9.79e-16,1.578e+12,4.02e+07,2.522e+30,normal,1
J1326-5859,0.4779908669,3.238e-15,1.259e+12,2.339e+06,1.171e+33,normal,1
J1326-6408,0.7926701073,3.103e-15,1.587e+12,4.047e+06,2.46e+32,normal,1
J1326-6700,0.5430085792,5.31e-15,1.718e+12,1.62e+06,1.309e+33,normal,1
J1327-0755,0.002677923197,1.773e-20,2.205e+08,2.393e+09,3.645e+34,msp,1
J1327-6222,0.5299131921,1.88787e-14,3.201e+12,4.447e+05,5.009e+33,normal,1
J1327-6301,0.1964786642,1.52962e-15,5.548e+11,2.035e+06,7.962e+33,normal,1
J1327-6400,0.2806779742,3.1177e-14,2.993e+12,1.426e+05,5.566e+34,normal,1
J1328-4357,0.5326988034,3.014e-15,1.282e+12,2.8e+06,7.872e+32,normal,1
J1328-4921,1.478721356,6.1e-16,9.611e+11,3.841e+07,7.448e+30,normal,1
J1329-6158,1.565217964,3.39e-14,7.371e+12,7.316e+05,3.49e+32,normal,1
J1331-5245,0.6481166471,5.1e-16,5.818e+11,2.014e+07,7.396e+31,normal,1
J1332-3032,0.6504344906,5.603e-16,6.109e+11,1.839e+07,8.038e+31,normal,1
J1333-4449,0.3456029486,5.4e-19,1.382e+10,1.014e+10,5.164e+29,normal,0
J1334-5839,0.1077182159,2.1596e-17,4.881e+10,7.903e+07,6.821e+32,normal,1
J1337-6306,0.2079530122,3.558e-16,2.753e+11,9.261e+06,1.562e+33,normal,1
J1337-6423,0.009423406718,2.469e-20,4.881e+08,6.047e+09,1.165e+33,msp,1
J1338-6204,1.238989577,1.3854e-14,4.192e+12,1.417e+06,2.876e+32,normal,1
J1339-4712,0.1370546579,5.3e-19,8.625e+09,4.097e+09,8.127e+30,normal,1
J1339-6618,0.5581792219,3.5e-16,4.473e+11,2.527e+07,7.945e+31,normal,1
J1340-6456,0.3786220663,5.0512e-15,1.399e+12,1.188e+06,3.674e+33,normal,1
J1341-6023,0.6272853659,1.9461e-14,3.536e+12,5.107e+05,3.113e+33,normal,1
J1341-6220,0.1933397463,2.53107e-13,7.079e+12,1.21e+04,1.383e+36,normal,1
J1342+2822B,0.002389420758,1.858e-20,2.132e+08,2.038e+09,5.377e+34,msp,1
J1344-6059,0.5401023214,4.3e-17,1.542e+11,1.99e+08,1.077e+31,normal,1
J1345-6115,1.25308459,3.25e-15,2.042e+12,6.109e+06,6.521e+31,normal,1
J1346-4918,0.2996251068,3.5e-17,1.036e+11,1.356e+08,5.137e+31,normal,1
J1347-5947,0.6099617543,1.416e-14,2.974e+12,6.825e+05,2.463e+33,normal,1
J1348-6307,0.9277722389,3.79e-15,1.898e+12,3.879e+06,1.874e+32,normal,1
J1349-6130,0.2593628601,5.125e-15,1.167e+12,8.018e+05,1.16e+34,normal,1
J1350-5115,0.2956991763,7.526e-16,4.774e+11,6.225e+06,1.149e+33,normal,1
J1352-6803,0.6289025464,1.234e-15,8.915e+11,8.075e+06,1.959e+32,normal,1
J1354-6249,2.951938334,1.48e-14,6.689e+12,3.16e+06,2.271e+31,normal,1
J1355-5153,0.6443010962,2.813e-15,1.362e+12,3.629e+06,4.152e+32,normal,1
J1355-5747,2.038673825,7.1e-16,1.217e+12,4.55e+07,3.308e+30,normal,1
J1355-5925,1.213381227,5.986e-15,2.727e+12,3.212e+06,1.323e+32,normal,1
J1355-6206,0.2766030432,3.1e-18,2.963e+10,1.414e+09,5.783e+30,normal,1
J1356-5521,0.5073795667,7.235e-16,6.131e+11,1.111e+07,2.187e+32,normal,1
J1357-6429,0.1661083275,3.60184e-13,7.827e+12,7307,3.102e+36,normal,1
J1359-6038,0.1275007768,6.3385e-15,9.097e+11,3.187e+05,1.207e+35,normal,1
J1400-6325,0.0311816011,3.89e-14,1.114e+12,1.27e+04,5.065e+37,normal,1
J1401-6357,0.8427896324,1.67258e-14,3.799e+12,7.984e+05,1.103e+33,normal,1
J1403-6310,0.3991701769,9e-17,1.918e+11,7.027e+07,5.586e+31,normal,1
J1403-7646,1.306197812,1.204e-15,1.269e+12,1.719e+07,2.133e+31,normal,1
J1405-4656,0.007602203433,2.79e-20,4.66e+08,4.317e+09,2.507e+33,msp,1
J1405-5641,0.6175746851,1.198e-15,8.704e+11,8.168e+06,2.008e+32,normal,1
J1406-5806,0.2883492443,6.11e-16,4.247e+11,7.477e+06,1.006e+33,normal,1
J1406-6121,0.2130746538,5.4701e-14,3.455e+12,6.172e+04,2.232e+35,normal,1
J1407-6048,0.4923442066,3.156e-15,1.261e+12,2.472e+06,1.044e+33,normal,1
J1407-6153,0.7016149492,8.85e-15,2.522e+12,1.256e+06,1.012e+33,normal,1
J1409-6953,0.5285907792,8.4e-16,6.743e+11,9.97e+06,2.245e+32,normal,1
J1410-6132,0.0500519462,3.2e-14,1.281e+12,2.478e+04,1.008e+37,normal,1
J1410-7404,0.2787294436,6.74e-18,4.386e+10,6.552e+08,1.229e+31,normal,1
J1412-6111,0.529156398,1.91e-15,1.017e+12,4.39e+06,5.089e+32,normal,1
J1412-6145,0.3152249707,9.86598e-14,5.643e+12,5.062e+04,1.243e+35,normal,1
J1412+7922,0.0591982124,4e-19,4.924e+09,2.345e+09,7.612e+31,normal,1
J1413-6141,0.2856246202,3.3344e-13,9.875e+12,1.357e+04,5.649e+35,normal,1
J1413-6205,0.1097406997,2.768e-14,1.764e+12,6.282e+04,8.268e+35,normal,1
J1413-6222,0.2924077025,2.229e-15,8.17e+11,2.079e+06,3.52e+33,normal,1
J1413-6307,0.3949457908,7.4343e-15,1.734e+12,8.417e+05,4.764e+33,normal,1
J1414-6802,4.630188062,6.39e-15,5.504e+12,1.148e+07,2.541e+30,normal,1
J1415-6621,0.3924789731,5.8e-16,4.828e+11,1.072e+07,3.787e+32,normal,1
J1416-5033,0.794882546,1.2e-16,3.125e+11,1.05e+08,9.433e+30,normal,1
J1416-6037,0.2955804819,4.28e-15,1.138e+12,1.094e+06,6.543e+33,normal,1
J1418-3921,1.096806003,8.892e-16,9.993e+11,1.954e+07,2.661e+31,normal,1
J1418-5945,1.672595681,2.71e-16,6.813e+11,9.779e+07,2.286e+30,normal,1
J1418-6058,0.1105730117,1.69394e-13,4.379e+12,1.034e+04,4.947e+36,normal,1
J1420-5416,0.9357719221,2.37e-16,4.766e+11,6.256e+07,1.142e+31,normal,1
J1420-5625,0.03411713085,6.8e-20,1.541e+09,7.949e+09,6.76e+31,normal,1
J1420-6048,0.06817987659,8.3167e-14,2.41e+12,1.299e+04,1.036e+37,normal,1
J1422-6138,0.3409678516,9.6836e-14,5.815e+12,5.579e+04,9.644e+34,normal,1
J1423-6953,0.3334107102,1.4513e-15,7.039e+11,3.64e+06,1.546e+33,normal,1
J1424-5556,0.7703748459,7.8e-16,7.844e+11,1.565e+07,6.735e+31,normal,1
J1424-5822,0.3667340602,3.943e-15,1.217e+12,1.474e+06,3.156e+33,normal,1
J1424-6438,1.023503699,2.4e-16,5.015e+11,6.757e+07,8.837e+30,normal,1
J1425-5723,0.3532629202,2.2e-17,8.921e+10,2.544e+08,1.97e+31,normal,1
J1425-5759,0.7078676058,7.42e-16,7.334e+11,1.512e+07,8.259e+31,normal,1
J1425-6210,0.5017303099,4.8e-16,4.966e+11,1.656e+07,1.5e+32,normal,1
J1427-4158,0.5864855562,6.212e-16,6.108e+11,1.496e+07,1.216e+32,normal,1
J1428-5530,0.5702904629,2.0805e-15,1.102e+12,4.343e+06,4.428e+32,normal,1
J1429-5911,0.1158426101,3.05e-14,1.902e+12,6.018e+04,7.746e+35,normal,1
J1429-5935,0.7639148305,4.2751e-14,5.783e+12,2.831e+05,3.786e+33,normal,1
J1430-6623,0.7854407573,2.7695e-15,1.492e+12,4.494e+06,2.256e+32,normal,1
J1431-4715,0.002011953443,1.411e-20,1.705e+08,2.259e+09,6.84e+34,msp,1
J1431-5740,0.004110543957,6.42e-21,1.644e+08,1.014e+10,3.649e+33,msp,1
J1432-5032,2.034989479,5.924e-15,3.513e+12,5.443e+06,2.775e+31,normal,1
J1433-6038,1.954429635,5.63e-15,3.357e+12,5.5e+06,2.977e+31,normal,1
J1434-6006,0.3063678627,3.02e-15,9.734e+11,1.607e+06,4.146e+33,normal,1
J1434-6029,0.9633483231,1.03e-15,1.008e+12,1.482e+07,4.548e+31,normal,1
J1434+7257,0.04174114784,5.5e-19,4.849e+09,1.202e+09,2.986e+32,normal,1
J1435-5954,0.4729954355,1.5433e-15,8.646e+11,4.856e+06,5.758e+32,normal,1
J1435-6100,0.00934797221,2.45e-20,4.843e+08,6.045e+09,1.184e+33,msp,1
J1437-5959,0.0616961234,8.587e-15,7.365e+11,1.138e+05,1.444e+36,normal,1
J1437-6146,0.4676163234,6.3304e-15,1.741e+12,1.17e+06,2.444e+33,normal,1
J1439-5501,0.02863488819,1.418e-19,2.039e+09,3.2e+09,2.384e+32,msp,1
J1440-6344,0.4596053639,1.1201e-15,7.261e+11,6.501e+06,4.555e+32,normal,1
J1441-6137,1.175840023,3.6e-16,6.584e+11,5.175e+07,8.742e+30,normal,1
J1443-5122,0.7320612647,3.38e-16,5.034e+11,3.432e+07,3.401e+31,normal,1
J1444-5941,2.760227945,8.2e-15,4.814e+12,5.333e+06,1.539e+31,normal,1
J1444-6026,4.758575568,1.8542e-14,9.505e+12,4.066e+06,6.793e+30,normal,1
J1446-4701,0.00219469578,9.8102e-21,1.485e+08,3.545e+09,3.664e+34,msp,1
J1449-5846,0.4633295772,8.6e-17,2.02e+11,8.536e+07,3.413e+31,normal,1
J1452-5851,0.3866250175,5.0706e-14,4.48e+12,1.208e+05,3.464e+34,normal,1
J1452-6036,0.1549913579,1.44989e-15,4.797e+11,1.694e+06,1.537e+34,normal,1
J1453+1902,0.005792302735,1.162e-20,2.625e+08,7.898e+09,2.361e+33,msp,1
J1453-6413,0.179484754,2.7461e-15,7.104e+11,1.036e+06,1.875e+34,normal,1
J1454-5846,0.045248773,8.17e-19,6.153e+09,8.775e+08,3.481e+32,normal,1
J1455-3330,0.007987204796,2.428e-20,4.456e+08,5.212e+09,1.881e+33,msp,1
J1456-6843,0.2633768149,9.826e-17,1.628e+11,4.247e+07,2.123e+32,normal,1
J1457-5122,1.74830108,5.29e-15,3.077e+12,5.236e+06,3.908e+31,normal,1
J1457-5900,1.498637437,3.66e-15,2.37e+12,6.488e+06,4.293e+31,normal,1
J1457-5902,0.3907393642,1.2306e-14,2.219e+12,5.031e+05,8.144e+33,normal,1
J1459-6053,0.1031506383,2.52704e-14,1.634e+12,6.467e+04,9.09e+35,normal,1
J1501-0046,0.4640368139,2.391e-16,3.371e+11,3.075e+07,9.447e+31,normal,1
J1501-5637,0.7829485661,1.7e-16,3.692e+11,7.297e+07,1.398e+31,normal,1
J1502-5653,0.5355043978,1.8286e-15,1.001e+12,4.64e+06,4.701e+32,normal,1
J1502-5828,0.6681051509,3.64e-14,4.99e+12,2.908e+05,4.819e+33,normal,1
J1502-6128,0.84210384,1.348e-15,1.078e+12,9.898e+06,8.912e+31,normal,1
J1502-6752,0.02674442377,3.145e-19,2.935e+09,1.347e+09,6.491e+32,msp,1
J1503+2111,3.314001501,1.4e-16,6.893e+11,3.751e+08,1.519e+29,normal,0
J1504-5621,0.4129851998,5.529e-15,1.529e+12,1.183e+06,3.099e+33,normal,1
J1506-5158,0.840738545,6.37e-15,2.342e+12,2.091e+06,4.232e+32,normal,1
J1507-4352,0.2867570452,1.6045e-15,6.864e+11,2.832e+06,2.686e+33,normal,1
J1507-6640,0.3556549012,1.157e-15,6.491e+11,4.87e+06,1.015e+33,normal,1
J1509+5531,0.7396819229,4.99821e-15,1.946e+12,2.345e+06,4.876e+32,normal,1
J1509-5850,0.08892176049,9.1698e-15,9.138e+11,1.536e+05,5.149e+35,normal,1
J1509-6015,0.3390384487,2.121e-15,8.581e+11,2.533e+06,2.149e+33,normal,1
J1510-4422,0.9438712975,6.1e-16,7.678e+11,2.452e+07,2.864e+31,normal,1
J1511-5414,0.2003836959,4.848e-16,3.154e+11,6.549e+06,2.379e+33,normal,1
J1511-5835,0.30151055,3.44e-16,3.259e+11,1.389e+07,4.955e+32,normal,1
J1512-5431,2.040531574,1.92e-15,2.003e+12,1.684e+07,8.921e+30,normal,1
J1512-5759,0.1286941484,6.85121e-15,9.502e+11,2.976e+05,1.269e+35,normal,1
J1513-5739,0.9734580348,2.755e-14,5.24e+12,5.598e+05,1.179e+33,normal,1
J1513-5908,0.1512512583,1.53147e-12,1.54e+13,1565,1.747e+37,magnetar,1
J1513-5946,1.046117157,8.5284e-15,3.023e+12,1.944e+06,2.941e+32,normal,1
J1514-4834,0.4548392095,9.25e-16,6.564e+11,7.791e+06,3.881e+32,normal,1
J1514-4946,0.00358933668,1.8646e-20,2.618e+08,3.05e+09,1.592e+34,msp,1
J1514-5925,0.1487964882,2.8829e-15,6.628e+11,8.178e+05,3.455e+34,normal,1
J1515-5720,0.2866461965,6.098e-15,1.338e+12,7.448e+05,1.022e+34,normal,1
J1517-4356,0.6508368719,2.155e-16,3.79e+11,4.785e+07,3.086e+31,normal,1
J1517-4636,0.8866124969,2.098e-15,1.38e+12,6.696e+06,1.188e+32,normal,1
J1518+0204A,0.005553592524,4.122e-20,4.842e+08,2.135e+09,9.5e+33,msp,1
J1518+0204C,0.00248392757,2.6069e-20,2.575e+08,1.51e+09,6.715e+34,msp,1
J1518-0627,0.7949966746,4.179e-16,5.833e+11,3.014e+07,3.283e+31,normal,1
J1518+4904,0.04093498891,2.719e-20,1.068e+09,2.385e+10,1.565e+31,normal,1
J1518-5415,0.2149248003,4.06e-17,9.453e+10,8.388e+07,1.614e+32,normal,1
J1519-5734,0.5187577847,4.273e-15,1.507e+12,1.924e+06,1.208e+33,normal,1
J1519-6106,2.154307061,8.372e-15,4.298e+12,4.077e+06,3.306e+31,normal,1
J1519-6308,1.254051631,5.96e-15,2.767e+12,3.334e+06,1.193e+32,normal,1
J1522-5525,1.389604688,3.3e-15,2.167e+12,6.672e+06,4.855e+31,normal,1
J1522-5735,0.1021359809,3.1239e-14,1.808e+12,5.18e+04,1.157e+36,normal,1
J1522-5829,0.3953528599,2.0035e-15,9.006e+11,3.127e+06,1.28e+33,normal,1
J1524-5625,0.07821854888,3.895e-14,1.766e+12,3.182e+04,3.213e+36,normal,1
J1524-5706,1.116048619,3.5647e-13,2.018e+13,4.961e+04,1.012e+34,magnetar,1
J1524-5819,0.9610426269,1.26016e-13,1.114e+13,1.208e+05,5.605e+33,magnetar,1
J1525-5417,1.011694218,1.6174e-14,4.093e+12,9.911e+05,6.166e+32,normal,1
J1525-5523,0.355156037,8.96e-18,5.708e+10,6.28e+08,7.896e+30,normal,1
J1525-5545,0.01135988179,1.314e-19,1.236e+09,1.37e+09,3.539e+33,msp,1
J1525-5605,0.2803486621,1.16e-16,1.825e+11,3.829e+07,2.078e+32,normal,1
J1526-5633,0.3018878966,1.23e-16,1.95e+11,3.889e+07,1.765e+32,normal,1
J1527-3931,2.41758227,1.907e-14,6.871e+12,2.009e+06,5.328e+31,normal,1
J1527-5552,1.048704887,1.128e-14,3.48e+12,1.473e+06,3.861e+32,normal,1
J1528-3146,0.06082223035,2.49e-19,3.938e+09,3.87e+09,4.369e+31,normal,1
J1528-4109,0.5265561391,3.955e-16,4.618e+11,2.109e+07,1.069e+32,normal,1
J1528-5547,3.467301517,7.75e-15,5.246e+12,7.089e+06,7.34e+30,normal,1
J1529-3828,0.008486282116,2.7e-20,4.844e+08,4.98e+09,1.744e+33,msp,1
J1529-5355,0.8912645399,8.1e-16,8.598e+11,1.743e+07,4.517e+31,normal,1
J1529-5611,0.8222487311,4.1e-15,1.858e+12,3.178e+06,2.912e+32,normal,1
J1530-5327,0.2789567212,4.683e-15,1.157e+12,9.438e+05,8.517e+33,normal,1
J1531-4012,0.3568493129,9.63e-17,1.876e+11,5.871e+07,8.366e+31,normal,1
J1531-5610,0.08420168289,1.37406e-14,1.088e+12,9.709e+04,9.087e+35,normal,1
J1532+2745,1.124835743,7.7956e-16,9.476e+11,2.286e+07,2.162e+31,normal,1
J1532-5308,0.4438246083,6.5e-17,1.719e+11,1.082e+08,2.935e+31,normal,1
J1534-4428,1.221425959,1.8e-16,4.745e+11,1.075e+08,3.9e+30,normal,1
J1534-5334,1.368880909,1.426e-15,1.414e+12,1.521e+07,2.195e+31,normal,1
J1534-5405,0.2896888952,1.5429e-15,6.765e+11,2.975e+06,2.506e+33,normal,1
J1535-4114,0.4328661338,4.0705e-15,1.343e+12,1.685e+06,1.981e+33,normal,1
J1535-4415,0.4684016042,4.05e-17,1.394e+11,1.832e+08,1.556e+31,normal,1
J1535-5450,0.5667341567,1.4338e-14,2.885e+12,6.263e+05,3.11e+33,normal,1
J1535-5848,0.3071776628,2.716e-15,9.243e+11,1.792e+06,3.699e+33,normal,1
J1536-3602,1.319759042,7.9e-16,1.033e+12,2.647e+07,1.357e+31,normal,1
J1536-5433,0.8814384311,1.91e-15,1.313e+12,7.312e+06,1.101e+32,normal,1
J1536-5907,0.5578406603,1.366e-15,8.833e+11,6.47e+06,3.107e+32,normal,1
J1537+1155,0.03790444118,2.42249e-18,9.697e+09,2.479e+08,1.756e+33,normal,1
J1537-4912,0.3013107752,1.932e-15,7.721e+11,2.471e+06,2.788e+33,normal,1
J1537-5153,1.528124106,4.172e-15,2.555e+12,5.803e+06,4.616e+31,normal,1
J1537-5645,0.4304641239,2.78e-15,1.107e+12,2.453e+06,1.376e+33,normal,1
J1538+2345,3.449384953,6.889e-15,4.933e+12,7.933e+06,6.627e+30,normal,1
J1538-5438,0.2767261373,1.42e-15,6.343e+11,3.088e+06,2.645e+33,normal,1
J1538-5519,0.3957306389,4.1e-17,1.289e+11,1.529e+08,2.612e+31,normal,1
J1538-5551,0.1046749208,3.2082e-15,5.864e+11,5.17e+05,1.104e+35,normal,1
J1538-5621,1.908494491,7.3118e-15,3.78e+12,4.136e+06,4.153e+31,normal,1
J1538-5638,0.8439803969,7.12e-15,2.481e+12,1.878e+06,4.676e+32,normal,1
J1538-5732,0.3412128118,4.5498e-15,1.261e+12,1.188e+06,4.521e+33,normal,1
J1538-5750,0.5065683353,4.2e-17,1.476e+11,1.911e+08,1.276e+31,normal,1
J1539-4828,1.2728416,1.267e-15,1.285e+12,1.592e+07,2.426e+31,normal,1
J1539-5521,1.004958318,7.28e-16,8.655e+11,2.187e+07,2.832e+31,normal,1
J1539-5626,0.2433922004,4.8493e-15,1.099e+12,7.952e+05,1.328e+34,normal,1
J1539-6322,1.63084631,2.016e-16,5.802e+11,1.282e+08,1.835e+30,normal,1
J1540-5736,0.6129162857,4.2e-16,5.134e+11,2.312e+07,7.201e+31,normal,1
J1541-5535,0.2958375535,7.502e-14,4.767e+12,6.248e+04,1.144e+35,normal,1
J1542-5034,0.5992450364,3.968e-15,1.56e+12,2.393e+06,7.28e+32,normal,1
J1542-5133,1.783864988,5.9e-16,1.038e+12,4.791e+07,4.103e+30,normal,1
J1542-5303,1.207567765,7.78e-14,9.808e+12,2.459e+05,1.744e+33,normal,1
J1543-0620,0.7090640698,8.7954e-16,7.991e+11,1.277e+07,9.74e+31,normal,1
J1543+0929,0.7484484162,4.3248e-16,5.757e+11,2.742e+07,4.072e+31,normal,1
J1543-5013,0.6442550645,1.0132e-14,2.585e+12,1.007e+06,1.496e+33,normal,1
J1543-5149,0.002056960392,1.6159e-20,1.845e+08,2.017e+09,7.33e+34,msp,1
J1543-5459,0.3771185626,5.2018e-14,4.482e+12,1.149e+05,3.829e+34,normal,1
J1544+4937,0.00215928839,2.933e-21,8.053e+07,1.166e+10,1.15e+34,msp,1
J1544-5308,0.1785537997,6.07e-17,1.053e+11,4.661e+07,4.21e+32,normal,1
J1545-4550,0.003575288619,5.25e-20,4.384e+08,1.079e+09,4.535e+34,msp,1
J1546-5302,0.5808398862,1.18e-14,2.649e+12,7.799e+05,2.377e+33,normal,1
J1547-0944,1.576924633,2.938e-15,2.178e+12,8.504e+06,2.958e+31,normal,1
J1547-5750,0.6471977467,2.6e-17,1.313e+11,3.944e+08,3.786e+30,normal,1
J1547-5839,0.2421903238,5.94e-16,3.838e+11,6.46e+06,1.651e+33,normal,1
J1548-4821,0.1456547195,8e-19,1.092e+10,2.885e+09,1.022e+31,normal,1
J1548-4927,0.6027380777,4.047e-15,1.58e+12,2.36e+06,7.296e+32,normal,1
J1548-5607,0.1709339927,1.0736e-14,1.371e+12,2.523e+05,8.486e+34,normal,1
J1549+2113,1.262471312,8.541e-16,1.051e+12,2.342e+07,1.676e+31,normal,1
J1549-4848,0.2883467631,1.41089e-14,2.041e+12,3.238e+05,2.323e+34,normal,1
J1549-5722,0.497772394,4.7e-17,1.548e+11,1.678e+08,1.504e+31,normal,1
J1550-5242,0.7496589496,1.7774e-14,3.694e+12,6.683e+05,1.666e+33,normal,1
J1550-5317,1.421124345,9.35e-16,1.166e+12,2.408e+07,1.286e+31,normal,1
J1550-5418,2.06983302,2.318e-11,2.217e+14,1415,1.032e+35,magnetar,1
J1551-4424,0.674060361,1.88e-16,3.602e+11,5.681e+07,2.423e+31,normal,1
J1551-5310,0.4533941646,1.9513e-13,9.518e+12,3.682e+04,8.265e+34,normal,1
J1552-4937,0.006284311381,1.9e-20,3.497e+08,5.241e+09,3.022e+33,msp,1
J1553-5456,1.081328247,1.565e-14,4.163e+12,1.095e+06,4.887e+32,normal,1
J1554-5209,0.1252295584,2.29442e-15,5.424e+11,8.648e+05,4.612e+34,normal,1
J1554-5512,3.418039313,3.12e-14,1.045e+13,1.736e+06,3.084e+31,magnetar,1
J1555-0515,0.9754098911,2.054e-15,1.432e+12,7.524e+06,8.738e+31,normal,1
J1555-2341,0.5325777412,6.93702e-16,6.151e+11,1.216e+07,1.813e+32,normal,1
J1555-3134,0.5181097798,6.2232e-17,1.817e+11,1.319e+08,1.766e+31,normal,1
J1556-5358,0.9946806867,1.042e-14,3.258e+12,1.512e+06,4.18e+32,normal,1
J1557-4258,0.3291868578,3.3012e-16,3.336e+11,1.58e+07,3.653e+32,normal,1
J1558-5419,0.5945752636,6.04e-15,1.918e+12,1.56e+06,1.134e+33,normal,1
J1558-5756,1.122341686,1.86406e-13,1.464e+13,9.54e+04,5.205e+33,magnetar,1
J1559-4438,0.2570560977,1.01916e-15,5.179e+11,3.996e+06,2.369e+33,normal,1
J1559-5545,0.9572424424,2.0479e-14,4.48e+12,7.406e+05,9.217e+32,normal,1
J1600-3053,0.00359792851,9.4998e-21,1.871e+08,6.001e+09,8.052e+33,msp,1
J1600-5044,0.1926012328,5.06233e-15,9.992e+11,6.028e+05,2.797e+34,normal,1
J1600-5751,0.1944544822,2.1252e-15,6.505e+11,1.45e+06,1.141e+34,normal,1
J1600-5916,1.247666174,8.9e-16,1.066e+12,2.221e+07,1.809e+31,normal,1
J1601-5244,2.559356631,7.2e-16,1.374e+12,5.632e+07,1.696e+30,normal,1
J1601-5335,0.2884565115,6.2371e-14,4.292e+12,7.328e+04,1.026e+35,normal,1
J1602-4957,0.8199900369,1.594e-14,3.658e+12,8.151e+05,1.141e+33,normal,1
J1602-5100,0.8642273599,6.958e-14,7.847e+12,1.968e+05,4.256e+33,normal,1
J1603-2531,0.2830703767,1.59223e-15,6.794e+11,2.817e+06,2.771e+33,normal,1
J1603-2712,0.7783131928,3.00939e-15,1.549e+12,4.098e+06,2.52e+32,normal,1
J1603-3539,0.141908589,1.2425e-16,1.344e+11,1.81e+07,1.716e+33,normal,1
J1603-5657,0.4960771131,2.795e-15,1.192e+12,2.812e+06,9.038e+32,normal,1
J1603-7202,0.01484195225,1.563e-20,4.874e+08,1.505e+10,1.887e+32,msp,1
J1604-4718,0.5274658742,4.961e-15,1.637e+12,1.685e+06,1.335e+33,normal,1
J1604-4909,0.3274175728,1.0194e-15,5.846e+11,5.089e+06,1.147e+33,normal,1
J1604-7203,0.3414029322,8.4e-17,1.714e+11,6.44e+07,8.334e+31,normal,1
J1605-5215,1.013608747,4.75e-15,2.22e+12,3.381e+06,1.801e+32,normal,1
J1605-5257,0.6580131007,2.56e-16,4.153e+11,4.073e+07,3.547e+31,normal,1
J1607-0032,0.4218162336,3.06093e-16,3.636e+11,2.183e+07,1.61e+32,normal,1
J1607-5140,0.3427227925,2.54e-15,9.441e+11,2.138e+06,2.491e+33,normal,1
J1607-6449,0.2981163576,2.49e-17,8.719e+10,1.897e+08,3.71e+31,normal,1
J1609-1930,1.557917248,5.09e-16,9.011e+11,4.85e+07,5.314e+30,normal,1
J1609-4616,0.2496089548,5.01e-16,3.578e+11,7.894e+06,1.272e+33,normal,1
J1609-5158,1.279402354,1.296e-14,4.121e+12,1.564e+06,2.443e+32,normal,1
J1610-1322,1.018392746,2.2984e-16,4.896e+11,7.02e+07,8.591e+30,normal,1
J1610-5006,0.4811188521,1.3625e-14,2.591e+12,5.595e+05,4.83e+33,normal,1
J1610-5303,0.7864680235,2.615e-15,1.451e+12,4.765e+06,2.122e+32,normal,1
J1611-4811,1.296850239,1.95e-15,1.609e+12,1.054e+07,3.53e+31,normal,1
J1611-4949,0.6664379229,5.4e-16,6.071e+11,1.955e+07,7.202e+31,normal,1
J1611-5209,0.1824916593,5.1658e-15,9.825e+11,5.597e+05,3.356e+34,normal,1
J1611-5847,0.3545503166,2e-18,2.695e+10,2.809e+09,1.772e+30,normal,1
J1612+2008,0.426645981,3.727e-17,1.276e+11,1.814e+08,1.895e+31,normal,1
J1612-2408,0.9238337107,1.5736e-15,1.22e+12,9.302e+06,7.879e+31,normal,1
J1612-5136,0.4833105113,3.784e-15,1.368e+12,2.024e+06,1.323e+33,normal,1
J1612-5805,0.615520458,9.347e-16,7.676e+11,1.043e+07,1.582e+32,normal,1
J1613-4714,0.3823759528,6.32e-16,4.975e+11,9.586e+06,4.463e+32,normal,1
J1613-5211,0.4575018178,1.9231e-14,3.002e+12,3.769e+05,7.928e+33,normal,1
J1613-5234,0.6552205957,6.629e-15,2.109e+12,1.566e+06,9.303e+32,normal,1
J1614+0737,1.206801436,2.35957e-15,1.708e+12,8.104e+06,5.3e+31,normal,1
J1614-2230,0.003150807653,9.6216e-21,1.762e+08,5.189e+09,1.214e+34,msp,1
J1614-3937,0.4072922742,1.5851e-16,2.571e+11,4.071e+07,9.262e+31,normal,1
J1614-5048,0.2316938362,4.94943e-13,1.084e+13,7417,1.571e+36,magnetar,1
J1614-5144,1.534008142,7.44e-15,3.419e+12,3.267e+06,8.137e+31,normal,1
J1614-5402,0.5725922719,2.9e-17,1.304e+11,3.128e+08,6.098e+30,normal,1
J1615-2940,2.477567874,1.58437e-15,2.005e+12,2.478e+07,4.113e+30,normal,1
J1615-5444,0.3609576753,3.377e-16,3.533e+11,1.694e+07,2.835e+32,normal,1
J1615-5537,0.7915257156,1.9993e-15,1.273e+12,6.273e+06,1.592e+32,normal,1
J1616-5017,0.4913841218,4.6592e-14,4.842e+12,1.671e+05,1.55e+34,normal,1
J1616-5109,1.219593882,1.908e-14,4.881e+12,1.013e+06,4.152e+32,normal,1
J1616-5208,1.025830893,2.891e-14,5.511e+12,5.622e+05,1.057e+33,normal,1
J1617-4216,3.42846631,1.8129e-14,7.978e+12,2.996e+06,1.776e+31,normal,1
J1617-4608,0.5670802217,1.64665e-14,3.092e+12,5.457e+05,3.565e+33,normal,1
J1617-5055,0.069356847,1.351e-13,3.098e+12,8134,1.599e+37,normal,1
J1618-4723,0.2035528779,1.9926e-15,6.445e+11,1.619e+06,9.327e+33,normal,1
J1620-4927,0.1719346524,1.04879e-14,1.359e+12,2.597e+05,8.146e+34,normal,1
J1620-5414,1.156360288,6.7e-17,2.817e+11,2.735e+08,1.711e+30,normal,1
J1621-5039,1.084019944,1.303e-14,3.803e+12,1.318e+06,4.038e+32,normal,1
J1621-5243,0.3719241388,7.68e-16,5.408e+11,7.673e+06,5.893e+32,normal,1
J1622-3751,0.7314627228,2.57e-15,1.387e+12,4.51e+06,2.592e+32,normal,1
J1622-4332,0.9169375226,1.5649e-15,1.212e+12,9.284e+06,8.014e+31,normal,1
J1622-4347,0.457681471,5.051e-15,1.539e+12,1.436e+06,2.08e+33,normal,1
J1622-4802,0.2650722357,3.07e-16,2.887e+11,1.368e+07,6.507e+32,normal,1
J1622-4845,0.7350916479,1.1e-16,2.878e+11,1.059e+08,1.093e+31,normal,1
J1622-4944,1.072967894,1.708e-14,4.332e+12,9.953e+05,5.459e+32,normal,1
J1622-4950,4.3261,1.7e-11,2.744e+14,4032,8.289e+33,magnetar,1
J1622-6617,0.02362344474,5.88e-20,1.193e+09,6.366e+09,1.761e+32,msp,1
J1623-0841,0.5030149978,1.958e-15,1.004e+12,4.07e+06,6.073e+32,normal,1
J1623-0908,1.27644582,2.58071e-15,1.837e+12,7.837e+06,4.899e+31,normal,1
J1623-2631,0.01107575091,6.7093e-19,2.759e+09,2.616e+08,1.949e+34,msp,1
J1623-4256,0.3645903553,1.022e-15,6.177e+11,5.652e+06,8.325e+32,normal,1
J1623-4949,0.7257321554,4.209e-14,5.593e+12,2.732e+05,4.347e+33,normal,1
J1624-4411,0.2331640764,7.992e-16,4.368e+11,4.623e+06,2.489e+33,normal,1
J1624-4613,0.8712426056,6.1e-17,2.333e+11,2.263e+08,3.641e+30,normal,1
J1624-4721,0.4487232486,4.148e-15,1.381e+12,1.714e+06,1.812e+33,normal,1
J1625-4048,2.355278193,4.43e-16,1.034e+12,8.424e+07,1.339e+30,normal,0
J1625-4904,0.4603394923,1.6762e-14,2.811e+12,4.351e+05,6.783e+33,normal,1
J1625-4913,0.3558562628,6.647e-15,1.556e+12,8.483e+05,5.823e+33,normal,1
J1626-4537,0.3701411281,8.2788e-15,1.771e+12,7.084e+05,6.445e+33,normal,1
J1626-4807,0.2939281886,1.7476e-14,2.293e+12,2.665e+05,2.717e+34,normal,1
J1626-6621,0.4508677663,7.664e-16,5.948e+11,9.321e+06,3.301e+32,normal,1
J1627+1419,0.4908567301,3.93e-16,4.445e+11,1.979e+07,1.312e+32,normal,1
J1627-4706,0.1407458061,1.7305e-15,4.994e+11,1.289e+06,2.45e+34,normal,1
J1627-4845,0.6123306501,3.641e-15,1.511e+12,2.665e+06,6.261e+32,normal,1
J1627-5547,0.3524642132,7.38e-16,5.161e+11,7.567e+06,6.654e+32,normal,1
J1627-5936,0.3542339405,8e-18,5.387e+10,7.016e+08,7.105e+30,normal,1
J1628-4804,0.8659709627,1.24e-15,1.049e+12,1.107e+07,7.538e+31,normal,1
J1628-4828,4.137538524,1.753e-14,8.618e+12,3.74e+06,9.77e+30,normal,1
J1629-3636,2.988192686,7e-15,4.628e+12,6.764e+06,1.036e+31,normal,1
J1629-6902,0.006000603443,1e-20,2.479e+08,9.508e+09,1.827e+33,msp,1
J1630-4719,0.559071333,1.4178e-14,2.849e+12,6.248e+05,3.203e+33,normal,1
J1630-4733,0.5759714115,2.2287e-14,3.626e+12,4.095e+05,4.605e+33,normal,1
J1631-1612,0.6776839125,1.096e-15,8.721e+11,9.797e+06,1.39e+32,normal,1
J1631-4155,0.5512412538,8.8e-18,7.048e+10,9.925e+08,2.074e+30,normal,1
J1632-1013,0.717637328,6.6e-17,2.202e+11,1.723e+08,7.05e+30,normal,1
J1632-4509,1.046809877,1.488e-14,3.994e+12,1.115e+06,5.121e+32,normal,1
J1632-4621,1.709154495,7.602e-14,1.153e+13,3.562e+05,6.011e+32,magnetar,1
J1632-4757,0.2285640978,1.50749e-14,1.878e+12,2.402e+05,4.984e+34,normal,1
J1632-4818,0.8134528336,6.50425e-13,2.328e+13,1.982e+04,4.77e+34,magnetar,1
J1633-2009,0.9355570448,1.07e-15,1.012e+12,1.385e+07,5.159e+31,normal,1
J1633-4453,0.4365066972,6.2026e-15,1.665e+12,1.115e+06,2.944e+33,normal,1
J1633-4805,0.7108300788,7.6893e-14,7.481e+12,1.465e+05,8.452e+33,normal,1
J1633-5015,0.35214238,3.7877e-15,1.169e+12,1.473e+06,3.424e+33,normal,1
J1634-5107,0.5073560027,1.5745e-15,9.044e+11,5.106e+06,4.76e+32,normal,1
J1634-5640,0.2242011911,4.1e-17,9.702e+10,8.664e+07,1.436e+32,normal,1
J1635-1511,1.179387039,2.32e-16,5.293e+11,8.055e+07,5.583e+30,normal,1
J1635+2418,0.4905065128,1.19317e-16,2.448e+11,6.514e+07,3.991e+31,normal,1
J1635-4513,1.59474555,3.6e-15,2.425e+12,7.019e+06,3.504e+31,normal,1
J1635-4944,0.6719641993,8.79e-15,2.459e+12,1.211e+06,1.144e+33,normal,1
J1635-5954,0.5291212568,1.368e-15,8.609e+11,6.128e+06,3.646e+32,normal,1
J1636-4440,0.2066485087,4.6715e-14,3.144e+12,7.009e+04,2.09e+35,normal,1
J1636-4803,1.204643889,2.071e-14,5.054e+12,9.216e+05,4.677e+32,normal,1
J1636-4933,0.430366558,1.506e-15,8.147e+11,4.528e+06,7.459e+32,normal,1
J1637-4335,0.7713665404,3.62e-15,1.691e+12,3.376e+06,3.114e+32,normal,1
J1637-4450,0.2528698468,5.755e-16,3.86e+11,6.962e+06,1.405e+33,normal,1
J1637-4553,0.1187713928,3.1879e-15,6.227e+11,5.903e+05,7.512e+34,normal,1
J1637-4642,0.1540274277,5.9204e-14,3.056e+12,4.122e+04,6.396e+35,normal,1
J1637-4721,1.165741387,4.44e-15,2.302e+12,4.16e+06,1.106e+32,normal,1
J1637-4816,0.8373653018,5.834e-15,2.237e+12,2.274e+06,3.923e+32,normal,1
J1638-3815,0.6982606005,7.7e-17,2.346e+11,1.437e+08,8.929e+30,normal,1
J1638-3951,0.7711302402,5.9e-16,6.826e+11,2.071e+07,5.08e+31,normal,1
J1638-4344,1.121944194,2.5e-17,1.695e+11,7.111e+08,6.989e+29,normal,0
J1638-4417,0.1178015507,1.60526e-15,4.4e+11,1.163e+06,3.877e+34,normal,1
J1638-4608,0.2781372873,5.15041e-14,3.83e+12,8.556e+04,9.45e+34,normal,1
J1638-4725,0.7639335,4.8e-15,1.938e+12,2.522e+06,4.25e+32,normal,1
J1638-5226,0.3405027094,2.65e-15,9.612e+11,2.036e+06,2.65e+33,normal,1
J1639-4359,0.5875589777,1.5e-17,9.5e+10,6.206e+08,2.919e+30,normal,1
J1639-4604,0.5291158512,5.7758e-15,1.769e+12,1.451e+06,1.539e+33,normal,1
J1640+2224,0.003163315818,2.8276e-21,9.57e+07,1.773e+10,3.527e+33,msp,1
J1640-4631,0.206443048,9.76e-13,1.436e+13,3351,4.379e+36,magnetar,1
J1640-4648,0.1783520433,8.061e-16,3.837e+11,3.506e+06,5.609e+33,normal,1
J1640-4715,0.5174048347,4.20266e-14,4.719e+12,1.951e+05,1.198e+34,normal,1
J1640-4951,0.7390989465,3.34e-16,5.028e+11,3.506e+07,3.266e+31,normal,1
J1641-2347,1.09100843,4.11e-17,2.143e+11,4.206e+08,1.249e+30,normal,0
J1643-1224,0.004621641525,1.84617e-20,2.956e+08,3.966e+09,7.383e+33,msp,1
J1643-4505,0.2373830819,3.1833e-14,2.782e+12,1.182e+05,9.395e+34,normal,1
J1643-4522,1.347899473,8.283e-15,3.381e+12,2.578e+06,1.335e+32,normal,1
J1643-4550,0.71750809,2.9974e-14,4.693e+12,3.793e+05,3.203e+33,normal,1
J1644-4559,0.4550597754,2.00902e-14,3.06e+12,3.589e+05,8.417e+33,normal,1
J1644-4657,0.1259622325,7.5e-16,3.11e+11,2.661e+06,1.481e+34,normal,1
J1645-0317,0.387689698,1.78043e-15,8.407e+11,3.45e+06,1.206e+33,normal,1
J1645+1012,0.4108607194,8.13e-17,1.849e+11,8.007e+07,4.628e+31,normal,1
J1646-4308,0.8406799814,1.1e-16,3.077e+11,1.211e+08,7.309e+30,normal,1
J1646-4346,0.2316033293,1.12753e-13,5.171e+12,3.255e+04,3.583e+35,normal,1
J1646-5123,0.5300752074,2.099e-15,1.067e+12,4.001e+06,5.564e+32,normal,1
J1646-6831,1.78561124,1.7e-15,1.763e+12,1.664e+07,1.179e+31,normal,1
J1647-3607,0.2123164092,1.29e-16,1.675e+11,2.608e+07,5.321e+32,normal,1
J1647-4552,10.61065628,8.3e-13,9.496e+13,2.026e+05,2.743e+31,magnetar,1
J1648-3256,0.7194547794,3.53059e-15,1.613e+12,3.229e+06,3.743e+32,normal,1
J1648-4458,0.6296315357,1.854e-15,1.093e+12,5.381e+06,2.932e+32,normal,1
J1648-4611,0.1649496684,2.37456e-14,2.003e+12,1.101e+05,2.089e+35,normal,1
J1648-6044,0.5837649969,4.29e-16,5.064e+11,2.156e+07,8.513e+31,normal,1
J1649+2533,1.015257392,5.594e-16,7.626e+11,2.876e+07,2.11e+31,normal,1
J1649-3805,0.262025693,3.67e-17,9.923e+10,1.131e+08,8.054e+31,normal,1
J1649-3935,0.7709097605,3.91e-17,1.757e+11,3.124e+08,3.369e+30,normal,1
J1649-4349,0.8707115595,4.4e-17,1.981e+11,3.135e+08,2.631e+30,normal,1
J1649-4653,0.557018758,4.974e-14,5.326e+12,1.774e+05,1.136e+34,normal,1
J1649-4729,0.2976921997,6.55e-15,1.413e+12,7.201e+05,9.802e+33,normal,1
J1649-5553,0.6135707044,1.698e-15,1.033e+12,5.725e+06,2.902e+32,normal,1
J1650-1654,1.749551746,3.2027e-15,2.395e+12,8.655e+06,2.361e+31,normal,1
J1650-4126,0.3089176788,1.98e-17,7.914e+10,2.472e+08,2.652e+31,normal,1
J1650-4341,0.3093983657,1.669e-17,7.272e+10,2.937e+08,2.225e+31,normal,1
J1650-4502,0.3808697993,1.6061e-14,2.503e+12,3.757e+05,1.148e+34,normal,1
J1650-4921,0.1563993675,1.81873e-15,5.397e+11,1.363e+06,1.877e+34,normal,1
J1651-1709,0.9733936919,3.0371e-15,1.74e+12,5.078e+06,1.3e+32,normal,1
J1651-4246,0.844080666,4.812e-15,2.039e+12,2.779e+06,3.159e+32,normal,1
J1651-4519,0.5174432041,8.19e-15,2.083e+12,1.001e+06,2.334e+33,normal,1
J1651-5222,0.6350559765,1.812e-15,1.086e+12,5.553e+06,2.793e+32,normal,1
J1651-5255,0.8905339578,2.07e-15,1.374e+12,6.816e+06,1.157e+32,normal,1
J1651-7642,1.75531108,1.363e-15,1.565e+12,2.04e+07,9.949e+30,normal,1
J1652-1400,0.3054470582,1.758e-17,7.415e+10,2.753e+08,2.435e+31,normal,1
J1652-2404,1.703739138,3.15876e-15,2.348e+12,8.546e+06,2.522e+31,normal,1
J1652+2651,0.9158034972,6.537e-16,7.83e+11,2.22e+07,3.36e+31,normal,1
J1652-4406,7.707183007,9.5e-15,8.659e+12,1.285e+07,8.192e+29,normal,0
J1653-2054,0.004129145285,1.117e-20,2.173e+08,5.857e+09,6.264e+33,msp,1
J1653-3838,0.3050373189,2.786e-15,9.329e+11,1.735e+06,3.875e+33,normal,1
J1653-4030,1.019371557,4.4e-16,6.777e+11,3.671e+07,1.64e+31,normal,1
J1653-4249,0.6125582412,4.81e-15,1.737e+12,2.018e+06,8.262e+32,normal,1
J1653-4315,0.4192797414,1.5e-17,8.025e+10,4.429e+08,8.034e+30,normal,1
J1653-4854,3.059509602,3.45e-15,3.288e+12,1.405e+07,4.756e+30,normal,1
J1654-2713,0.7918224419,1.6759e-16,3.686e+11,7.486e+07,1.333e+31,normal,1
J1654-3710,0.9391654788,7.35e-16,8.407e+11,2.025e+07,3.503e+31,normal,1
J1654-4140,1.273945126,1.3e-16,4.118e+11,1.553e+08,2.482e+30,normal,1
J1654-4245,1.101554693,5.115e-14,7.596e+12,3.412e+05,1.511e+33,normal,1
J1655-3048,0.5429358742,3.66e-17,1.426e+11,2.35e+08,9.028e+30,normal,1
J1655-3844,1.193439199,2e-15,1.563e+12,9.455e+06,4.645e+31,normal,1
J1656-3621,0.7301337075,1.2752e-15,9.764e+11,9.072e+06,1.293e+32,normal,1
J1657-4432,0.609607142,8.205e-15,2.263e+12,1.177e+06,1.43e+33,normal,1
J1658-4306,1.166449004,4.279e-14,7.149e+12,4.319e+05,1.064e+33,normal,1
J1658-4958,0.4168737701,3.856e-15,1.283e+12,1.713e+06,2.101e+33,normal,1
J1658-5324,0.00243929591,1.1154e-20,1.669e+08,3.465e+09,3.034e+34,msp,1
J1659-1305,0.6409582002,6.177e-16,6.367e+11,1.644e+07,9.261e+31,normal,1
J1659-4316,0.4743814346,1.71e-16,2.882e+11,4.395e+07,6.324e+31,normal,1
J1659-4439,0.3532930334,2.5e-17,9.51e+10,2.239e+08,2.238e+31,normal,1
J1700-3312,1.358307011,4.71283e-15,2.56e+12,4.567e+06,7.424e+31,normal,1
J1700-3611,1.494090615,4.324e-15,2.572e+12,5.475e+06,5.118e+31,normal,1
J1700-3919,0.5605035331,5e-18,5.357e+10,1.776e+09,1.121e+30,normal,0
J1700-4012,0.2837918538,9.9e-17,1.696e+11,4.542e+07,1.71e+32,normal,1
J1700-4422,0.7555354095,4e-17,1.759e+11,2.993e+08,3.661e+30,normal,1
J1700-4939,0.5783634392,1.078e-15,7.99e+11,8.501e+06,2.2e+32,normal,1
J1701-3006D,0.003417770445,1.257e-19,6.633e+08,4.308e+08,1.243e+35,msp,1
J1701-3006E,0.003233737333,3.103e-19,1.014e+09,1.651e+08,3.623e+35,msp,1
J1701-3006F,0.002294727081,2.221e-19,7.224e+08,1.637e+08,7.256e+35,msp,1
J1701-3130,0.291341471,5.596e-17,1.292e+11,8.249e+07,8.934e+31,normal,1
J1701-3726,2.454609159,1.1143e-14,5.292e+12,3.49e+06,2.975e+31,normal,1
J1701-4533,0.3229085668,5.193e-16,4.144e+11,9.852e+06,6.089e+32,normal,1
J1701-4958,0.8043042374,1.1e-16,3.01e+11,1.159e+08,8.346e+30,normal,1
J1702-3932,0.3903279768,3.78e-16,3.887e+11,1.636e+07,2.509e+32,normal,1
J1702-4128,0.1821358029,5.23448e-14,3.125e+12,5.513e+04,3.42e+35,normal,1
J1702-4217,0.2275649585,1.14e-17,5.154e+10,3.163e+08,3.819e+31,normal,1
J1702-4306,0.2155073342,9.7852e-15,1.469e+12,3.49e+05,3.86e+34,normal,1
J1702-4310,0.2405238648,2.23776e-13,7.424e+12,1.703e+04,6.349e+35,normal,1
J1702-4428,2.123505704,3.3e-15,2.679e+12,1.02e+07,1.361e+31,normal,1
J1703-1846,0.8043410793,1.731e-15,1.194e+12,7.362e+06,1.313e+32,normal,1
J1703-3241,1.211785095,6.59829e-16,9.049e+11,2.91e+07,1.464e+31,normal,1
J1703-4442,1.747293489,1.43e-14,5.058e+12,1.936e+06,1.058e+32,normal,1
J1703-4851,1.396401078,5.0804e-15,2.695e+12,4.355e+06,7.366e+31,normal,1
J1704-6016,0.3063230254,9.1e-16,5.343e+11,5.334e+06,1.25e+33,normal,1
J1705-1906,0.2989874273,4.13788e-15,1.126e+12,1.145e+06,6.112e+33,normal,1
J1705-3423,0.2554264836,1.0762e-15,5.306e+11,3.761e+06,2.549e+33,normal,1
J1705-3936,0.8544816637,1.927e-14,4.106e+12,7.026e+05,1.219e+33,normal,1
J1705-3950,0.3189414834,6.06031e-14,4.449e+12,8.339e+04,7.374e+34,normal,1
J1705-4108,0.8610674067,3.471e-14,5.532e+12,3.931e+05,2.146e+33,normal,1
J1705-4331,0.2225611026,7.12e-17,1.274e+11,4.953e+07,2.55e+32,normal,1
J1705-6135,0.808546089,6e-17,2.229e+11,2.135e+08,4.481e+30,normal,1
J1706-3839,0.5862874013,3e-15,1.342e+12,3.096e+06,5.877e+32,normal,1
J1706-4310,0.6169790441,6.506e-15,2.027e+12,1.503e+06,1.094e+33,normal,1
J1706-6118,0.3619213249,2.9213e-16,3.29e+11,1.963e+07,2.433e+32,normal,1
J1707-4053,0.5810167079,1.925e-15,1.07e+12,4.782e+06,3.875e+32,normal,1
J1707-4341,0.8905944962,5.696e-15,2.279e+12,2.477e+06,3.183e+32,normal,1
J1707-4417,5.763777003,1.165e-14,8.292e+12,7.839e+06,2.402e+30,normal,1
J1707-4729,0.2664736374,1.5603e-15,6.525e+11,2.706e+06,3.255e+33,normal,1
J1708-3426,0.6921132465,4.2032e-15,1.726e+12,2.609e+06,5.005e+32,normal,1
J1708-3506,0.004505158948,1.1421e-20,2.295e+08,6.25e+09,4.931e+33,msp,1
J1708-3641,0.5875667938,1.349e-16,2.849e+11,6.901e+07,2.625e+31,normal,1
J1708-3827,1.225781996,8.6e-15,3.286e+12,2.258e+06,1.843e+32,normal,1
J1708-4008,11.0062624,1.96e-11,4.7e+14,8897,5.804e+32,magnetar,1
J1708-4522,1.297836838,2.612e-15,1.863e+12,7.873e+06,4.717e+31,normal,1
J1708-7539,1.191023997,1.88e-15,1.514e+12,1.004e+07,4.393e+31,normal,1
J1709-1640,0.6530539713,6.30985e-15,2.054e+12,1.64e+06,8.944e+32,normal,1
J1709+2313,0.004631196278,3.63e-21,1.312e+08,2.021e+10,1.443e+33,msp,1
J1709-3626,0.4478570603,2.2675e-15,1.02e+12,3.129e+06,9.965e+32,normal,1
J1709-3841,0.5869861632,7.86e-15,2.174e+12,1.183e+06,1.534e+33,normal,1
J1709-4342,1.735898235,8e-16,1.192e+12,3.438e+07,6.038e+30,normal,1
J1709-4401,0.8652353343,7.37e-15,2.555e+12,1.86e+06,4.492e+32,normal,1
J1709-4429,0.1024592459,9.29845e-14,3.123e+12,1.746e+04,3.413e+36,normal,1
J1710-2616,0.954158007,2e-17,1.398e+11,7.559e+08,9.089e+29,normal,0
J1710-4148,0.2865612286,1.02e-16,1.73e+11,4.451e+07,1.711e+32,normal,1
J1711-1509,0.868804249,1.10246e-15,9.904e+11,1.249e+07,6.637e+31,normal,1
J1711-3826,0.4653646456,7.413e-15,1.88e+12,9.947e+05,2.904e+33,normal,1
J1711-4322,0.1026182883,2.666e-17,5.293e+10,6.099e+07,9.74e+32,normal,1
J1711-5350,0.8992177993,1.5494e-14,3.777e+12,9.196e+05,8.413e+32,normal,1
J1712-2715,0.2553596601,1.2793e-15,5.784e+11,3.163e+06,3.033e+33,normal,1
J1713+0747,0.004570136526,8.52961e-21,1.998e+08,8.489e+09,3.528e+33,msp,1
J1713-3844,1.600114042,1.7741e-13,1.705e+13,1.429e+05,1.71e+33,magnetar,1
J1714-1054,0.6962787431,5.88e-17,2.048e+11,1.876e+08,6.877e+30,normal,1
J1714-3810,3.824936,5.88e-11,4.799e+14,1031,4.148e+34,magnetar,1
J1715-3247,1.260214059,9.2e-17,3.446e+11,2.17e+08,1.815e+30,normal,1
J1715-3700,0.779628114,1.5e-16,3.461e+11,8.235e+07,1.25e+31,normal,1
J1715-3859,0.9281075077,4.397e-15,2.044e+12,3.344e+06,2.171e+32,normal,1
J1715-3903,0.2784810547,3.7688e-14,3.278e+12,1.171e+05,6.889e+34,normal,1
J1715-4034,2.072152992,3.01e-15,2.527e+12,1.091e+07,1.336e+31,normal,1
J1715-4254,0.5737453589,8.76e-16,7.174e+11,1.038e+07,1.831e+32,normal,1
J1716-3720,0.6303137129,1.797e-14,3.406e+12,5.558e+05,2.833e+33,normal,1
J1716-4005,0.3118127646,2.87e-15,9.573e+11,1.721e+06,3.737e+33,normal,1
J1716-4111,1.036067273,2.882e-15,1.749e+12,5.696e+06,1.023e+32,normal,1
J1716-4711,0.555824216,8.33e-16,6.886e+11,1.057e+07,1.915e+32,normal,1
J1717-3425,0.6562992315,9.8036e-15,2.567e+12,1.061e+06,1.369e+33,normal,1
J1717-3737,0.6824186265,5.293e-15,1.923e+12,2.043e+06,6.575e+32,normal,1
J1717-3847,1.149498918,8.2e-16,9.825e+11,2.221e+07,2.131e+31,normal,1
J1717-3953,1.085520615,3.3e-17,1.915e+11,5.212e+08,1.018e+30,normal,0
J1717-4043,0.3978574466,1.223e-14,2.232e+12,5.154e+05,7.667e+33,normal,1
J1717-40435,0.3499285081,1.75e-15,7.919e+11,3.168e+06,1.612e+33,normal,1
J1717-4054,0.8877186432,3.6831e-15,1.83e+12,3.819e+06,2.078e+32,normal,1
J1717-5800,0.3217933469,1.957e-16,2.539e+11,2.605e+07,2.319e+32,normal,1
J1718-3714,1.289378778,2.621e-14,5.883e+12,7.795e+05,4.827e+32,normal,1
J1718-3718,3.378574253,1.61359e-12,7.472e+13,3.318e+04,1.652e+33,magnetar,1
J1718-3825,0.07466992057,1.32217e-14,1.005e+12,8.948e+04,1.254e+36,normal,1
J1718-4539,0.5904727877,7.507e-15,2.131e+12,1.246e+06,1.44e+33,normal,1
J1719-1438,0.00579015177,8.043e-21,2.184e+08,1.141e+10,1.636e+33,msp,1
J1719-4006,0.1890944925,1.6676e-15,5.682e+11,1.797e+06,9.737e+33,normal,1
J1719-4302,0.2354752003,3.921e-16,3.075e+11,9.515e+06,1.186e+33,normal,1
J1720-0212,0.4777153437,8.2798e-17,2.013e+11,9.142e+07,2.998e+31,normal,1
J1720-1633,1.565601148,5.798e-15,3.049e+12,4.278e+06,5.965e+31,normal,1
J1720+2150,1.61566378,7.4e-16,1.106e+12,3.459e+07,6.927e+30,normal,1
J1720-2446,0.8742645724,5.93e-16,7.286e+11,2.336e+07,3.503e+31,normal,1
J1720-2933,0.6204483653,7.45999e-16,6.884e+11,1.318e+07,1.233e+32,normal,1
J1720-3659,0.3511246337,3.27e-17,1.084e+11,1.701e+08,2.982e+31,normal,1
J1721-1936,1.004037457,1.624e-15,1.292e+12,9.796e+06,6.334e+31,normal,1
J1721-1939,0.4040397513,1.283e-16,2.304e+11,4.99e+07,7.679e+31,normal,1
J1721-2457,0.003496633783,5.542e-21,1.409e+08,9.997e+09,5.118e+33,msp,1
J1721-3532,0.2804238585,2.51862e-14,2.689e+12,1.764e+05,4.509e+34,normal,1
J1722-3207,0.4771575184,6.4626e-16,5.619e+11,1.17e+07,2.348e+32,normal,1
J1722-3632,0.3991833518,4.4647e-15,1.351e+12,1.417e+06,2.771e+33,normal,1
J1722-3712,0.2361731916,1.08545e-14,1.62e+12,3.447e+05,3.253e+34,normal,1
J1722-4400,0.2185540958,3.738e-16,2.892e+11,9.264e+06,1.414e+33,normal,1
J1723-2837,0.001855732796,7.5e-21,1.194e+08,3.92e+09,4.633e+34,msp,1
J1723-2852,0.6250339127,9e-16,7.59e+11,1.1e+07,1.455e+32,normal,1
J1723-3659,0.2027219379,8.0075e-15,1.289e+12,4.011e+05,3.794e+34,normal,1
J1724-3149,0.9482369741,7.25e-15,2.653e+12,2.072e+06,3.357e+32,normal,1
J1724-3505,1.221707692,2.11e-14,5.138e+12,9.174e+05,4.568e+32,normal,1
J1724-4500,1.309108787,3.51e-15,2.169e+12,5.909e+06,6.176e+31,normal,1
J1725-0732,0.2399194872,4.296e-16,3.249e+11,8.849e+06,1.228e+33,normal,1
J1725-2852,1.257787625,1.99e-15,1.601e+12,1.001e+07,3.948e+31,normal,1
J1725-3546,1.032471199,1.5e-14,3.982e+12,1.091e+06,5.38e+32,normal,1
J1725-3848,2.062386258,2.3e-14,6.969e+12,1.421e+06,1.035e+32,normal,1
J1725-3853,0.004791822704,5e-20,4.953e+08,1.518e+09,1.794e+34,msp,1
J1725-4043,1.465071375,2.79e-15,2.046e+12,8.32e+06,3.503e+31,normal,1
J1726-3530,1.110132444,1.21675e-12,3.719e+13,1.446e+04,3.511e+34,magnetar,1
J1726-3635,0.2874315672,1.44e-15,6.51e+11,3.163e+06,2.394e+33,normal,1
J1726-4006,0.8827782656,3.33e-15,1.735e+12,4.2e+06,1.911e+32,normal,1
J1727-2739,1.293099942,1.1e-15,1.207e+12,1.863e+07,2.008e+31,normal,1
J1727-2946,0.02708318324,2.4632e-19,2.614e+09,1.742e+09,4.895e+32,msp,1
J1728-0007,0.3860037238,1.12266e-15,6.661e+11,5.448e+06,7.706e+32,normal,1
J1728-3733,0.6155382431,7.2e-17,2.13e+11,1.355e+08,1.219e+31,normal,1
J1728-4028,0.866342509,2.3e-16,4.517e+11,5.968e+07,1.396e+31,normal,1
J1729-2117,0.06629289927,1.72e-19,3.417e+09,6.107e+09,2.331e+31,normal,1
J1730-2304,0.008122798046,2.01844e-20,4.097e+08,6.376e+09,1.487e+33,msp,1
J1730-2900,1.538426726,8.85e-15,3.734e+12,2.754e+06,9.596e+31,normal,1
J1730-3350,0.1394602112,8.48294e-14,3.481e+12,2.605e+04,1.235e+36,normal,1
J1730-3353,3.270241803,2.196e-14,8.575e+12,2.36e+06,2.479e+31,normal,1
J1731-1847,0.002344559547,2.5407e-20,2.47e+08,1.462e+09,7.783e+34,msp,1
J1731-3123,0.753047989,1.679e-15,1.138e+12,7.106e+06,1.552e+32,normal,1
J1731-3322,0.5446705472,2.8093e-14,3.958e+12,3.072e+05,6.864e+33,normal,1
J1731-4744,0.8298287852,1.63626e-13,1.179e+13,8.035e+04,1.13e+34,magnetar,1
J1732-1930,0.483769998,1.818e-16,3.001e+11,4.216e+07,6.339e+31,normal,1
J1732-3131,0.196543155,2.80483e-14,2.376e+12,1.11e+05,1.458e+35,normal,1
J1732-3426,0.3328866788,4.02e-16,3.702e+11,1.312e+07,4.302e+32,normal,1
J1732-3729,2.184001347,1.3e-15,1.705e+12,2.662e+07,4.927e+30,normal,1
J1732-4128,0.6279806844,1.2838e-14,2.873e+12,7.75e+05,2.047e+33,normal,1
J1732-4156,0.323434056,6.61e-16,4.679e+11,7.753e+06,7.713e+32,normal,1
J1732-5049,0.005312550291,1.41951e-20,2.779e+08,5.93e+09,3.738e+33,msp,1
J1733-2228,0.871682833,4.2703e-17,1.952e+11,3.234e+08,2.545e+30,normal,1
J1733-2533,0.6597941417,2.1e-15,1.191e+12,4.978e+06,2.886e+32,normal,1
J1733-2837,0.7681845567,1.108e-15,9.336e+11,1.099e+07,9.649e+31,normal,1
J1733-3030,0.3620519629,1.6485e-15,7.818e+11,3.48e+06,1.371e+33,normal,1
J1733-3322,1.245914634,4.1e-15,2.287e+12,4.815e+06,8.369e+31,normal,1
J1733-3716,0.3375858232,1.50465e-14,2.281e+12,3.555e+05,1.544e+34,normal,1
J1733-4005,0.5617783291,3.624e-15,1.444e+12,2.456e+06,8.07e+32,normal,1
J1733-5515,1.011233535,4e-16,6.436e+11,4.006e+07,1.527e+31,normal,1
J1734-0212,0.839394325,4.21e-16,6.016e+11,3.159e+07,2.81e+31,normal,1
J1734-2415,0.61252374,1.051e-15,8.119e+11,9.234e+06,1.805e+32,normal,1
J1734-3058,0.5412856807,1.62e-17,9.476e+10,5.294e+08,4.033e+30,normal,1
J1734-3333,1.169340685,2.27941e-12,5.224e+13,8128,5.628e+34,magnetar,1
J1735-0243,0.7828869765,6.32e-16,7.118e+11,1.963e+07,5.2e+31,normal,1
J1735-0724,0.4193349662,1.21474e-15,7.222e+11,5.47e+06,6.504e+32,normal,1
J1735-3258,0.3509632294,2.608e-14,3.062e+12,2.132e+05,2.382e+34,normal,1
J1736-2457,2.642223439,3.43e-15,3.046e+12,1.221e+07,7.341e+30,normal,1
J1736-2819,1.59241948,1.4921e-14,4.933e+12,1.691e+06,1.459e+32,normal,1
J1736-2843,6.445036086,2.999e-14,1.407e+13,3.405e+06,4.422e+30,magnetar,1
J1736-3511,0.5028027829,1.57e-15,8.991e+11,5.074e+06,4.876e+32,normal,1
J1737-0811,0.004175017313,7.93e-21,1.841e+08,8.342e+09,4.302e+33,msp,1
J1737-3102,0.7686722734,3.7334e-14,5.421e+12,3.262e+05,3.245e+33,normal,1
J1737-3137,0.45043237,1.38756e-13,8e+12,5.143e+04,5.994e+34,normal,1
J1737-3320,0.8162730802,2.251e-15,1.372e+12,5.746e+06,1.634e+32,normal,1
J1737-3555,0.3975847464,6.1214e-15,1.579e+12,1.029e+06,3.845e+33,normal,1
J1738+0333,0.00585009586,2.41199e-20,3.801e+08,3.843e+09,4.756e+33,msp,1
J1738-2330,1.978847432,8.559e-15,4.165e+12,3.663e+06,4.361e+31,normal,1
J1738-2647,0.349590991,3.153e-15,1.062e+12,1.757e+06,2.913e+33,normal,1
J1738-2736,0.6277155185,4.6243e-15,1.724e+12,2.151e+06,7.381e+32,normal,1
J1738-2955,0.4433980218,8.1861e-14,6.097e+12,8.582e+04,3.707e+34,normal,1
J1738-3107,0.5494976983,3e-16,4.109e+11,2.902e+07,7.138e+31,normal,1
J1738-3211,0.7684989455,7.94911e-16,7.909e+11,1.532e+07,6.914e+31,normal,1
J1738-3316,0.730372511,8.9e-17,2.58e+11,1.3e+08,9.018e+30,normal,1
J1739+0612,0.2341690356,1.564e-16,1.937e+11,2.372e+07,4.808e+32,normal,1
J1739-1313,1.215697614,8.17e-17,3.189e+11,2.358e+08,1.795e+30,normal,1
J1739-2903,0.3228824318,7.8798e-15,1.614e+12,6.492e+05,9.241e+33,normal,1
J1739-3023,0.1143679318,1.14014e-14,1.156e+12,1.589e+05,3.009e+35,normal,1
J1739-3049,0.2393171784,2.1781e-15,7.306e+11,1.741e+06,6.274e+33,normal,1
J1739-3131,0.5294409884,1.85836e-14,3.174e+12,4.514e+05,4.944e+33,normal,1
J1739-3159,0.8775612371,1.97e-16,4.207e+11,7.058e+07,1.151e+31,normal,1
J1739-3951,0.3417724768,2e-17,8.366e+10,2.708e+08,1.978e+31,normal,1
J1740+1000,0.1540871743,2.14651e-14,1.84e+12,1.137e+05,2.316e+35,normal,1
J1740+1311,0.8030502648,1.45132e-15,1.092e+12,8.767e+06,1.106e+32,normal,1
J1740-2540,1.69265634,1.851e-15,1.791e+12,1.449e+07,1.507e+31,normal,1
J1740-3015,0.6068866242,4.66124e-13,1.702e+13,2.063e+04,8.233e+34,magnetar,1
J1740-3052,0.5703134117,2.55043e-14,3.859e+12,3.543e+05,5.428e+33,normal,1
J1740-3327,0.5150006564,3.8978e-15,1.434e+12,2.093e+06,1.127e+33,normal,1
J1740-5340A,0.003650328897,1.68e-19,7.924e+08,3.443e+08,1.364e+35,msp,1
J1741-0840,2.043082458,2.27471e-15,2.182e+12,1.423e+07,1.053e+31,normal,1
J1741+1351,0.003747154499,3.02169e-20,3.405e+08,1.965e+09,2.267e+34,msp,1
J1741-2019,3.904506361,1.626e-14,8.063e+12,3.805e+06,1.078e+31,normal,1
J1741-2054,0.4137001208,1.6983e-14,2.682e+12,3.86e+05,9.469e+33,normal,1
J1741-2719,0.3467969291,8.1e-17,1.696e+11,6.784e+07,7.667e+31,normal,1
J1741-2733,0.8929586698,1.48e-16,3.679e+11,9.56e+07,8.206e+30,normal,1
J1741+2758,1.360737688,1.841e-15,1.602e+12,1.171e+07,2.885e+31,normal,1
J1741-2945,0.2235578285,6.342e-16,3.81e+11,5.585e+06,2.241e+33,normal,1
J1741-3016,1.893748694,8.99e-15,4.175e+12,3.338e+06,5.226e+31,normal,1
J1741-3927,0.5122114011,1.9313e-15,1.006e+12,4.202e+06,5.674e+32,normal,1
J1742-3957,1.016349195,8.2e-17,2.921e+11,1.964e+08,3.084e+30,normal,1
J1742-4616,0.4124010472,3.38e-17,1.195e+11,1.933e+08,1.902e+31,normal,1
J1743-0339,0.4446451068,1.5562e-15,8.418e+11,4.527e+06,6.989e+32,normal,1
J1743-1351,0.4053369486,4.7752e-16,4.452e+11,1.345e+07,2.831e+32,normal,1
J1743-2442,1.242508309,4.72e-16,7.749e+11,4.171e+07,9.714e+30,normal,1
J1743-3150,2.41457552,1.20775e-13,1.728e+13,3.168e+05,3.387e+32,magnetar,1
J1743-3153,0.1931053999,1.05675e-14,1.446e+12,2.895e+05,5.794e+34,normal,1
J1743-4212,0.3061669879,7.834e-16,4.956e+11,6.192e+06,1.078e+33,normal,1
J1744-1134,0.004074545941,8.93471e-21,1.931e+08,7.226e+09,5.214e+33,msp,1
J1744-1610,1.757205869,2.3767e-15,2.068e+12,1.171e+07,1.729e+31,normal,1
J1744-2335,1.683506689,8.327e-16,1.198e+12,3.203e+07,6.89e+30,normal,1
J1744-3130,1.066060871,2.1224e-14,4.813e+12,7.958e+05,6.916e+32,normal,1
J1744-3922,0.172444361,1.55e-18,1.654e+10,1.763e+09,1.193e+31,normal,1
J1744-5337,0.3556658488,1.9e-16,2.631e+11,2.966e+07,1.667e+32,normal,1
J1745-0129,1.045406856,6.31e-16,8.219e+11,2.625e+07,2.18e+31,normal,1
J1745-0952,0.01937630344,9.246e-20,1.354e+09,3.32e+09,5.018e+32,msp,1
J1745+1017,0.002652129671,2.729e-21,8.609e+07,1.54e+10,5.775e+33,msp,1
J1745-2229,1.160592538,2.857e-15,1.843e+12,6.436e+06,7.215e+31,normal,1
J1745-2900,3.76373308,1.756e-11,2.601e+14,3396,1.3e+34,magnetar,1
J1745-3040,0.3674287539,1.06678e-14,2.003e+12,5.457e+05,8.49e+33,normal,1
J1745-3812,0.6983528638,2.426e-15,1.317e+12,4.561e+06,2.812e+32,normal,1
J1746+2245,3.465037783,4.919e-15,4.178e+12,1.116e+07,4.668e+30,normal,1
J1746+2540,1.05814817,1.047e-15,1.065e+12,1.601e+07,3.489e+31,normal,1
J1746-2849,1.478480373,1.27e-14,4.385e+12,1.845e+06,1.551e+32,normal,1
J1746-2850,1.077101491,1.34311e-12,3.849e+13,1.271e+04,4.243e+34,magnetar,1
J1746-2856,0.945224316,1.25e-14,3.478e+12,1.198e+06,5.843e+32,normal,1
J1746-3239,0.1995413599,6.56093e-15,1.158e+12,4.819e+05,3.26e+34,normal,1
J1747-1030,1.578792889,4.3e-16,8.338e+11,5.817e+07,4.314e+30,normal,1
J1747-2647,0.5002544545,1.32412e-14,2.604e+12,5.986e+05,4.176e+33,normal,1
J1747-2802,2.780079198,2.37e-15,2.597e+12,1.859e+07,4.354e+30,normal,1
J1747-2809,0.052152855,1.5557e-13,2.882e+12,5312,4.33e+37,normal,1
J1747-2958,0.09881397648,6.13233e-14,2.491e+12,2.553e+04,2.509e+36,normal,1
J1747-4036,0.001645609613,1.31367e-20,1.488e+08,1.985e+09,1.164e+35,msp,1
J1748-1300,0.3941333466,1.21269e-15,6.996e+11,5.15e+06,7.82e+32,normal,1
J1748-2021A,0.2886027917,3.9933e-16,3.435e+11,1.145e+07,6.558e+32,normal,1
J1748-2021D,0.0134958204,5.8677e-19,2.848e+09,3.644e+08,9.424e+33,msp,1
J1748-2021E,0.01626400341,3.124e-19,2.281e+09,8.249e+08,2.867e+33,msp,1
J1748-2444,0.4428384991,1.1131e-16,2.247e+11,6.304e+07,5.06e+31,normal,1
J1749-2347,0.8744858817,2.4236e-15,1.473e+12,5.717e+06,1.431e+32,normal,1
J1749-2629,1.335387791,1.72e-15,1.534e+12,1.23e+07,2.851e+31,normal,1
J1749-3002,0.6098736487,7.87067e-15,2.217e+12,1.228e+06,1.37e+33,normal,1
J1749-4931,0.445822307,5.9e-16,5.19e+11,1.197e+07,2.629e+32,normal,1
J1749-5605,1.33230972,2.12e-15,1.701e+12,9.957e+06,3.539e+31,normal,1
J1750-2043,5.639047079,7.9e-15,6.754e+12,1.131e+07,1.739e+30,normal,1
J1750-2438,0.7127940368,1.0797e-14,2.807e+12,1.046e+06,1.177e+33,normal,1
J1750-2444,0.8993767214,2.64e-16,4.931e+11,5.398e+07,1.433e+31,normal,1
J1750-28,1.300513146,5.78e-15,2.774e+12,3.565e+06,1.037e+32,normal,1
J1750-3157,0.9103629842,1.9652e-16,4.28e+11,7.34e+07,1.028e+31,normal,1
J1750-3503,0.6840136029,3.81e-17,1.634e+11,2.845e+08,4.7e+30,normal,1
J1750-3703A,0.1116008373,5.661e-18,2.543e+10,3.124e+08,1.608e+32,normal,1
J1750-3703B,0.006074542087,1.92e-20,3.456e+08,5.013e+09,3.382e+33,msp,1
J1750-3703D,0.005139936775,4.928e-19,1.611e+09,1.653e+08,1.433e+35,msp,1
J1751-2516,0.3948357836,2.645e-15,1.034e+12,2.365e+06,1.696e+33,normal,1
J1751-2857,0.003914873196,1.126e-20,2.125e+08,5.509e+09,7.409e+33,msp,1
J1751-3323,0.5482271038,8.83e-15,2.226e+12,9.837e+05,2.116e+33,normal,1
J1751-4657,0.7423523955,1.2911e-15,9.907e+11,9.11e+06,1.246e+32,normal,1
J1752+2359,0.409050865,6.427e-16,5.189e+11,1.008e+07,3.707e+32,normal,1
J1752-2410,0.1910366935,6.1773e-16,3.476e+11,4.9e+06,3.498e+33,normal,1
J1752-2806,0.5625576355,8.12913e-15,2.164e+12,1.096e+06,1.803e+33,normal,1
J1752-2821,0.6402294995,3.468e-15,1.508e+12,2.925e+06,5.217e+32,normal,1
J1753-1914,0.06295488897,2.02e-18,1.141e+10,4.938e+08,3.196e+32,normal,1
J1753-2240,0.09513780868,9.7e-19,9.721e+09,1.554e+09,4.447e+31,normal,1
J1753-2501,0.5283364094,1.4115e-14,2.763e+12,5.931e+05,3.778e+33,normal,1
J1754-2422,2.090248077,8.3e-16,1.333e+12,3.99e+07,3.588e+30,normal,1
J1754-3443,0.3616905958,5.712e-16,4.6e+11,1.003e+07,4.766e+32,normal,1
J1754-3510,0.3927038934,7.816e-16,5.606e+11,7.961e+06,5.095e+32,normal,1
J1754+5201,2.391396795,1.5641e-15,1.957e+12,2.422e+07,4.515e+30,normal,1
J1755-0903,0.1907096426,7.809e-16,3.905e+11,3.869e+06,4.445e+33,normal,1
J1755-1650,0.7337444387,6.86e-16,7.179e+11,1.695e+07,6.856e+31,normal,1
J1755-2025,0.3222311789,4.4217e-15,1.208e+12,1.155e+06,5.217e+33,normal,1
J1755-2521,1.175967877,9.0193e-14,1.042e+13,2.066e+05,2.19e+33,magnetar,1
J1755-25211,1.004512553,3.12081e-14,5.666e+12,5.1e+05,1.216e+33,normal,1
J1755-2534,0.2335406254,1.12061e-14,1.637e+12,3.302e+05,3.473e+34,normal,1
J1755-26,0.4308721561,1.228e-14,2.328e+12,5.559e+05,6.061e+33,normal,1
J1755-2725,0.2619546783,1.4e-17,6.128e+10,2.965e+08,3.075e+31,normal,1
J1755-3716,0.01278606929,3.1e-20,6.371e+08,6.535e+09,5.855e+32,msp,1
J1756-2225,0.404980301,5.2691e-14,4.674e+12,1.218e+05,3.132e+34,normal,1
J1756-2251,0.02846158903,1.0175e-18,5.446e+09,4.432e+08,1.742e+33,msp,1
J1756-2435,0.6704799626,2.8474e-16,4.421e+11,3.731e+07,3.73e+31,normal,1
J1756-2619,0.7245137487,1.238e-15,9.584e+11,9.273e+06,1.285e+32,normal,1
J1757-2223,0.1853101016,7.82e-16,3.852e+11,3.755e+06,4.851e+33,normal,1
J1757-2421,0.2341005715,1.29192e-14,1.76e+12,2.871e+05,3.975e+34,normal,1
J1757-27,0.01768721477,2.1e-19,1.95e+09,1.334e+09,1.498e+33,msp,1
J1757-5322,0.008869961227,2.63e-20,4.888e+08,5.344e+09,1.488e+33,msp,1
J1758-1931,0.6925515782,1.692e-14,3.464e+12,6.485e+05,2.011e+33,normal,1
J1758-2206,0.4302782505,9.56e-16,6.49e+11,7.131e+06,4.738e+32,normal,1
J1758-2540,2.107263371,1.55e-15,1.829e+12,2.154e+07,6.539e+30,normal,1
J1758-2630,1.202893463,5.17e-15,2.524e+12,3.686e+06,1.173e+32,normal,1
J1758-2846,0.7667063862,9.4e-17,2.717e+11,1.292e+08,8.234e+30,normal,1
J1758+3030,0.947255811,7.2e-16,8.357e+11,2.085e+07,3.344e+31,normal,1
J1759-1029,2.512262812,1.574e-14,6.363e+12,2.529e+06,3.919e+31,normal,1
J1759-1736,0.7984515669,2.55e-16,4.566e+11,4.961e+07,1.978e+31,normal,1
J1759-1903,0.7315054725,3.07e-15,1.516e+12,3.775e+06,3.096e+32,normal,1
J1759-1940,0.2547203523,9.34e-17,1.561e+11,4.321e+07,2.231e+32,normal,1
J1759-1956,2.84338881,1.857e-14,7.353e+12,2.426e+06,3.189e+31,normal,1
J1759-2205,0.4609741279,1.08724e-14,2.265e+12,6.718e+05,4.382e+33,normal,1
J1759-2302,0.8107177291,1.0744e-14,2.987e+12,1.196e+06,7.96e+32,normal,1
J1759-2307,0.5588886775,3.762e-15,1.467e+12,2.354e+06,8.508e+32,normal,1
J1759-2549,0.9565485487,9.9592e-14,9.877e+12,1.522e+05,4.492e+33,normal,1
J1759-2922,0.5744002678,4.62847e-15,1.65e+12,1.966e+06,9.642e+32,normal,1
J1759-3107,1.078953318,3.769e-15,2.041e+12,4.536e+06,1.185e+32,normal,1
J1800-0125,0.7831854896,1.1537e-14,3.042e+12,1.076e+06,9.481e+32,normal,1
J1800-2114,1.799272492,5.5e-16,1.007e+12,5.183e+07,3.728e+30,normal,1
J1801-0357,0.9214906738,3.3101e-15,1.767e+12,4.411e+06,1.67e+32,normal,1
J1801-0857B,0.02896158773,2.191e-18,8.061e+09,2.094e+08,3.561e+33,msp,1
J1801-0857D,0.004226532004,6.9e-21,1.728e+08,9.705e+09,3.608e+33,msp,1
J1801-1417,0.00362509666,5.31e-21,1.404e+08,1.082e+10,4.4e+33,msp,1
J1801-1855,2.55049821,1.8e-16,6.856e+11,2.245e+08,4.283e+29,normal,0
J1801-1909,1.10872485,7.03e-16,8.934e+11,2.499e+07,2.036e+31,normal,1
J1801-2115,0.4381131572,1.6e-17,8.472e+10,4.339e+08,7.511e+30,normal,1
J1801-2154,0.3752969242,1.59982e-14,2.48e+12,3.717e+05,1.195e+34,normal,1
J1801-2304,0.4158270895,1.1293e-13,6.934e+12,5.834e+04,6.201e+34,normal,1
J1801-2451,0.1249242066,1.27906e-13,4.045e+12,1.548e+04,2.59e+36,normal,1
J1801-2920,1.081908474,3.2931e-15,1.91e+12,5.205e+06,1.027e+32,normal,1
J1801-3458,1.385603623,4e-16,7.534e+11,5.489e+07,5.936e+30,normal,1
J1802+0128,0.5542616039,2.109e-15,1.094e+12,4.164e+06,4.89e+32,normal,1
J1802-1745,0.5146713765,5.64e-16,5.452e+11,1.446e+07,1.633e+32,normal,1
J1802-2124,0.01264759359,7.256e-20,9.694e+08,2.762e+09,1.416e+33,msp,1
J1802-2426,0.5690070902,8.562e-15,2.234e+12,1.053e+06,1.835e+33,normal,1
J1802-3346,2.461051995,1.32e-15,1.824e+12,2.954e+07,3.496e+30,normal,1
J1803-1616,0.5365958227,1.7714e-15,9.866e+11,4.8e+06,4.526e+32,normal,1
J1803-1857,2.864337736,1.517e-14,6.67e+12,2.992e+06,2.548e+31,normal,1
J1803-1920,0.4436489223,3.297e-16,3.87e+11,2.132e+07,1.491e+32,normal,1
J1803-2137,0.1336669203,1.34359e-13,4.288e+12,1.576e+04,2.221e+36,normal,1
J1803-2149,0.1063320941,1.95139e-14,1.458e+12,8.634e+04,6.408e+35,normal,1
J1803-2712,0.3344154265,1.7113e-17,7.655e+10,3.096e+08,1.806e+31,normal,1
J1803-3329,0.6334119832,3.372e-16,4.677e+11,2.976e+07,5.238e+31,normal,1
J1804-0735,0.02310085528,4.671e-19,3.324e+09,7.836e+08,1.496e+33,msp,1
J1804-2228,0.5705106335,1.43e-16,2.89e+11,6.321e+07,3.04e+31,normal,1
J1804-2717,0.009343030686,4.089e-20,6.255e+08,3.62e+09,1.979e+33,msp,1
J1805+0306,0.2187115655,9.99455e-16,4.731e+11,3.467e+06,3.771e+33,normal,1
J1805-0619,0.4546507131,9.69e-16,6.717e+11,7.434e+06,4.071e+32,normal,1
J1805-1504,1.18126923,2.7e-16,5.715e+11,6.932e+07,6.467e+30,normal,1
J1805-2032,0.4057694879,8.394e-15,1.868e+12,7.659e+05,4.96e+33,normal,1
J1805-2037,0.357806775,1.7555e-15,8.02e+11,3.229e+06,1.513e+33,normal,1
J1805-2447,0.661401759,5.8e-18,6.268e+10,1.807e+09,7.914e+29,normal,0
J1805-2948,0.4283409894,4.74e-16,4.56e+11,1.432e+07,2.381e+32,normal,1
J1806+1023,0.4842864598,5.725e-17,1.685e+11,1.34e+08,1.99e+31,normal,1
J1806-1154,0.5226183858,1.40877e-15,8.683e+11,5.878e+06,3.896e+32,normal,1
J1806-1618,0.6683092099,8.62e-16,7.681e+11,1.228e+07,1.14e+32,normal,1
J1806-1920,0.8797908756,1.7e-17,1.238e+11,8.2e+08,9.855e+29,normal,0
J1806-2125,0.481789349,1.214e-13,7.739e+12,6.288e+04,4.286e+34,normal,1
J1807+0756,0.4643004932,1.294e-16,2.48e+11,5.685e+07,5.104e+31,normal,1
J1807-0847,0.1637273717,2.87993e-17,6.949e+10,9.008e+07,2.59e+32,normal,1
J1807-2459B,0.004186177203,8.23245e-20,5.941e+08,8.057e+08,4.43e+34,msp,1
J1807-2557,2.76419487,4.994e-15,3.76e+12,8.77e+06,9.335e+30,normal,1
J1807-2715,0.8277764615,1.21725e-14,3.212e+12,1.077e+06,8.472e+32,normal,1
J1808-0813,0.8760442867,1.2402e-15,1.055e+12,1.119e+07,7.282e+31,normal,1
J1808-1020,0.5969932025,7.725e-16,6.872e+11,1.224e+07,1.433e+32,normal,1
J1808-1517,0.5445492071,2.6671e-15,1.22e+12,3.235e+06,6.521e+32,normal,1
J1808-1726,0.241034548,1.2e-17,5.442e+10,3.183e+08,3.383e+31,normal,1
J1808-2024,7.55592,5.49e-10,2.061e+15,218.1,5.024e+34,magnetar,1
J1808-2057,0.9184103263,1.70761e-14,4.007e+12,8.522e+05,8.702e+32,normal,1
J1808-2701,2.457881778,6.5818e-14,1.287e+13,5.917e+05,1.75e+32,magnetar,1
J1808-3249,0.3649122418,7.0494e-15,1.623e+12,8.202e+05,5.727e+33,normal,1
J1809-0119,0.7449764016,2.29e-15,1.322e+12,5.154e+06,2.187e+32,normal,1
J1809-0743,0.3138856747,1.521e-16,2.211e+11,3.27e+07,1.942e+32,normal,1
J1809-1429,0.8952852843,5.24e-15,2.192e+12,2.707e+06,2.883e+32,normal,1
J1809-1850,1.124481089,1.0575e-14,3.49e+12,1.685e+06,2.936e+32,normal,1
J1809-1917,0.08274688575,2.55355e-14,1.471e+12,5.134e+04,1.779e+36,normal,1
J1809-1943,5.54035372,7.77e-12,2.1e+14,1.13e+04,1.804e+33,magnetar,1
J1809-2004,0.4348113863,7.28e-15,1.8e+12,9.463e+05,3.496e+33,normal,1
J1809-2109,0.7024136291,3.82187e-15,1.658e+12,2.912e+06,4.354e+32,normal,1
J1809-2332,0.1467885481,3.44207e-14,2.275e+12,6.757e+04,4.296e+35,normal,1
J1809-3547,0.860387839,1.2e-16,3.252e+11,1.136e+08,7.438e+30,normal,1
J1810-1441,0.2172135004,2.387e-17,7.287e+10,1.442e+08,9.195e+31,normal,1
J1810-1820,0.1537162784,5.2e-17,9.047e+10,4.684e+07,5.652e+32,normal,1
J1810-2005,0.03282224486,1.4742e-19,2.226e+09,3.528e+09,1.646e+32,normal,1
J1810-5338,0.261049318,3.83e-16,3.2e+11,1.08e+07,8.499e+32,normal,1
J1811-0154,0.924944823,1.608e-15,1.234e+12,9.114e+06,8.022e+31,normal,1
J1811+0702,0.4617126766,2.692e-15,1.128e+12,2.718e+06,1.08e+33,normal,1
J1811-1049,2.623858562,8e-16,1.466e+12,5.197e+07,1.748e+30,normal,1
J1811-1717,0.391385101,1.2e-16,2.193e+11,5.168e+07,7.902e+31,normal,1
J1811-1736,0.1041819548,9.01e-19,9.804e+09,1.832e+09,3.146e+31,normal,1
J1811-1835,0.557463612,6.315e-15,1.899e+12,1.399e+06,1.439e+33,normal,1
J1811-1925,0.064667,4.4e-14,1.707e+12,2.329e+04,6.423e+36,normal,1
J1811-2405,0.002660593317,1.33774e-20,1.909e+08,3.151e+09,2.804e+34,msp,1
J1811-2439,0.4158129414,2.972e-16,3.557e+11,2.217e+07,1.632e+32,normal,1
J1811-4930,1.432704197,2.254e-15,1.818e+12,1.007e+07,3.026e+31,normal,1
J1812+0226,0.793902802,3.59963e-15,1.711e+12,3.494e+06,2.84e+32,normal,1
J1812-1718,1.205374441,1.9077e-14,4.853e+12,1.001e+06,4.3e+32,normal,1
J1812-1733,0.5383405433,9.8245e-16,7.359e+11,8.682e+06,2.486e+32,normal,1
J1812-1910,0.4309909808,3.774e-14,4.081e+12,1.809e+05,1.861e+34,normal,1
J1812-2102,1.223352308,2.3893e-14,5.471e+12,8.113e+05,5.152e+32,normal,1
J1812-2526,0.3158350482,1.775e-16,2.396e+11,2.819e+07,2.224e+32,normal,1
J1812-2748,0.2369833074,3.156e-16,2.767e+11,1.19e+07,9.361e+32,normal,1
J1812-3039,0.5874767759,6.602e-16,6.302e+11,1.41e+07,1.285e+32,normal,1
J1813-1246,0.04807224676,1.75637e-14,9.298e+11,4.337e+04,6.242e+36,normal,1
J1813-1749,0.0446993053,1.2655e-13,2.407e+12,5596,5.594e+37,normal,1
J1813+1822,0.3364246764,2.1e-17,8.506e+10,2.538e+08,2.177e+31,normal,1
J1813-2113,0.4264662406,2.081e-15,9.533e+11,3.247e+06,1.059e+33,normal,1
J1813-2242,0.3285142162,4.78e-17,1.268e+11,1.089e+08,5.323e+31,normal,1
J1813-2621,0.004430011629,1.2466e-20,2.378e+08,5.631e+09,5.661e+33,msp,1
J1813+4013,0.9310890849,2.54871e-15,1.559e+12,5.788e+06,1.247e+32,normal,1
J1814-0521,1.014219485,8.84e-16,9.582e+11,1.818e+07,3.345e+31,normal,1
J1814-0618,1.377868496,2.92e-16,6.419e+11,7.477e+07,4.407e+30,normal,1
J1814+1130,0.751261115,1.66038e-15,1.13e+12,7.169e+06,1.546e+32,normal,1
J1814-1649,0.9574639354,6.333e-15,2.492e+12,2.395e+06,2.848e+32,normal,1
J1814-1744,3.975905188,7.447e-13,5.506e+13,8.459e+04,4.678e+32,magnetar,1
J1815-1738,0.1984357332,7.78529e-14,3.977e+12,4.039e+04,3.933e+35,normal,1
J1815-1910,1.249923537,3.63e-14,6.816e+12,5.456e+05,7.339e+32,normal,1
J1816-0755,0.2176426911,6.48032e-15,1.202e+12,5.321e+05,2.482e+34,normal,1
J1816-1446,0.5944998158,1.3261e-15,8.985e+11,7.103e+06,2.492e+32,normal,1
J1816-1729,0.7823133599,7.2621e-15,2.412e+12,1.707e+06,5.988e+32,normal,1
J1816-2650,0.5928851304,6.6411e-17,2.008e+11,1.415e+08,1.258e+31,normal,1
J1816+4510,0.003193103554,4.31e-20,3.754e+08,1.174e+09,5.226e+34,msp,1
J1816-5643,0.2179228818,1.93e-18,2.075e+10,1.789e+09,7.362e+30,normal,1
J1817-1511,0.2246038372,1.4313e-15,5.738e+11,2.486e+06,4.987e+33,normal,1
J1817-1938,2.046837629,3.6e-16,8.686e+11,9.009e+07,1.657e+30,normal,1
J1817-3618,0.387016921,2.0465e-15,9.006e+11,2.996e+06,1.394e+33,normal,1
J1817-3837,0.3844867839,5.802e-16,4.779e+11,1.05e+07,4.03e+32,normal,1
J1818-1116,0.5447995247,3.824e-15,1.461e+12,2.257e+06,9.336e+32,normal,1
J1818-1422,0.2914894606,2.03574e-15,7.795e+11,2.269e+06,3.245e+33,normal,1
J1818-1448,0.2813713004,6.15e-15,1.331e+12,7.249e+05,1.09e+34,normal,1
J1818-1519,0.9396900396,4.11e-15,1.989e+12,3.623e+06,1.955e+32,normal,1
J1818-1541,0.5511337767,9.676e-15,2.337e+12,9.025e+05,2.282e+33,normal,1
J1818-1556,0.9527089029,7.062e-16,8.3e+11,2.138e+07,3.224e+31,normal,1
J1819-0925,0.8520474835,3.1302e-15,1.653e+12,4.313e+06,1.998e+32,normal,1
J1819-1008,0.3014898493,1.3209e-15,6.386e+11,3.616e+06,1.903e+33,normal,1
J1819-1114,0.2941625146,5.66e-16,4.129e+11,8.235e+06,8.778e+32,normal,1
J1819-1131,1.388137129,7.61e-16,1.04e+12,2.89e+07,1.123e+31,normal,1
J1819+1305,1.060363544,3.592e-16,6.245e+11,4.677e+07,1.189e+31,normal,1
J1819-1318,1.515695993,6e-16,9.65e+11,4.003e+07,6.803e+30,normal,1
J1819-1408,1.788490453,2.59e-15,2.178e+12,1.094e+07,1.787e+31,normal,1
J1819-1458,4.263164033,5.75171e-13,5.011e+13,1.174e+05,2.931e+32,magnetar,1
J1819-1510,0.2265389901,7.9e-18,4.281e+10,4.544e+08,2.683e+31,normal,1
J1819-1717,0.3935216376,3.455e-15,1.18e+12,1.805e+06,2.238e+33,normal,1
J1820-0427,0.5980759297,6.33137e-15,1.969e+12,1.497e+06,1.168e+33,normal,1
J1820-0509,0.3373207958,9.323e-16,5.675e+11,5.733e+06,9.589e+32,normal,1
J1820-1346,0.9214597313,4.49522e-15,2.06e+12,3.248e+06,2.268e+32,normal,1
J1820-1529,0.3332428508,3.79072e-14,3.597e+12,1.393e+05,4.044e+34,normal,1
J1820-1818,0.3099045934,9.3609e-17,1.724e+11,5.245e+07,1.242e+32,normal,1
J1821+0155,0.03378133193,2.9e-20,1.002e+09,1.846e+10,2.97e+31,normal,1
J1821-0256,0.4141110498,3.72e-17,1.256e+11,1.764e+08,2.068e+31,normal,1
J1821-0331,0.9023156292,2.53e-15,1.529e+12,5.651e+06,1.36e+32,normal,1
J1821-1419,1.65600957,8.945e-13,3.895e+13,2.933e+04,7.776e+33,magnetar,1
J1821-1432,1.91513067,5.373e-15,3.246e+12,5.648e+06,3.02e+31,normal,1
J1821+1715,1.366682059,8.714e-16,1.104e+12,2.485e+07,1.348e+31,normal,1
J1822+0705,1.362817392,1.7472e-15,1.561e+12,1.236e+07,2.725e+31,normal,1
J1822-0848,2.504517818,4.03e-16,1.017e+12,9.847e+07,1.013e+30,normal,0
J1822-0907,0.9747003734,3.55e-16,5.953e+11,4.35e+07,1.513e+31,normal,1
J1822+1120,1.787036805,2.346e-15,2.072e+12,1.207e+07,1.623e+31,normal,1
J1822-1252,2.071040272,8.476e-14,1.341e+13,3.871e+05,3.767e+32,magnetar,1
J1822-1400,0.2147711098,9.0689e-16,4.466e+11,3.752e+06,3.614e+33,normal,1
J1822-1604,8.43772106,2.1e-14,1.347e+13,6.366e+06,1.38e+30,magnetar,0
J1822-1617,0.8311557274,1.885e-15,1.267e+12,6.986e+06,1.296e+32,normal,1
J1822-2256,1.874268518,1.35439e-15,1.612e+12,2.193e+07,8.121e+30,normal,1
J1822-4209,0.456511945,4.5864e-16,4.63e+11,1.577e+07,1.903e+32,normal,1
J1823-0154,0.7597774644,1.13147e-15,9.382e+11,1.064e+07,1.018e+32,normal,1
J1823+0550,0.752906543,2.26734e-16,4.181e+11,5.261e+07,2.097e+31,normal,1
J1823-1115,0.2798286966,1.37862e-15,6.285e+11,3.216e+06,2.484e+33,normal,1
J1823-1126,1.846534201,3.652e-14,8.31e+12,8.011e+05,2.29e+32,normal,1
J1823-1347,0.6171072055,9.6e-15,2.463e+12,1.019e+06,1.613e+33,normal,1
J1823-1526,1.625405472,4.52e-15,2.743e+12,5.698e+06,4.155e+31,normal,1
J1823-1807,1.636792452,2.8e-16,6.851e+11,9.262e+07,2.521e+30,normal,1
J1823-3021A,0.005440004163,3.375e-18,4.336e+09,2.554e+07,8.276e+35,msp,1
J1823-3021B,0.3785964922,2.99e-17,1.077e+11,2.006e+08,2.175e+31,normal,1
J1823-3021C,0.405935963,2.24e-16,3.051e+11,2.871e+07,1.322e+32,normal,1
J1823-3106,0.284054345,2.92704e-15,9.227e+11,1.538e+06,5.042e+33,normal,1
J1824-0127,2.499468267,3.911e-15,3.164e+12,1.013e+07,9.888e+30,normal,1
J1824-1118,0.4357590333,3.55447e-15,1.259e+12,1.942e+06,1.696e+33,normal,1
J1824-1159,0.3624920782,5.3793e-15,1.413e+12,1.068e+06,4.459e+33,normal,1
J1824-1350,1.396598546,6.07e-16,9.317e+11,3.646e+07,8.797e+30,normal,1
J1824-1423,0.3593941625,3.923e-16,3.8e+11,1.452e+07,3.336e+32,normal,1
J1824-1500,0.4122299586,7.58e-16,5.657e+11,8.617e+06,4.272e+32,normal,1
J1824-1945,0.1893349899,5.23126e-15,1.007e+12,5.735e+05,3.043e+34,normal,1
J1824-2233,1.16174311,3.01e-16,5.984e+11,6.115e+07,7.579e+30,normal,1
J1824-2328,1.505874552,1.74e-15,1.638e+12,1.371e+07,2.012e+31,normal,1
J1824-2452A,0.003054315592,1.61884e-18,2.25e+09,2.989e+07,2.243e+36,msp,1
J1824-2537,0.2233202672,4.4016e-16,3.173e+11,8.039e+06,1.56e+33,normal,1
J1825+0004,0.7789494001,8.7616e-16,8.36e+11,1.409e+07,7.318e+31,normal,1
J1825-0319,0.00455352792,6.8e-21,1.781e+08,1.061e+10,2.843e+33,msp,1
J1825-0935,0.7690058551,5.25018e-14,6.43e+12,2.321e+05,4.558e+33,normal,1
J1825-1108,1.925871773,1.9e-15,1.936e+12,1.606e+07,1.05e+31,normal,1
J1825-1446,0.2791868752,2.26784e-14,2.546e+12,1.951e+05,4.114e+34,normal,1
J1826-1131,2.09313631,4.91034e-15,3.244e+12,6.754e+06,2.114e+31,normal,1
J1826-1256,0.1102237025,1.21451e-13,3.702e+12,1.438e+04,3.58e+36,normal,1
J1826-1334,0.1014867942,7.52517e-14,2.796e+12,2.137e+04,2.842e+36,normal,1
J1826-1419,0.770620171,8.7841e-15,2.633e+12,1.39e+06,7.578e+32,normal,1
J1826-1526,0.3820728121,1.085e-15,6.515e+11,5.579e+06,7.68e+32,normal,1
J1827-0750,0.2705020394,1.5446e-15,6.541e+11,2.775e+06,3.081e+33,normal,1
J1827-0934,0.5125478178,7.227e-15,1.948e+12,1.124e+06,2.119e+33,normal,1
J1827-0958,0.2457571181,1.00232e-15,5.022e+11,3.885e+06,2.666e+33,normal,1
J1828-0611,0.2694147321,1.4595e-15,6.345e+11,2.925e+06,2.946e+33,normal,1
J1828-1007,0.1531969792,6.1339e-16,3.102e+11,3.957e+06,6.735e+33,normal,1
J1828-1057,0.2463275874,2.07007e-14,2.285e+12,1.885e+05,5.468e+34,normal,1
J1828-1101,0.07205163271,1.48095e-14,1.045e+12,7.709e+04,1.563e+36,normal,1
J1828-1336,0.860332116,9.95e-16,9.363e+11,1.37e+07,6.169e+31,normal,1
J1828+1359,0.7416395204,7.286e-16,7.439e+11,1.613e+07,7.051e+31,normal,1
J1828-2119,0.5145230695,1.2668e-15,8.17e+11,6.435e+06,3.672e+32,normal,1
J1829+0000,0.1991473971,5.249e-16,3.272e+11,6.011e+06,2.624e+33,normal,1
J1829-0734,0.3184008734,4.789e-15,1.25e+12,1.053e+06,5.857e+33,normal,1
J1829-1751,0.3071329758,5.55174e-15,1.321e+12,8.765e+05,7.565e+33,normal,1
J1829+2456,0.04100982358,5.25e-20,1.485e+09,1.238e+10,3.005e+31,normal,1
J1830-0052,0.345698034,2.37e-16,2.896e+11,2.311e+07,2.265e+32,normal,1
J1830-0131,0.457535874,6.3181e-15,1.721e+12,1.147e+06,2.604e+33,normal,1
J1830-1059,0.4050433216,6.00251e-14,4.99e+12,1.069e+05,3.566e+34,normal,1
J1830-1135,6.221552666,4.775e-14,1.744e+13,2.064e+06,7.828e+30,magnetar,1
J1830-1313,0.7471876682,1.714e-15,1.145e+12,6.907e+06,1.622e+32,normal,1
J1830-1414,0.7714925204,7.6e-17,2.45e+11,1.608e+08,6.534e+30,normal,1
J1831-0823,0.612132964,3.091e-16,4.402e+11,3.138e+07,5.32e+31,normal,1
J1831-0952,0.06726684612,8.32385e-15,7.572e+11,1.28e+05,1.08e+36,normal,1
J1831-1223,2.857941001,5.5e-15,4.012e+12,8.233e+06,9.302e+30,normal,1
J1831-1329,2.16567935,2.99e-15,2.575e+12,1.148e+07,1.162e+31,normal,1
J1831-1423,0.5079451952,1.0947e-15,7.546e+11,7.352e+06,3.298e+32,normal,1
J1832+0029,0.533917296,1.51e-15,9.086e+11,5.602e+06,3.917e+32,normal,1
J1832-0644,0.7442954194,3.7089e-14,5.317e+12,3.18e+05,3.551e+33,normal,1
J1832-0827,0.6472927184,6.38793e-14,6.507e+12,1.606e+05,9.299e+33,normal,1
J1832-0836,0.002719112062,8.62e-21,1.549e+08,4.998e+09,1.693e+34,msp,1
J1832-1021,0.3303540894,4.20203e-15,1.192e+12,1.246e+06,4.601e+33,normal,1
J1833-0209,0.2919306322,2.7548e-15,9.075e+11,1.679e+06,4.371e+33,normal,1
J1833-0338,0.6867044441,4.15653e-14,5.406e+12,2.618e+05,5.067e+33,normal,1
J1833-0556,1.52154517,1.28e-15,1.412e+12,1.883e+07,1.435e+31,normal,1
J1833-0559,0.4834588801,1.235e-14,2.473e+12,6.203e+05,4.315e+33,normal,1
J1833-0827,0.08528425126,9.17072e-15,8.949e+11,1.473e+05,5.837e+35,normal,1
J1833-0831,7.5654084,3.4e-12,1.623e+14,3.526e+04,3.1e+32,magnetar,1
J1833-1034,0.06188365001,2.02015e-13,3.578e+12,4854,3.365e+37,normal,1
J1833-1055,0.6336402982,5.27e-16,5.848e+11,1.905e+07,8.178e+31,normal,1
J1833-6023,1.8894355,2.7e-16,7.228e+11,1.109e+08,1.58e+30,normal,1
J1834-0010,0.5209543111,1.053e-17,7.495e+10,7.839e+08,2.94e+30,normal,1
J1834-0031,0.3295319225,4.486e-16,3.891e+11,1.164e+07,4.949e+32,normal,1
J1834-0426,0.2901081932,7.1947e-17,1.462e+11,6.389e+07,1.163e+32,normal,1
J1834-0602,0.4879135917,1.828e-15,9.557e+11,4.229e+06,6.213e+32,normal,1
J1834-0633,0.3173148828,6e-16,4.415e+11,8.379e+06,7.414e+32,normal,1
J1834-0731,0.5129799087,5.82e-14,5.529e+12,1.397e+05,1.702e+34,normal,1
J1834-0742,0.7883535665,3.24702e-14,5.12e+12,3.847e+05,2.616e+33,normal,1
J1834-0812,0.4911415563,9.96e-15,2.238e+12,7.813e+05,3.319e+33,normal,1
J1834-0845,2.4823018,7.96e-12,1.422e+14,4941,2.055e+34,magnetar,1
J1834-1202,0.610258782,6.7e-18,6.471e+10,1.443e+09,1.164e+30,normal,0
J1834-1710,0.3583060493,4.69e-17,1.312e+11,1.21e+08,4.025e+31,normal,1
J1834-1855,1.465655771,1.931e-15,1.702e+12,1.203e+07,2.421e+31,normal,1
J1835-0114,0.005116387644,7e-21,1.915e+08,1.158e+10,2.063e+33,msp,1
J1835-0349,0.8418645186,3.058e-15,1.624e+12,4.362e+06,2.023e+32,normal,1
J1835-0522,1.087749188,4.7e-16,7.235e+11,3.667e+07,1.442e+31,normal,1
J1835-0643,0.3058300977,4.0456e-14,3.559e+12,1.198e+05,5.583e+34,normal,1
J1835-0924,0.8591920352,2.139e-14,4.338e+12,6.364e+05,1.331e+33,normal,1
J1835-09242,0.235248925,1.184e-17,5.341e+10,3.148e+08,3.59e+31,normal,1
J1835-0928,0.6217339942,9.69e-16,7.854e+11,1.017e+07,1.592e+32,normal,1
J1835-0944,0.1453468225,4.39e-15,8.083e+11,5.246e+05,5.644e+34,normal,1
J1835-0946,0.379536106,4.3e-17,1.293e+11,1.398e+08,3.105e+31,normal,1
J1835-1020,0.3024481086,5.9187e-15,1.354e+12,8.097e+05,8.446e+33,normal,1
J1835-1106,0.1659069781,2.06106e-14,1.871e+12,1.275e+05,1.782e+35,normal,1
J1835-1548,0.6704856624,1.74e-15,1.093e+12,6.105e+06,2.279e+32,normal,1
J1836-0436,0.3542365077,1.66095e-15,7.762e+11,3.379e+06,1.475e+33,normal,1
J1836-0517,0.4572450304,1.3019e-15,7.808e+11,5.565e+06,5.376e+32,normal,1
J1836-1008,0.5627107361,1.1799e-14,2.607e+12,7.556e+05,2.614e+33,normal,1
J1836-1324,0.1787563518,1.0366e-15,4.356e+11,2.732e+06,7.165e+33,normal,1
J1836-2354A,0.003354336083,2.318e-21,8.923e+07,2.293e+10,2.425e+33,msp,1
J1836+5925,0.173263836,1.5016e-15,5.162e+11,1.828e+06,1.14e+34,normal,1
J1837-0045,0.6170366955,1.68451e-15,1.032e+12,5.804e+06,2.831e+32,normal,1
J1837+0053,0.4735125298,3.8e-17,1.357e+11,1.974e+08,1.413e+31,normal,1
J1837-0559,0.201062574,3.3048e-15,8.249e+11,9.64e+05,1.605e+34,normal,1
J1837-0604,0.09629420774,4.51724e-14,2.111e+12,3.378e+04,1.997e+36,normal,1
J1837-0653,1.905808706,7.7204e-16,1.227e+12,3.911e+07,4.403e+30,normal,1
J1837+1221,1.963531984,6.2e-15,3.531e+12,5.018e+06,3.233e+31,normal,1
J1837-1243,1.876018524,3.651e-14,8.375e+12,8.141e+05,2.183e+32,normal,1
J1837-1837,0.6183576974,5.495e-15,1.865e+12,1.783e+06,9.175e+32,normal,1
J1838-0107,0.4444257246,5.46e-18,4.985e+10,1.29e+09,2.456e+30,normal,1
J1838-0453,0.3808307768,1.1566e-13,6.716e+12,5.217e+04,8.267e+34,normal,1
J1838-0537,0.1457077402,4.7179e-13,8.39e+12,4893,6.021e+36,normal,1
J1838-0549,0.2353032004,3.3429e-14,2.838e+12,1.115e+05,1.013e+35,normal,1
J1838-0624,0.9271777415,7.7e-17,2.704e+11,1.908e+08,3.814e+30,normal,1
J1838-0655,0.07049824397,4.925e-14,1.886e+12,2.268e+04,5.549e+36,normal,1
J1838-1046,1.218353596,3.08e-15,1.96e+12,6.268e+06,6.723e+31,normal,1
J1838+1650,1.901967399,2.677e-15,2.283e+12,1.126e+07,1.536e+31,normal,1
J1838-1849,0.488242009,4e-17,1.414e+11,1.934e+08,1.357e+31,normal,1
J1839-0223,1.266790124,4.763e-15,2.486e+12,4.214e+06,9.25e+31,normal,1
J1839-0321,0.2387778179,1.252e-14,1.75e+12,3.022e+05,3.631e+34,normal,1
J1839-0332,2.675682265,4.76e-15,3.611e+12,8.906e+06,9.81e+30,normal,1
J1839-0402,0.5209396795,7.694e-15,2.026e+12,1.073e+06,2.149e+33,normal,1
J1839-0436,0.1494606558,8.096e-16,3.52e+11,2.925e+06,9.573e+33,normal,1
J1839-0459,0.5853190378,3.308e-15,1.408e+12,2.804e+06,6.512e+32,normal,1
J1839-0627,0.4849136791,1.32e-16,2.56e+11,5.821e+07,4.57e+31,normal,1
J1839-0643,0.4495481498,3.638e-15,1.294e+12,1.958e+06,1.581e+33,normal,1
J1839-0905,0.4189688434,2.6033e-14,3.342e+12,2.55e+05,1.397e+34,normal,1
J1839-1238,1.911428023,4.947e-15,3.112e+12,6.122e+06,2.797e+31,normal,1
J1839+15,0.5491605339,2.613e-14,3.833e+12,3.33e+05,6.229e+33,normal,1
J1840+0214,0.7974780753,8.294e-15,2.603e+12,1.523e+06,6.456e+32,normal,1
J1840-0559,0.8593684668,9.602e-15,2.907e+12,1.418e+06,5.973e+32,normal,1
J1840-0626,1.8933527,2.303e-14,6.682e+12,1.303e+06,1.34e+32,normal,1
J1840-0643,0.0355778755,2.202e-16,8.957e+10,2.56e+06,1.93e+35,normal,1
J1840-0753,0.4378690017,1e-16,2.117e+11,6.938e+07,4.702e+31,normal,1
J1840-0809,0.9556721359,2.351e-15,1.517e+12,6.441e+06,1.063e+32,normal,1
J1840-0815,1.096439972,2.4151e-15,1.647e+12,7.193e+06,7.233e+31,normal,1
J1840-0840,5.309376685,2.37e-14,1.135e+13,3.55e+06,6.251e+30,magnetar,1
J1840-1122,0.9409616166,6.409e-15,2.485e+12,2.326e+06,3.037e+32,normal,1
J1840-1207,0.7544704272,3.1972e-15,1.572e+12,3.739e+06,2.939e+32,normal,1
J1840-1419,6.597562623,6.33e-15,6.539e+12,1.651e+07,8.702e+29,normal,0
J1840+5640,1.652861853,1.49482e-15,1.591e+12,1.752e+07,1.307e+31,normal,1
J1841+0130,0.02977277533,8.17e-18,1.578e+10,5.774e+07,1.222e+34,msp,1
J1841-0157,0.663321098,1.80768e-14,3.504e+12,5.814e+05,2.445e+33,normal,1
J1841-0310,1.657656458,3.35e-16,7.541e+11,7.84e+07,2.903e+30,normal,1
J1841-0345,0.2040681151,5.7872e-14,3.478e+12,5.587e+04,2.688e+35,normal,1
J1841-0425,0.186148858,6.39288e-15,1.104e+12,4.614e+05,3.913e+34,normal,1
J1841-0456,11.7889784,4.092e-11,7.028e+14,4565,9.86e+32,magnetar,1
J1841-0500,0.9129141963,3.475e-14,5.7e+12,4.162e+05,1.803e+33,normal,1
J1841-0524,0.4457489311,2.33724e-13,1.033e+13,3.022e+04,1.042e+35,magnetar,1
J1841+0912,0.3813192941,1.09034e-15,6.525e+11,5.541e+06,7.763e+32,normal,1
J1841-1404,1.33455723,6.4e-16,9.352e+11,3.304e+07,1.063e+31,normal,1
J1841-7845,0.3536025329,1.6e-16,2.407e+11,3.502e+07,1.429e+32,normal,1
J1842-0153,1.05422825,6.722e-15,2.694e+12,2.485e+06,2.265e+32,normal,1
J1842+0257,3.088255793,2.9591e-14,9.674e+12,1.654e+06,3.966e+31,normal,1
J1842-0309,0.4049196437,4.518e-15,1.369e+12,1.42e+06,2.687e+33,normal,1
J1842+0358,0.2333262067,8.115e-16,4.403e+11,4.556e+06,2.522e+33,normal,1
J1842-0359,1.839944315,5.0876e-16,9.791e+11,5.73e+07,3.224e+30,normal,1
J1842-0415,0.5266822416,2.19366e-14,3.44e+12,3.804e+05,5.928e+33,normal,1
J1842-0612,0.56447538,2.2e-17,1.128e+11,4.065e+08,4.829e+30,normal,1
J1842+0638,0.313016401,7.6e-17,1.561e+11,6.526e+07,9.783e+31,normal,1
J1842-0800,1.255468574,1.94e-16,4.994e+11,1.025e+08,3.87e+30,normal,1
J1842-0905,0.3446427575,1.04931e-14,1.924e+12,5.204e+05,1.012e+34,normal,1
J1842+1332,0.4716035789,2.29e-16,3.325e+11,3.263e+07,8.619e+31,normal,1
J1843-0000,0.8803304819,7.792e-15,2.65e+12,1.79e+06,4.509e+32,normal,1
J1843-0050,0.7825984686,2.49e-16,4.467e+11,4.98e+07,2.051e+31,normal,1
J1843-0137,0.6698723867,2.468e-15,1.301e+12,4.301e+06,3.241e+32,normal,1
J1843-0211,2.027524389,1.444e-14,5.475e+12,2.225e+06,6.84e+31,normal,1
J1843-0355,0.1323136184,1.04e-15,3.754e+11,2.016e+06,1.772e+34,normal,1
J1843-0408,0.7819336997,2.39e-15,1.383e+12,5.184e+06,1.974e+32,normal,1
J1843-0459,0.7549633701,8.54e-16,8.125e+11,1.401e+07,7.835e+31,normal,1
J1843-0510,0.6716138288,3.8923e-15,1.636e+12,2.734e+06,5.072e+32,normal,1
J1843-0702,0.1916140631,2.1402e-15,6.48e+11,1.419e+06,1.201e+34,normal,1
J1843-0744,0.4753925266,1.33038e-14,2.545e+12,5.662e+05,4.889e+33,normal,1
J1843-0806,0.5364136655,1.7359e-14,3.088e+12,4.896e+05,4.44e+33,normal,1
J1843-1113,0.001845666292,9.59e-21,1.346e+08,3.049e+09,6.022e+34,msp,1
J1843-1448,0.005471330876,6.209e-21,1.865e+08,1.396e+10,1.497e+33,msp,1
J1843-1507,0.5835503774,7.1999e-15,2.074e+12,1.284e+06,1.43e+33,normal,1
J1843+2024,3.406538671,1.04e-15,1.905e+12,5.19e+07,1.039e+30,normal,0
J1844-0030,0.6410978512,6.078e-15,1.998e+12,1.671e+06,9.106e+32,normal,1
J1844+0115,0.004185543937,1.07e-20,2.141e+08,6.198e+09,5.761e+33,msp,1
J1844-0244,0.5077223221,1.67404e-14,2.95e+12,4.805e+05,5.049e+33,normal,1
J1844-0302,1.198630275,7.809e-15,3.096e+12,2.432e+06,1.79e+32,normal,1
J1844-0310,0.5250491427,1.0235e-14,2.346e+12,8.128e+05,2.792e+33,normal,1
J1844-0433,0.9910266164,3.91454e-15,1.993e+12,4.011e+06,1.588e+32,normal,1
J1844-0452,0.2694433214,6.8e-16,4.331e+11,6.278e+06,1.372e+33,normal,1
J1844-0502,0.3351625282,6.2e-17,1.459e+11,8.565e+07,6.501e+31,normal,1
J1844-0538,0.2556992681,9.70552e-15,1.594e+12,4.174e+05,2.292e+34,normal,1
J1844+1454,0.3754633785,1.8723e-15,8.484e+11,3.177e+06,1.396e+33,normal,1
J1845-0316,0.2076357201,8.86e-15,1.373e+12,3.713e+05,3.907e+34,normal,1
J1845-0434,0.4867507986,1.1326e-14,2.376e+12,6.809e+05,3.877e+33,normal,1
J1845-0545,1.092348153,1.343e-14,3.876e+12,1.289e+06,4.068e+32,normal,1
J1845+0623,1.421653784,5.46e-16,8.915e+11,4.125e+07,7.502e+30,normal,1
J1845-0635,0.340527647,4.491e-15,1.251e+12,1.201e+06,4.49e+33,normal,1
J1845-0743,0.1046945452,3.666e-16,1.982e+11,4.525e+06,1.261e+34,normal,1
J1845-0826,0.6343543468,9.353e-15,2.465e+12,1.075e+06,1.446e+33,normal,1
J1845-1114,0.2062199811,2.00552e-15,6.508e+11,1.629e+06,9.028e+33,normal,1
J1845-1351,2.618918467,9.723e-15,5.106e+12,4.268e+06,2.137e+31,normal,1
J1846+0051,0.4343728798,1.1226e-14,2.235e+12,6.131e+05,5.408e+33,normal,1
J1846-0257,4.47672254,1.60587e-13,2.713e+13,4.417e+05,7.066e+31,magnetar,1
J1846-0258,0.3265712883,7.10745e-12,4.875e+13,728,8.056e+36,magnetar,1
J1846-0749,0.3501095729,1.2616e-15,6.725e+11,4.397e+06,1.161e+33,normal,1
J1846-07492,0.8613796426,5.187e-15,2.139e+12,2.631e+06,3.204e+32,normal,1
J1846+0919,0.2255514533,9.93e-15,1.514e+12,3.599e+05,3.416e+34,normal,1
J1846-7403,4.878838526,6.06e-15,5.502e+12,1.276e+07,2.06e+30,normal,1
J1847-0130,6.707045724,1.2749e-12,9.357e+13,8.335e+04,1.668e+32,magnetar,1
J1847-0402,0.5977691513,5.17072e-14,5.626e+12,1.832e+05,9.557e+33,normal,1
J1847-0427,0.2592466429,5.9e-18,3.958e+10,6.962e+08,1.337e+31,normal,1
J1847-0438,0.9579911647,1.0933e-14,3.275e+12,1.388e+06,4.909e+32,normal,1
J1847-0443,0.3408321304,2.83e-17,9.938e+10,1.908e+08,2.822e+31,normal,1
J1847-0605,0.7781643533,4.645e-15,1.924e+12,2.654e+06,3.892e+32,normal,1
J1848-0023,0.5376237325,1.61e-15,9.415e+11,5.291e+06,4.09e+32,normal,1
J1848-0055,0.2745566847,1.35e-15,6.161e+11,3.222e+06,2.575e+33,normal,1
J1848-0123,0.6594320505,5.25182e-15,1.883e+12,1.989e+06,7.23e+32,normal,1
J1848+0351,0.1914426635,6.73e-17,1.149e+11,4.507e+07,3.787e+32,normal,1
J1848-0511,1.637129007,8.863e-15,3.855e+12,2.927e+06,7.974e+31,normal,1
J1848-0601,0.2250044754,2.871e-16,2.572e+11,1.242e+07,9.95e+32,normal,1
J1848+0604,2.218602647,3.736e-15,2.913e+12,9.409e+06,1.351e+31,normal,1
J1848+0647,0.5059567391,8.7516e-15,2.129e+12,9.16e+05,2.668e+33,normal,1
J1848+0826,0.3286647268,2.721e-16,3.026e+11,1.914e+07,3.026e+32,normal,1
J1848-1150,1.312218438,1.434e-15,1.388e+12,1.45e+07,2.505e+31,normal,1
J1848-1414,0.2977695473,1.409e-17,6.555e+10,3.348e+08,2.107e+31,normal,1
J1848-1952,4.308189599,2.32819e-14,1.013e+13,2.932e+06,1.149e+31,magnetar,1
J1849-0001,0.03851894343,1.4224e-14,7.49e+11,4.291e+04,9.826e+36,normal,1
J1849-0040,0.6724806072,1.114e-14,2.77e+12,9.565e+05,1.446e+33,normal,1
J1849+0127,0.5421554814,2.797e-14,3.941e+12,3.071e+05,6.929e+33,normal,1
J1849-0317,0.6684078288,2.203e-14,3.883e+12,4.807e+05,2.912e+33,normal,1
J1849+0409,0.7611940817,2.15864e-14,4.102e+12,5.587e+05,1.932e+33,normal,1
J1849-0614,0.9533841882,5.3889e-14,7.253e+12,2.803e+05,2.455e+33,normal,1
J1849-0636,1.451319471,4.62398e-14,8.29e+12,4.973e+05,5.972e+32,normal,1
J1849+2423,0.2756414987,1.52582e-16,2.075e+11,2.862e+07,2.876e+32,normal,1
J1850-0006,2.191497968,4.32e-15,3.114e+12,8.038e+06,1.62e+31,normal,1
J1850-0026,0.1666339243,3.91017e-14,2.583e+12,6.752e+04,3.336e+35,normal,1
J1850+0026,1.081843782,3.59e-16,6.306e+11,4.775e+07,1.119e+31,normal,1
J1850-0031,0.7341848598,1.263e-15,9.744e+11,9.21e+06,1.26e+32,normal,1
J1850+0124,0.003559763768,1.09e-20,1.993e+08,5.175e+09,9.539e+33,msp,1
J1850+0242,0.004479864047,1.63e-19,8.647e+08,4.355e+08,7.157e+34,msp,1
J1850+0423,0.2907162172,9.14e-17,1.65e+11,5.04e+07,1.469e+32,normal,1
J1850+1335,0.3455818981,1.49242e-15,7.267e+11,3.669e+06,1.428e+33,normal,1
J1851-0029,0.518721435,4.7386e-15,1.587e+12,1.734e+06,1.34e+33,normal,1
J1851-0053,1.409065241,8.7e-16,1.12e+12,2.566e+07,1.228e+31,normal,1
J1851-0114,0.9531816852,2.483e-15,1.557e+12,6.082e+06,1.132e+32,normal,1
J1851+0118,0.9069768607,1.36705e-13,1.127e+13,1.051e+05,7.234e+33,magnetar,1
J1851-0241,0.4351938518,7.963e-15,1.884e+12,8.659e+05,3.814e+33,normal,1
J1851+0418,0.2846974725,1.08902e-15,5.635e+11,4.142e+06,1.863e+33,normal,1
J1851+1259,1.205303285,1.15199e-14,3.771e+12,1.658e+06,2.597e+32,normal,1
J1852+0008,0.4678941131,5.679e-15,1.65e+12,1.305e+06,2.189e+33,normal,1
J1852+0013,0.9577509451,1.4034e-14,3.71e+12,1.081e+06,6.306e+32,normal,1
J1852+0031,2.180195178,9.69549e-14,1.471e+13,3.563e+05,3.694e+32,magnetar,1
J1852+0040,0.1049126111,8.68e-18,3.054e+10,1.915e+08,2.968e+32,normal,1
J1852-0118,0.4514728526,1.757e-15,9.013e+11,4.071e+06,7.538e+32,normal,1
J1852-0127,0.4289789256,5.149e-15,1.504e+12,1.32e+06,2.575e+33,normal,1
J1852+0305,1.326148567,1e-16,3.685e+11,2.101e+08,1.693e+30,normal,1
J1852-0635,0.5241508847,1.464e-14,2.803e+12,5.673e+05,4.014e+33,normal,1
J1852-2610,0.3363371316,8.7706e-17,1.738e+11,6.076e+07,9.1e+31,normal,1
J1853-0004,0.1014357462,5.5745e-15,7.609e+11,2.883e+05,2.109e+35,normal,1
J1853+0011,0.3978818936,3.35381e-14,3.697e+12,1.88e+05,2.102e+34,normal,1
J1853+0056,0.2755775996,2.139e-14,2.457e+12,2.041e+05,4.035e+34,normal,1
J1853+0505,0.9051373542,1.28061e-15,1.089e+12,1.12e+07,6.818e+31,normal,1
J1853+0545,0.1264003332,6.12482e-16,2.816e+11,3.27e+06,1.197e+34,normal,1
J1853-0649,1.048132105,1.548e-15,1.289e+12,1.073e+07,5.307e+31,normal,1
J1853+0853,3.914657916,5.13e-15,4.535e+12,1.209e+07,3.376e+30,normal,1
J1853+1303,0.004091797381,8.7163e-21,1.911e+08,7.438e+09,5.023e+33,msp,1
J1854+0306,4.557820096,1.45125e-13,2.603e+13,4.976e+05,6.051e+31,magnetar,1
J1854+0317,1.366449647,1.85e-15,1.609e+12,1.17e+07,2.863e+31,normal,1
J1854+1050,0.5731969891,6.3887e-16,6.124e+11,1.422e+07,1.339e+32,normal,1
J1854-1421,1.146594847,4.16118e-15,2.21e+12,4.366e+06,1.09e+32,normal,1
J1854-1557,3.4532,4.52e-15,3.998e+12,1.21e+07,4.333e+30,normal,1
J1855+0205,0.24681677,6.466e-17,1.278e+11,6.048e+07,1.698e+32,normal,1
J1855+0307,0.8453475746,1.811e-14,3.959e+12,7.396e+05,1.184e+33,normal,1
J1855+0422,1.67810633,9.3e-16,1.264e+12,2.859e+07,7.769e+30,normal,1
J1855+0527,1.393484482,2.67207e-13,1.953e+13,8.263e+04,3.899e+33,magnetar,1
J1855+0700,0.2586846481,7.516e-16,4.462e+11,5.453e+06,1.714e+33,normal,1
J1855-0941,0.3454011599,2.4e-16,2.914e+11,2.28e+07,2.299e+32,normal,1
J1856+0102,0.6202171151,1.222e-15,8.81e+11,8.042e+06,2.022e+32,normal,1
J1856+0113,0.2674396099,2.0836e-13,7.554e+12,2.034e+04,4.3e+35,normal,1
J1856+0245,0.08090668906,6.2117e-14,2.269e+12,2.064e+04,4.63e+36,normal,1
J1856+0404,0.4202521552,3.7e-17,1.262e+11,1.8e+08,1.968e+31,normal,1
J1856-0526,0.3704834174,1.6975e-15,8.025e+11,3.458e+06,1.318e+33,normal,1
J1856-3754,7.05520287,2.98e-14,1.467e+13,3.751e+06,3.35e+30,magnetar,1
J1857+0057,0.356928998,5.459e-17,1.413e+11,1.036e+08,4.739e+31,normal,1
J1857+0143,0.1397600645,3.11674e-14,2.112e+12,7.105e+04,4.507e+35,normal,1
J1857+0210,0.6309830583,1.4034e-14,3.011e+12,7.124e+05,2.205e+33,normal,1
J1857+0212,0.4158230553,4.02719e-14,4.141e+12,1.636e+05,2.211e+34,normal,1
J1857+0526,0.3499511775,6.9311e-15,1.576e+12,8e+05,6.385e+33,normal,1
J1857+0809,0.5029238705,4.7374e-15,1.562e+12,1.682e+06,1.47e+33,normal,1
J1857+0943,0.005362100548,1.78383e-20,3.13e+08,4.763e+09,4.568e+33,msp,1
J1857-1027,3.687219048,1.055e-14,6.311e+12,5.538e+06,8.308e+30,normal,1
J1858+0215,0.745828032,4.61e-15,1.876e+12,2.563e+06,4.387e+32,normal,1
J1858+0241,4.693232933,2.432e-14,1.081e+13,3.058e+06,9.288e+30,magnetar,1
J1858+0346,0.256843798,2.0401e-15,7.325e+11,1.995e+06,4.753e+33,normal,1
J1858-0736,0.551058591,5.06e-15,1.69e+12,1.726e+06,1.194e+33,normal,1
J1859+0601,1.044312702,2.551e-14,5.223e+12,6.486e+05,8.843e+32,normal,1
J1859+1526,0.9339715823,3.9255e-15,1.938e+12,3.77e+06,1.902e+32,normal,1
J1900-0051,0.3851940949,1.421e-16,2.367e+11,4.295e+07,9.816e+31,normal,1
J1900+0227,0.3742615752,5.705e-15,1.479e+12,1.039e+06,4.296e+33,normal,1
J1900+0308,0.004909239016,5.9e-21,1.722e+08,1.318e+10,1.969e+33,msp,1
J1900+0634,0.3898691012,5.125e-15,1.43e+12,1.205e+06,3.414e+33,normal,1
J1900-2600,0.6122092044,2.04534e-16,3.581e+11,4.743e+07,3.519e+31,normal,1
J1900-7951,1.279193194,1.86e-15,1.561e+12,1.09e+07,3.508e+31,normal,1
J1901+0124,0.3188172593,3.241e-15,1.029e+12,1.559e+06,3.948e+33,normal,1
J1901+0156,0.2882191593,2.35746e-15,8.341e+11,1.937e+06,3.887e+33,normal,1
J1901+0254,1.29969345,4.6e-16,7.824e+11,4.477e+07,8.272e+30,normal,1
J1901+0300,0.00779677626,4.571e-20,6.041e+08,2.703e+09,3.807e+33,msp,1
J1901-0312,0.3557251866,2.292e-15,9.137e+11,2.459e+06,2.01e+33,normal,1
J1901-0315,0.8016930969,2.57e-15,1.453e+12,4.943e+06,1.969e+32,normal,1
J1901+0320,0.6365844782,5.2e-16,5.822e+11,1.94e+07,7.958e+31,normal,1
J1901+0331,0.6554502395,7.4593e-15,2.238e+12,1.392e+06,1.046e+33,normal,1
J1901+0355,0.5547564648,1.2741e-14,2.69e+12,6.899e+05,2.946e+33,normal,1
J1901+0413,2.663079683,1.316e-13,1.894e+13,3.206e+05,2.751e+32,magnetar,1
J1901+0435,0.6905763581,8.67e-15,2.476e+12,1.262e+06,1.039e+33,normal,1
J1901+0510,0.6147566941,3.11e-14,4.425e+12,3.132e+05,5.285e+33,normal,1
J1901+0621,0.8320019489,1.8e-17,1.238e+11,7.324e+08,1.234e+30,normal,0
J1901+0716,0.6439986635,2.2872e-15,1.228e+12,4.461e+06,3.381e+32,normal,1
J1901-0906,1.781927762,1.63829e-15,1.729e+12,1.723e+07,1.143e+31,normal,1
J1901+1306,1.830857453,1.31e-16,4.956e+11,2.214e+08,8.427e+29,normal,0
J1901-1740,1.95685759,8.23e-16,1.284e+12,3.767e+07,4.336e+30,normal,1
J1902+0248,1.223777454,2.41e-15,1.738e+12,8.046e+06,5.191e+31,normal,1
J1902-0340,1.524672106,2e-15,1.767e+12,1.208e+07,2.228e+31,normal,1
J1902+0556,0.7465773564,1.28752e-14,3.137e+12,9.187e+05,1.221e+33,normal,1
J1902+0615,0.6735033169,7.7127e-15,2.306e+12,1.384e+06,9.967e+32,normal,1
J1902+0723,0.4878126283,2.1e-16,3.239e+11,3.681e+07,7.142e+31,normal,1
J1902-5105,0.00174239995,9.1993e-21,1.281e+08,3.001e+09,6.865e+34,msp,1
J1903+0135,0.7293038623,4.03305e-15,1.735e+12,2.865e+06,4.105e+32,normal,1
J1903-0258,0.3014587741,6.791e-16,4.579e+11,7.033e+06,9.786e+32,normal,1
J1903+0327,0.002149912364,1.88208e-20,2.036e+08,1.81e+09,7.477e+34,msp,1
J1903+0601,0.3741170283,1.92039e-14,2.712e+12,3.087e+05,1.448e+34,normal,1
J1903-0632,0.4318870847,3.4014e-15,1.226e+12,2.012e+06,1.667e+33,normal,1
J1903-0848,0.8873246406,1.33e-15,1.099e+12,1.057e+07,7.516e+31,normal,1
J1903+0925,0.3571548203,3.6899e-14,3.674e+12,1.534e+05,3.197e+34,normal,1
J1903+2225,0.6511853842,4.45e-16,5.447e+11,2.319e+07,6.362e+31,normal,1
J1903-7051,0.003597898019,1.043e-20,1.96e+08,5.466e+09,8.841e+33,msp,1
J1904+0004,0.1395246286,1.18058e-16,1.299e+11,1.873e+07,1.716e+33,normal,1
J1904-0150,0.379387162,8.898e-16,5.879e+11,6.756e+06,6.433e+32,normal,1
J1904+0412,0.07109489738,1.1e-19,2.83e+09,1.024e+10,1.208e+31,normal,1
J1904+0451,0.00609236793,5.7e-21,1.886e+08,1.694e+10,9.951e+32,msp,1
J1904+0738,0.2089583321,4.10898e-16,2.965e+11,8.058e+06,1.778e+33,normal,1
J1904+0800,0.2633447259,1.7317e-14,2.161e+12,2.41e+05,3.743e+34,normal,1
J1904+1011,1.856569716,2.76e-16,7.244e+11,1.066e+08,1.703e+30,normal,1
J1904-1224,0.7508081224,7.4236e-16,7.555e+11,1.602e+07,6.924e+31,normal,1
J1905-0056,0.6431812596,3.05164e-15,1.418e+12,3.339e+06,4.528e+32,normal,1
J1905+0400,0.003784404788,4.9052e-21,1.379e+08,1.222e+10,3.573e+33,msp,1
J1905+0600,0.441209732,1.1123e-15,7.089e+11,6.285e+06,5.113e+32,normal,1
J1905+0616,0.9897060232,1.35232e-13,1.171e+13,1.16e+05,5.507e+33,magnetar,1
J1905+0709,0.6480400543,4.9416e-15,1.811e+12,2.078e+06,7.168e+32,normal,1
J1905+0902,0.2182529127,3.49853e-15,8.842e+11,9.884e+05,1.329e+34,normal,1
J1906+0414,1.043361629,1.1461e-14,3.499e+12,1.442e+06,3.984e+32,normal,1
J1906+0641,0.2672750083,2.1356e-15,7.645e+11,1.983e+06,4.416e+33,normal,1
J1906+0649,1.28656438,1.52e-16,4.475e+11,1.341e+08,2.818e+30,normal,1
J1906+0722,0.1115241365,3.5879e-14,2.024e+12,4.925e+04,1.021e+36,normal,1
J1906+0746,0.1440731554,2.02678e-14,1.729e+12,1.126e+05,2.676e+35,normal,1
J1906+0912,0.7753445899,1.32e-16,3.237e+11,9.307e+07,1.118e+31,normal,1
J1906+1854,1.019092771,2.054e-16,4.63e+11,7.861e+07,7.662e+30,normal,1
J1907+0249,0.3518794398,1.135e-15,6.395e+11,4.912e+06,1.028e+33,normal,1
J1907+0345,0.2401532632,8.222e-15,1.422e+12,4.628e+05,2.344e+34,normal,1
J1907+0534,1.138402713,3.15e-15,1.916e+12,5.726e+06,8.429e+31,normal,1
J1907+0602,0.1066327463,8.68208e-14,3.079e+12,1.946e+04,2.827e+36,normal,1
J1907+0731,0.36367633,1.8416e-14,2.619e+12,3.129e+05,1.512e+34,normal,1
J1907+0740,0.574697952,6.71e-16,6.284e+11,1.357e+07,1.396e+32,normal,1
J1907+0918,0.22610711,9.42955e-14,4.673e+12,3.799e+04,3.22e+35,normal,1
J1907+0919,5.198346,9.2e-11,6.998e+14,895.3,2.586e+34,magnetar,1
J1907+1149,1.420160341,1.5979e-13,1.524e+13,1.408e+05,2.202e+33,magnetar,1
J1907+1247,0.8270973706,1.948e-15,1.284e+12,6.727e+06,1.359e+32,normal,1
J1907-1532,0.6322353289,3.084e-15,1.413e+12,3.248e+06,4.818e+32,normal,1
J1907+4002,1.235757453,5.40707e-16,8.272e+11,3.621e+07,1.131e+31,normal,1
J1908+0457,0.8467928462,9.8e-16,9.218e+11,1.369e+07,6.372e+31,normal,1
J1908+0500,0.2910207868,2.5856e-15,8.778e+11,1.783e+06,4.141e+33,normal,1
J1908+0734,0.2123526733,8.2459e-16,4.234e+11,4.08e+06,3.4e+33,normal,1
J1908+0839,0.1853972439,2.3865e-15,6.731e+11,1.231e+06,1.478e+34,normal,1
J1908+0909,0.3365546518,3.48712e-14,3.467e+12,1.529e+05,3.611e+34,normal,1
J1908+0916,0.8302698847,9.8e-17,2.887e+11,1.342e+08,6.76e+30,normal,1
J1908+2351,0.377578026,1.7e-17,8.107e+10,3.519e+08,1.247e+31,normal,1
J1909+0007,1.016948362,5.51856e-15,2.397e+12,2.92e+06,2.072e+32,normal,1
J1909+0254,0.9898312072,5.52533e-15,2.367e+12,2.838e+06,2.249e+32,normal,1
J1909+0616,0.7559927609,2.058e-14,3.991e+12,5.82e+05,1.88e+33,normal,1
J1909+0641,0.7417619525,3.2239e-15,1.565e+12,3.646e+06,3.119e+32,normal,1
J1909+0749,0.2371612932,1.5192e-13,6.074e+12,2.473e+04,4.496e+35,normal,1
J1909+0912,0.2229492733,3.5805e-14,2.859e+12,9.866e+04,1.276e+35,normal,1
J1909+1102,0.2836413311,2.63972e-15,8.756e+11,1.702e+06,4.567e+33,normal,1
J1909+1450,0.9961077952,2.19e-16,4.726e+11,7.207e+07,8.748e+30,normal,1
J1909+1859,0.542451096,9.7e-17,2.321e+11,8.861e+07,2.399e+31,normal,1
J1909-3744,0.002947108069,1.40254e-20,2.057e+08,3.329e+09,2.163e+34,msp,1
J1910-0112,1.360602928,1.8e-16,5.008e+11,1.198e+08,2.821e+30,normal,1
J1910+0225,0.3378548453,2.623e-16,3.012e+11,2.041e+07,2.685e+32,normal,1
J1910-0309,0.5046046078,2.18734e-15,1.063e+12,3.655e+06,6.721e+32,normal,1
J1910+0358,2.330262821,4.4711e-15,3.266e+12,8.258e+06,1.395e+31,normal,1
J1910+0534,0.4528673539,1.92e-15,9.436e+11,3.737e+06,8.161e+32,normal,1
J1910+0714,2.712422838,6.122e-15,4.124e+12,7.02e+06,1.211e+31,normal,1
J1910+0728,0.325415322,8.3062e-15,1.664e+12,6.207e+05,9.516e+33,normal,1
J1910+1231,1.441741593,8.22973e-15,3.486e+12,2.776e+06,1.084e+32,normal,1
J1910+1256,0.004983583941,9.686e-21,2.223e+08,8.152e+09,3.089e+33,msp,1
J1910-5959A,0.003266186571,2.94703e-21,9.928e+07,1.756e+10,3.339e+33,msp,1
J1910-5959C,0.005277326932,2.16e-21,1.08e+08,3.871e+10,5.802e+32,msp,1
J1910-5959D,0.009035285248,9.6431e-19,2.987e+09,1.485e+08,5.161e+34,msp,1
J1911-1114,0.003625745571,1.416e-20,2.293e+08,4.057e+09,1.173e+34,msp,1
J1911+1347,0.004625962465,1.712e-20,2.848e+08,4.281e+09,6.827e+33,msp,1
J1911+1758,0.4604058188,1.31e-17,7.859e+10,5.569e+08,5.299e+30,normal,1
J1912+1036,0.4093494859,1.5762e-14,2.57e+12,4.115e+05,9.072e+33,normal,1
J1912+2104,2.232969028,1.01775e-14,4.824e+12,3.476e+06,3.609e+31,normal,1
J1912+2525,0.6219762451,2.25e-16,3.786e+11,4.38e+07,3.692e+31,normal,1
J1913-0440,0.8259358031,4.06801e-15,1.855e+12,3.217e+06,2.85e+32,normal,1
J1913+0446,1.616129872,2.78904e-13,2.148e+13,9.181e+04,2.608e+33,magnetar,1
J1913+0832,0.1344090036,4.5696e-15,7.931e+11,4.66e+05,7.429e+34,normal,1
J1913+0904,0.1632457858,1.76167e-14,1.716e+12,1.468e+05,1.599e+35,normal,1
J1913+0936,1.241964599,4.32e-16,7.412e+11,4.555e+07,8.903e+30,normal,1
J1913+1000,0.8371481965,1.6737e-14,3.788e+12,7.925e+05,1.126e+33,normal,1
J1913+1011,0.0359086128,3.36768e-15,3.519e+11,1.689e+05,2.871e+36,normal,1
J1913+1145,0.306068645,5.016e-15,1.254e+12,9.668e+05,6.907e+33,normal,1
J1913+1330,0.9233905586,8.6799e-15,2.865e+12,1.686e+06,4.352e+32,normal,1
J1913+1400,0.5214727141,8.03532e-16,6.55e+11,1.028e+07,2.237e+32,normal,1
J1913+3732,0.8510789489,1.3792e-15,1.096e+12,9.777e+06,8.832e+31,normal,1
J1914+0219,0.4575265735,1.0181e-15,6.906e+11,7.12e+06,4.197e+32,normal,1
J1914+0631,0.6938112057,3.3e-17,1.531e+11,3.331e+08,3.901e+30,normal,1
J1914+1122,0.6009974963,6.555e-16,6.351e+11,1.453e+07,1.192e+32,normal,1
J1915+0227,0.3173062332,2.9898e-16,3.117e+11,1.682e+07,3.695e+32,normal,1
J1915+0738,1.542704449,3.306e-15,2.285e+12,7.394e+06,3.555e+31,normal,1
J1915+0752,2.058313789,1.39e-16,5.413e+11,2.346e+08,6.293e+29,normal,0
J1915+0838,0.3427767965,1.571e-15,7.426e+11,3.457e+06,1.54e+33,normal,1
J1915+1009,0.4045474745,1.52561e-14,2.514e+12,4.201e+05,9.097e+33,normal,1
J1915+1410,0.2974941217,4.89e-17,1.221e+11,9.639e+07,7.332e+31,normal,1
J1915+1606,0.05903000322,8.628e-18,2.284e+10,1.084e+08,1.656e+33,normal,1
J1915+1647,1.616231495,4.055e-16,8.192e+11,6.315e+07,3.792e+30,normal,1
J1916+0748,0.5417521138,1.0708e-14,2.437e+12,8.016e+05,2.659e+33,normal,1
J1916+0844,0.4399952721,2.9009e-15,1.143e+12,2.403e+06,1.344e+33,normal,1
J1916+0852,2.182745989,1.31e-14,5.411e+12,2.64e+06,4.973e+31,normal,1
J1916+0951,0.2702544396,2.51846e-15,8.348e+11,1.7e+06,5.037e+33,normal,1
J1916+1023,1.618338921,6.8e-16,1.062e+12,3.771e+07,6.334e+30,normal,1
J1916+1030,0.6289697213,3.4e-17,1.48e+11,2.931e+08,5.394e+30,normal,1
J1916+1225,0.2273874888,2.34516e-14,2.337e+12,1.536e+05,7.875e+34,normal,1
J1916+1312,0.2818424074,3.6491e-15,1.026e+12,1.224e+06,6.435e+33,normal,1
J1917+0834,2.129665364,1.74935e-14,6.177e+12,1.929e+06,7.15e+31,normal,1
J1917+1353,0.1946309828,7.19782e-15,1.198e+12,4.284e+05,3.854e+34,normal,1
J1917+1737,0.3347252268,3.24e-16,3.332e+11,1.637e+07,3.411e+32,normal,1
J1917+2224,0.4258972542,2.86494e-15,1.118e+12,2.355e+06,1.464e+33,normal,1
J1918-0642,0.007645872884,2.56944e-20,4.485e+08,4.715e+09,2.269e+33,msp,1
J1918-1052,0.7986925424,8.653e-16,8.412e+11,1.462e+07,6.705e+31,normal,1
J1918+1444,1.181023297,2.12364e-13,1.603e+13,8.812e+04,5.089e+33,magnetar,1
J1918+1541,0.3708829988,2.543e-15,9.827e+11,2.311e+06,1.968e+33,normal,1
J1919+0021,1.272260375,7.66978e-15,3.161e+12,2.628e+06,1.47e+32,normal,1
J1919+0134,1.603983555,5.89e-16,9.836e+11,4.315e+07,5.635e+30,normal,1
J1919+1314,0.5713998606,3.78771e-15,1.489e+12,2.39e+06,8.015e+32,normal,1
J1919+1645,0.5627899867,2.161e-16,3.529e+11,4.126e+07,4.786e+31,normal,1
J1919+1745,2.08134346,1.705e-15,1.906e+12,1.934e+07,7.465e+30,normal,1
J1920+1040,2.215801739,6.48e-15,3.834e+12,5.418e+06,2.351e+31,normal,1
J1920+1110,0.5098858204,1.56e-16,2.854e+11,5.179e+07,4.646e+31,normal,1
J1920+2650,0.7855218495,3.436e-17,1.662e+11,3.622e+08,2.799e+30,normal,1
J1921+0812,0.2106484121,5.3633e-15,1.076e+12,6.223e+05,2.265e+34,normal,1
J1921+1419,0.6181825908,5.60066e-15,1.883e+12,1.749e+06,9.359e+32,normal,1
J1921+1544,0.1435756814,9.8036e-16,3.796e+11,2.32e+06,1.308e+34,normal,1
J1921+1948,0.8210350806,8.9551e-16,8.677e+11,1.453e+07,6.388e+31,normal,1
J1921+2003,0.760681389,5e-17,1.973e+11,2.411e+08,4.485e+30,normal,1
J1921+2153,1.33730216,1.34821e-15,1.359e+12,1.572e+07,2.226e+31,normal,1
J1922+1733,0.2361708772,1.33839e-14,1.799e+12,2.796e+05,4.011e+34,normal,1
J1922+2018,1.172763402,6.4875e-16,8.827e+11,2.864e+07,1.588e+31,normal,1
J1922+2110,1.077924343,8.1803e-15,3.005e+12,2.088e+06,2.578e+32,normal,1
J1923+1706,0.5472092018,4.3e-17,1.552e+11,2.016e+08,1.036e+31,normal,1
J1923+2515,0.00378815552,9.42e-21,1.912e+08,6.372e+09,6.841e+33,msp,1
J1924+1631,2.935186459,3.64212e-13,3.309e+13,1.277e+05,5.686e+32,magnetar,1
J1924+1639,0.1580429178,2.56384e-15,6.441e+11,9.767e+05,2.564e+34,normal,1
J1924+2040,0.237790138,2.09e-15,7.134e+11,1.803e+06,6.137e+33,normal,1
J1926+0431,1.074078174,2.45892e-15,1.645e+12,6.921e+06,7.834e+31,normal,1
J1926+0737,0.318062051,3.75e-16,3.495e+11,1.344e+07,4.601e+32,normal,1
J1926-1314,4.8642838,3.644e-14,1.347e+13,2.115e+06,1.25e+31,magnetar,1
J1926+1434,1.324921971,2.1948e-16,5.457e+11,9.565e+07,3.725e+30,normal,1
J1926+1648,0.579822815,1.79944e-14,3.269e+12,5.105e+05,3.644e+33,normal,1
J1926+1928,1.346012185,1.43e-15,1.404e+12,1.491e+07,2.315e+31,normal,1
J1926+2016,0.2990717783,3.50084e-15,1.035e+12,1.354e+06,5.167e+33,normal,1
J1927+0911,0.2903052562,6.35e-17,1.374e+11,7.244e+07,1.025e+32,normal,1
J1927+1852,0.4827662738,1.16e-16,2.395e+11,6.594e+07,4.07e+31,normal,1
J1927+1856,0.2983134972,2.243e-15,8.278e+11,2.107e+06,3.336e+33,normal,1
J1927+2234,1.431066414,7.71e-16,1.063e+12,2.941e+07,1.039e+31,normal,1
J1928+1746,0.06873040583,1.31907e-14,9.635e+11,8.256e+04,1.604e+36,normal,1
J1928+1923,0.8173298083,6.3495e-15,2.305e+12,2.04e+06,4.591e+32,normal,1
J1929+1844,1.220470005,2.36e-15,1.717e+12,8.194e+06,5.125e+31,normal,1
J1929+1955,0.2578319399,2.5553e-15,8.214e+11,1.599e+06,5.886e+33,normal,1
J1929+2121,0.7235985033,2.1386e-15,1.259e+12,5.361e+06,2.228e+32,normal,1
J1930+1316,0.7600319683,3.661e-15,1.688e+12,3.289e+06,3.292e+32,normal,1
J1930-1852,0.1855201605,1.8001e-17,5.848e+10,1.633e+08,1.113e+32,normal,1
J1930+1852,0.136855047,7.5057e-13,1.026e+13,2889,1.156e+37,magnetar,1
J1931+1536,0.3143553965,5.0148e-15,1.271e+12,9.932e+05,6.373e+33,normal,1
J1931+1952,0.5011231127,1.008e-16,2.274e+11,7.877e+07,3.162e+31,normal,1
J1932+1059,0.226517635,1.15743e-15,5.181e+11,3.101e+06,3.931e+33,normal,1
J1932+1916,0.2082149039,9.31735e-14,4.457e+12,3.541e+04,4.075e+35,normal,1
J1932+2020,0.268217403,4.21706e-15,1.076e+12,1.008e+06,8.628e+33,normal,1
J1932+2220,0.1444697651,5.75717e-14,2.918e+12,3.976e+04,7.538e+35,normal,1
J1932-3655,0.5714203197,2.84e-16,4.076e+11,3.188e+07,6.009e+31,normal,1
J1933+0758,0.4374544072,2.183e-16,3.127e+11,3.175e+07,1.029e+32,normal,1
J1933+1304,0.9283237514,3.182e-16,5.5e+11,4.622e+07,1.57e+31,normal,1
J1933+2421,0.8136903028,8.1098e-15,2.599e+12,1.59e+06,5.943e+32,normal,1
J1933-6211,0.003543431439,3.7e-21,1.159e+08,1.517e+10,3.283e+33,msp,1
J1934+2352,0.1784315237,1.30699e-13,4.887e+12,2.163e+04,9.083e+35,normal,1
J1935+1616,0.3587384108,6.00252e-15,1.485e+12,9.469e+05,5.133e+33,normal,1
J1935+1745,0.6544081466,3.78e-16,5.033e+11,2.743e+07,5.325e+31,normal,1
J1935+2025,0.08011813346,6.07579e-14,2.233e+12,2.089e+04,4.664e+36,normal,1
J1936+1536,0.9673383695,4.039e-15,2e+12,3.795e+06,1.762e+32,normal,1
J1937+1505,2.872773651,5.6e-15,4.059e+12,8.128e+06,9.325e+30,normal,1
J1937+2544,0.2009802024,6.42917e-16,3.638e+11,4.953e+06,3.126e+33,normal,1
J1937+2950,1.657428783,3.4811e-15,2.431e+12,7.544e+06,3.018e+31,normal,1
J1938+0650,1.121561892,5.68e-15,2.554e+12,3.129e+06,1.589e+32,normal,1
J1938+2010,0.6870818566,3.399e-15,1.546e+12,3.203e+06,4.137e+32,normal,1
J1938+2213,0.1661155732,4.24423e-14,2.687e+12,6.201e+04,3.655e+35,normal,1
J1939+2134,0.001557806557,1.05105e-19,4.095e+08,2.348e+08,1.098e+36,msp,1
J1939+2449,0.6453024694,1.8271e-14,3.475e+12,5.596e+05,2.684e+33,normal,1
J1940+2337,0.546824158,7.67965e-14,6.558e+12,1.128e+05,1.854e+34,normal,1
J1941+0121,0.2173174518,1.913e-16,2.063e+11,1.8e+07,7.359e+32,normal,1
J1941+1026,0.9053938883,9.962e-16,9.61e+11,1.44e+07,5.299e+31,normal,1
J1941+1341,0.5590840992,1.2387e-15,8.421e+11,7.151e+06,2.798e+32,normal,1
J1941+2525,2.306152697,1.60835e-13,1.949e+13,2.272e+05,5.177e+32,magnetar,1
J1941-2602,0.4028579089,9.56149e-16,6.28e+11,6.676e+06,5.773e+32,normal,1
J1942+1743,0.6962622148,1.01e-16,2.683e+11,1.092e+08,1.181e+31,normal,1
J1943+0609,0.4462262817,4.659e-16,4.614e+11,1.518e+07,2.07e+32,normal,1
J1943-1237,0.9724288509,1.65569e-15,1.284e+12,9.306e+06,7.108e+31,normal,1
J1943+2210,0.00508417369,8.8e-21,2.14e+08,9.154e+09,2.644e+33,msp,1
J1944+0907,0.005185201904,1.713e-20,3.016e+08,4.796e+09,4.851e+33,msp,1
J1944-1750,0.8411577743,9.8619e-16,9.217e+11,1.351e+07,6.542e+31,normal,1
J1944+1755,1.996899013,7.3e-16,1.222e+12,4.334e+07,3.619e+30,normal,1
J1944+2236,0.003617993078,7.5e-21,1.667e+08,7.643e+09,6.252e+33,msp,1
J1945-0040,1.045632445,5.3466e-16,7.566e+11,3.099e+07,1.846e+31,normal,1
J1945+1834,1.068707691,2.42e-16,5.146e+11,6.997e+07,7.827e+30,normal,1
J1946-1312,0.4918654895,1.9866e-15,1e+12,3.923e+06,6.591e+32,normal,1
J1946+1805,0.4406184769,2.4092e-17,1.043e+11,2.898e+08,1.112e+31,normal,1
J1946+2244,1.334449858,8.89e-16,1.102e+12,2.378e+07,1.477e+31,normal,1
J1946+2535,0.5151670513,5.641e-15,1.725e+12,1.447e+06,1.629e+33,normal,1
J1946+2611,0.4350602546,2.197e-14,3.129e+12,3.138e+05,1.053e+34,normal,1
J1946-2913,0.9594479315,1.48834e-15,1.209e+12,1.021e+07,6.653e+31,normal,1
J1946+3417,0.003170139228,3.7e-21,1.096e+08,1.358e+10,4.585e+33,msp,1
J1947+0915,1.480743824,4.78e-16,8.513e+11,4.908e+07,5.812e+30,normal,1
J1947+1957,0.1575085425,5.226e-16,2.903e+11,4.775e+06,5.28e+33,normal,1
J1948+2551,0.1966268136,9.02244e-15,1.348e+12,3.453e+05,4.685e+34,normal,1
J1948+3540,0.7173111741,7.0612e-15,2.277e+12,1.61e+06,7.553e+32,normal,1
J1949+2306,1.319373385,1.231e-16,4.078e+11,1.698e+08,2.116e+30,normal,1
J1949-2524,0.9576166303,3.27056e-15,1.791e+12,4.639e+06,1.47e+32,normal,1
J1949+3106,0.01313818334,9.3913e-20,1.124e+09,2.217e+09,1.635e+33,msp,1
J1950+2414,0.00430477555,1.89e-20,2.886e+08,3.609e+09,9.353e+33,msp,1
J1951+1123,5.094083027,3.031e-15,3.976e+12,2.663e+07,9.052e+29,normal,0
J1952+1410,0.2750256825,1.2815e-16,1.9e+11,3.4e+07,2.432e+32,normal,1
J1952+2630,0.02073236056,4.2721e-18,9.523e+09,7.689e+07,1.893e+34,msp,1
J1952+3252,0.03953119285,5.8448e-15,4.864e+11,1.072e+05,3.735e+36,normal,1
J1953+1149,0.8518902768,2.865e-15,1.581e+12,4.711e+06,1.83e+32,normal,1
J1953+2732,1.333964994,1.773e-15,1.556e+12,1.192e+07,2.949e+31,normal,1
J1954+2836,0.0927090547,2.1163e-14,1.417e+12,6.941e+04,1.049e+36,normal,1
J1954+2923,0.4266767865,1.711e-18,2.734e+10,3.951e+09,8.696e+29,normal,0
J1955+2527,0.004872765863,9.12e-21,2.133e+08,8.466e+09,3.112e+33,msp,1
J1955+2908,0.00613316651,2.972e-20,4.32e+08,3.27e+09,5.086e+33,msp,1
J1955+5059,0.5189379874,1.37237e-15,8.54e+11,5.991e+06,3.877e+32,normal,1
J1956+0838,0.3039109243,2.199e-16,2.616e+11,2.19e+07,3.093e+32,normal,1
J1957+2831,0.3076828652,3.10989e-15,9.899e+11,1.568e+06,4.215e+33,normal,1
J1957+5033,0.3748062242,7.08e-15,1.648e+12,8.388e+05,5.309e+33,normal,1
J1958+2846,0.2903892447,2.12038e-13,7.94e+12,2.17e+04,3.418e+35,normal,1
J1959+2048,0.001607401685,1.68515e-20,1.665e+08,1.511e+09,1.602e+35,msp,1
J1959+3620,0.406081181,3.6e-17,1.224e+11,1.787e+08,2.122e+31,normal,1
J2002+1637,0.2764974836,2.25e-16,2.524e+11,1.947e+07,4.202e+32,normal,1
J2002+3217,0.6967605102,1.05139e-13,8.661e+12,1.05e+05,1.227e+34,normal,1
J2002+4050,0.9050668203,1.73878e-15,1.269e+12,8.247e+06,9.259e+31,normal,1
J2004+3137,2.111264734,7.45504e-14,1.27e+13,4.487e+05,3.127e+32,magnetar,1
J2004+3429,0.2409526419,2.06825e-13,7.144e+12,1.846e+04,5.837e+35,normal,1
J2005-0020,2.279661059,2.56626e-14,7.74e+12,1.407e+06,8.552e+31,normal,1
J2005+3547,0.6150338949,2.808e-16,4.205e+11,3.47e+07,4.765e+31,normal,1
J2005+3552,0.3079429046,2.99e-15,9.71e+11,1.632e+06,4.042e+33,normal,1
J2006-0807,0.580871337,4.601e-17,1.654e+11,2e+08,9.268e+30,normal,1
J2006+3102,0.1636952365,2.4872e-14,2.042e+12,1.043e+05,2.239e+35,normal,1
J2007+0809,0.325724366,1.37e-16,2.138e+11,3.767e+07,1.565e+32,normal,1
J2007+0910,0.4587348258,3.3244e-16,3.952e+11,2.186e+07,1.36e+32,normal,1
J2007+2722,0.02449738855,9.611e-19,4.91e+09,4.039e+08,2.581e+33,msp,1
J2007+3120,0.6082053146,1.5604e-14,3.117e+12,6.176e+05,2.738e+33,normal,1
J2008+2513,0.5891955033,5.395e-15,1.804e+12,1.73e+06,1.041e+33,normal,1
J2009+3326,1.438368602,1.468e-15,1.47e+12,1.552e+07,1.947e+31,normal,1
J2010-1323,0.005223271015,4.82e-21,1.606e+08,1.717e+10,1.335e+33,msp,1
J2010+2845,0.5653693452,9.072e-17,2.292e+11,9.874e+07,1.982e+31,normal,1
J2010+3230,1.442447521,3.616e-15,2.311e+12,6.32e+06,4.757e+31,normal,1
J2011+3331,0.9317330935,1.7857e-15,1.305e+12,8.267e+06,8.716e+31,normal,1
J2012-2029,0.5440018706,5.475e-16,5.523e+11,1.574e+07,1.343e+32,normal,1
J2013-0649,0.580187269,6.007e-16,5.974e+11,1.53e+07,1.214e+32,normal,1
J2013+3058,0.2760276934,1.5194e-16,2.072e+11,2.878e+07,2.852e+32,normal,1
J2013+3845,0.2301936139,8.85104e-15,1.444e+12,4.121e+05,2.865e+34,normal,1
J2015+2524,2.303299082,5.1e-16,1.097e+12,7.156e+07,1.648e+30,normal,1
J2016+1948,0.06494038824,4.0063e-19,5.162e+09,2.568e+09,5.775e+31,normal,1
J2017+0603,0.002896215816,8.3e-21,1.569e+08,5.529e+09,1.349e+34,msp,1
J2017+2043,0.537143086,9.9555e-16,7.4e+11,8.549e+06,2.536e+32,normal,1
J2018+2839,0.5579534804,1.48106e-16,2.909e+11,5.969e+07,3.366e+31,normal,1
J2018+3431,0.3876640866,1.83649e-15,8.538e+11,3.345e+06,1.244e+33,normal,1
J2019+2425,0.00393452408,7.0237e-21,1.682e+08,8.876e+09,4.552e+33,msp,1
J2021+3651,0.1037409521,9.57209e-14,3.189e+12,1.717e+04,3.385e+36,normal,1
J2021+4026,0.2653176609,5.4682e-14,3.854e+12,7.688e+04,1.156e+35,normal,1
J2022+2854,0.3434021578,1.8942e-15,8.161e+11,2.872e+06,1.847e+33,normal,1
J2022+3842,0.04857877964,8.61e-14,2.07e+12,8940,2.965e+37,normal,1
J2022+5154,0.5291969178,3.06337e-15,1.288e+12,2.737e+06,8.16e+32,normal,1
J2023+5037,0.3726190545,2.51205e-15,9.79e+11,2.35e+06,1.917e+33,normal,1
J2027+2146,0.3981730217,2.028e-16,2.876e+11,3.111e+07,1.268e+32,normal,1
J2027+4557,1.099651368,3.094e-16,5.903e+11,5.631e+07,9.186e+30,normal,1
J2028+3332,0.1767074151,4.85753e-15,9.375e+11,5.764e+05,3.475e+34,normal,1
J2029+3744,1.216804658,1.23196e-14,3.918e+12,1.565e+06,2.7e+32,normal,1
J2030+2228,0.6305126467,8.8535e-16,7.561e+11,1.128e+07,1.394e+32,normal,1
J2030+3641,0.2001285882,6.5001e-15,1.154e+12,4.878e+05,3.201e+34,normal,1
J2030+4415,0.2270701774,6.4843e-15,1.228e+12,5.548e+05,2.186e+34,normal,1
J2032+4127,0.1432499,1.25e-14,1.354e+12,1.816e+05,1.679e+35,normal,1
J2033+0042,5.013398001,1.013e-14,7.211e+12,7.841e+06,3.174e+30,normal,1
J2033+1734,0.005948957535,1.1112e-20,2.602e+08,8.483e+09,2.084e+33,msp,1
J2033-1938,1.281719024,4.55e-16,7.728e+11,4.463e+07,8.531e+30,normal,1
J2036+2835,1.358726763,2.09e-15,1.705e+12,1.03e+07,3.289e+31,normal,1
J2037+1942,2.074377078,2.04e-15,2.082e+12,1.611e+07,9.022e+30,normal,1
J2037+3621,0.6187150842,4.5024e-15,1.689e+12,2.177e+06,7.505e+32,normal,1
J2038-3816,1.57728615,4.134e-15,2.584e+12,6.045e+06,4.159e+31,normal,1
J2038+5319,1.424568215,9.4418e-16,1.174e+12,2.391e+07,1.289e+31,normal,1
J2040+1657,0.865606225,5.949e-16,7.262e+11,2.305e+07,3.621e+31,normal,1
J2043+1711,0.00237987896,5.24e-21,1.13e+08,7.196e+09,1.535e+34,msp,1
J2043+2740,0.09613056295,1.27e-15,3.536e+11,1.199e+06,5.644e+34,normal,1
J2044+4614,1.392715464,6.3e-16,9.479e+11,3.503e+07,9.207e+30,normal,1
J2045+0912,0.3955551117,1.952e-16,2.812e+11,3.211e+07,1.245e+32,normal,1
J2046-0421,1.546938117,1.47148e-15,1.527e+12,1.666e+07,1.569e+31,normal,1
J2046+1540,1.138285683,1.82318e-16,4.61e+11,9.892e+07,4.88e+30,normal,1
J2046+5708,0.4767348421,1.11216e-14,2.33e+12,6.792e+05,4.052e+33,normal,1
J2047+5029,0.4459445574,4.17572e-15,1.381e+12,1.692e+06,1.859e+33,normal,1
J2048-1616,1.961572304,1.09582e-14,4.692e+12,2.836e+06,5.732e+31,normal,1
J2048+2255,0.2839009642,1.516e-17,6.639e+10,2.967e+08,2.616e+31,normal,1
J2051-0827,0.004508641745,1.2737e-20,2.425e+08,5.609e+09,5.486e+33,msp,1
J2053-7200,0.3413362314,1.957e-16,2.615e+11,2.764e+07,1.943e+32,normal,1
J2055+2209,0.8151811028,1.34014e-15,1.058e+12,9.638e+06,9.767e+31,normal,1
J2055+2539,0.3195611745,4.08e-15,1.155e+12,1.241e+06,4.936e+33,normal,1
J2055+3630,0.2215076383,3.69127e-16,2.894e+11,9.508e+06,1.341e+33,normal,1
J2105+6223,2.304878838,5.219e-15,3.51e+12,6.997e+06,1.683e+31,normal,1
J2108-3429,1.423101838,3.503e-15,2.259e+12,6.437e+06,4.798e+31,normal,1
J2108+4441,0.4148705369,8.621e-17,1.914e+11,7.625e+07,4.766e+31,normal,1
J2111+2106,3.95385296,3.24e-15,3.622e+12,1.934e+07,2.069e+30,normal,1
J2111+4606,0.1578299247,1.43039e-13,4.808e+12,1.748e+04,1.436e+36,normal,1
J2113+2754,1.202851754,2.62296e-15,1.797e+12,7.266e+06,5.95e+31,normal,1
J2113+4644,1.014684793,7.14612e-16,8.617e+11,2.25e+07,2.7e+31,normal,1
J2116+1414,0.4401530669,2.89263e-16,3.611e+11,2.411e+07,1.339e+32,normal,1
J2124+1407,0.6940534791,7.6801e-16,7.388e+11,1.432e+07,9.069e+31,normal,1
J2124-3358,0.004931114943,2.05705e-20,3.223e+08,3.798e+09,6.773e+33,msp,1
J2127-6648,0.3257712874,2.26e-16,2.746e+11,2.284e+07,2.581e+32,normal,1
J2129+1210B,0.05613303552,9.5406e-18,2.342e+10,9.322e+07,2.13e+33,normal,1
J2129+1210C,0.03052929615,4.98789e-18,1.249e+10,9.698e+07,6.92e+33,normal,1
J2129+1210E,0.004651435215,1.78e-19,9.208e+08,4.14e+08,6.983e+34,msp,1
J2129+1210F,0.004027042707,3.2e-20,3.633e+08,1.994e+09,1.934e+34,msp,1
J2129+1210G,0.03766016695,2e-18,8.782e+09,2.984e+08,1.478e+33,normal,1
J2129+1210H,0.00674339424,2.4e-20,4.071e+08,4.452e+09,3.09e+33,msp,1
J2129-5721,0.003726348484,2.08533e-20,2.821e+08,2.831e+09,1.591e+34,msp,1
J2136-1606,1.2272354,1.6e-17,1.418e+11,1.215e+09,3.417e+29,normal,0
J2139+2242,1.083513514,1.421e-15,1.256e+12,1.208e+07,4.41e+31,normal,1
J2139+4716,0.2828493454,1.7857e-15,7.192e+11,2.51e+06,3.115e+33,normal,1
J2143+0654,9.42822888,4.1e-14,1.99e+13,3.644e+06,1.931e+30,magnetar,1
J2144-3933,8.509827491,4.96e-16,2.079e+12,2.718e+08,3.177e+28,normal,0
J2145-0750,0.01605242392,2.97876e-20,6.997e+08,8.538e+09,2.843e+32,msp,1
J2149+6329,0.3801403447,1.681e-16,2.558e+11,3.583e+07,1.208e+32,normal,1
J2150+5247,0.3322056715,1.0106e-14,1.854e+12,5.208e+05,1.088e+34,normal,1
J2151+2315,0.593533613,7.08e-16,6.56e+11,1.328e+07,1.337e+32,normal,1
J2155+2813,1.609019996,9.164e-16,1.229e+12,2.782e+07,8.685e+30,normal,1
J2155-3118,1.030002112,1.24089e-15,1.144e+12,1.315e+07,4.483e+31,normal,1
J2155-5641,1.373654387,4.23e-15,2.439e+12,5.145e+06,6.443e+31,normal,1
J2156+2618,0.4981490725,1.42e-17,8.511e+10,5.558e+08,4.535e+30,normal,1
J2157+4017,1.525265634,3.43256e-15,2.315e+12,7.04e+06,3.819e+31,normal,1
J2205+1444,0.9380142281,9e-16,9.298e+11,1.651e+07,4.305e+31,normal,1
J2206+6151,0.3226735499,3.97e-16,3.622e+11,1.288e+07,4.665e+32,normal,1
J2208+5500,0.9331610748,6.9878e-15,2.584e+12,2.116e+06,3.395e+32,normal,1
J2212+2933,1.004592529,4.9517e-16,7.137e+11,3.214e+07,1.928e+31,normal,1
J2214+3000,0.003119226579,1.4e-20,2.115e+08,3.53e+09,1.821e+34,msp,1
J2215+1538,0.374195893,2.36723e-15,9.524e+11,2.505e+06,1.784e+33,normal,1
J2215+5135,0.002609619723,3.34e-20,2.988e+08,1.238e+09,7.419e+34,msp,1
J2216+5759,0.4191022646,6.9048e-14,5.444e+12,9.617e+04,3.703e+34,normal,1
J2217+5733,1.056844219,6.51e-16,8.394e+11,2.572e+07,2.177e+31,normal,1
J2219+4754,0.5384688219,2.76521e-15,1.235e+12,3.085e+06,6.992e+32,normal,1
J2222-0137,0.03281785905,5.865e-20,1.404e+09,8.866e+09,6.551e+31,normal,1
J2222+2923,0.2813991428,6.17e-18,4.217e+10,7.226e+08,1.093e+31,normal,1
J2225+6535,0.6825424974,9.6606e-15,2.598e+12,1.119e+06,1.199e+33,normal,1
J2229+2643,0.002977819295,1.46e-21,6.672e+07,3.232e+10,2.183e+33,msp,1
J2229+6114,0.05162357393,7.827e-14,2.034e+12,1.045e+04,2.246e+37,normal,1
J2229+6205,0.4430545606,2.25534e-15,1.012e+12,3.113e+06,1.024e+33,normal,1
J2234+2114,1.358745313,2.22e-16,5.558e+11,9.698e+07,3.494e+30,normal,1
J2235+1506,0.05976735798,1.576e-19,3.106e+09,6.009e+09,2.914e+31,normal,1
J2236-5527,0.006907549393,9.6e-21,2.606e+08,1.14e+10,1.15e+33,msp,1
J2238+5903,0.162733853,9.7034e-14,4.021e+12,2.657e+04,8.889e+35,normal,1
J2240+5832,0.1399345,1.5358e-14,1.483e+12,1.444e+05,2.213e+35,normal,1
J2241-5236,0.002186699772,6.64e-21,1.219e+08,5.218e+09,2.507e+34,msp,1
J2242+6950,1.664500786,4.82385e-15,2.867e+12,5.467e+06,4.13e+31,normal,1
J2243+1518,0.5967994645,1.125e-16,2.622e+11,8.405e+07,2.089e+31,normal,1
J2248-0101,0.4772331191,6.5935e-16,5.676e+11,1.147e+07,2.395e+32,normal,1
J2253+1516,0.7922359201,6.65e-17,2.323e+11,1.888e+08,5.28e+30,normal,1
J2257+5909,0.3682464543,5.75295e-15,1.473e+12,1.014e+06,4.548e+33,normal,1
J2301+5852,6.97907097,4.7123e-13,5.803e+13,2.347e+05,5.473e+31,magnetar,1
J2302+4442,0.005192324646,1.33e-20,2.659e+08,6.186e+09,3.751e+33,msp,1
J2302+6028,1.206404288,2.04e-15,1.587e+12,9.37e+06,4.587e+31,normal,1
J2305+3100,1.575886338,2.8925e-15,2.16e+12,8.632e+06,2.918e+31,normal,1
J2305+4707,1.066371072,5.6909e-16,7.883e+11,2.969e+07,1.853e+31,normal,1
J2307+2225,0.5358288954,8.7e-18,6.909e+10,9.758e+08,2.233e+30,normal,1
J2308+5547,0.4750676748,1.99491e-16,3.115e+11,3.773e+07,7.345e+31,normal,1
J2313+4253,0.3494336821,1.1237e-16,2.005e+11,4.927e+07,1.04e+32,normal,1
J2317+1439,0.003445251071,2.42e-21,9.24e+07,2.256e+10,2.336e+33,msp,1
J2317+2149,1.444653102,1.04705e-15,1.245e+12,2.186e+07,1.371e+31,normal,1
J2319+6411,0.2160182788,1.632e-16,1.9e+11,2.097e+07,6.392e+32,normal,1
J2321+6024,2.256488427,7.03689e-15,4.032e+12,5.081e+06,2.418e+31,normal,1
J2322+2057,0.00480842821,9.7e-21,2.185e+08,7.854e+09,3.444e+33,msp,1
J2324-6054,2.347486053,2.586e-15,2.493e+12,1.438e+07,7.892e+30,normal,1
J2325-0530,0.868735115,1.0287e-15,9.566e+11,1.338e+07,6.194e+31,normal,1
J2325+6316,1.436309536,2.82546e-15,2.039e+12,8.054e+06,3.764e+31,normal,1
J2326+6113,0.2336519695,3.52563e-16,2.904e+11,1.05e+07,1.091e+33,normal,1
J2330-2005,1.643622185,4.63038e-15,2.792e+12,5.624e+06,4.117e+31,normal,1
J2333+6145,0.7568993821,1.1761e-15,9.548e+11,1.02e+07,1.071e+32,normal,1
J2337+6151,0.495369868,1.9345e-13,9.906e+12,4.057e+04,6.283e+34,normal,1
J2339-0533,0.002884226742,1.4102e-20,2.041e+08,3.241e+09,2.32e+34,msp,1
J2346-0609,1.181463383,1.36305e-15,1.284e+12,1.373e+07,3.263e+31,normal,1
J2354+6155,0.9447838867,1.62628e-14,3.967e+12,9.205e+05,7.613e+32,normal,1
